/*
SQLyog Ultimate v10.00 Beta1
MySQL - 5.5.5-10.1.31-MariaDB : Database - newvista_db
*********************************************************************
*/

/*!40101 SET NAMES utf8 */;

/*!40101 SET SQL_MODE=''*/;

/*!40014 SET @OLD_UNIQUE_CHECKS=@@UNIQUE_CHECKS, UNIQUE_CHECKS=0 */;
/*!40014 SET @OLD_FOREIGN_KEY_CHECKS=@@FOREIGN_KEY_CHECKS, FOREIGN_KEY_CHECKS=0 */;
/*!40101 SET @OLD_SQL_MODE=@@SQL_MODE, SQL_MODE='NO_AUTO_VALUE_ON_ZERO' */;
/*!40111 SET @OLD_SQL_NOTES=@@SQL_NOTES, SQL_NOTES=0 */;
CREATE DATABASE /*!32312 IF NOT EXISTS*/`newvista_db` /*!40100 DEFAULT CHARACTER SET latin1 */;

USE `newvista_db`;

/*Table structure for table `academic_details` */

CREATE TABLE `academic_details` (
  `id` int(10) NOT NULL AUTO_INCREMENT,
  `student_id` int(10) DEFAULT NULL,
  `acdm_session_id` int(10) DEFAULT NULL COMMENT 'Table:academic_session_master',
  `class_id` int(10) DEFAULT NULL COMMENT 'Table:class_master',
  `school_id` int(10) DEFAULT NULL,
  `section_id` int(10) DEFAULT NULL COMMENT 'Table:section_master',
  `rollno` varchar(20) DEFAULT NULL,
  `created_on` timestamp NULL DEFAULT CURRENT_TIMESTAMP,
  `created_by` int(10) DEFAULT NULL,
  `last_modified` datetime DEFAULT NULL,
  PRIMARY KEY (`id`)
) ENGINE=InnoDB AUTO_INCREMENT=34 DEFAULT CHARSET=utf8;

/*Data for the table `academic_details` */

insert  into `academic_details`(`id`,`student_id`,`acdm_session_id`,`class_id`,`school_id`,`section_id`,`rollno`,`created_on`,`created_by`,`last_modified`) values (10,11,1,1,1,1,'1','2019-01-04 15:23:09',1,NULL),(29,31,1,8,1,1,'5','2019-01-29 11:59:12',1,NULL),(30,32,1,1,1,0,'','2019-01-29 17:24:27',1,NULL),(31,33,1,1,1,0,'','2019-01-30 13:31:50',1,NULL),(32,34,1,2,1,0,'','2019-02-01 12:02:12',1,NULL),(33,35,1,3,1,0,'','2019-02-18 13:54:02',1,NULL);

/*Table structure for table `academic_session_master` */

CREATE TABLE `academic_session_master` (
  `id` int(10) NOT NULL AUTO_INCREMENT,
  `start_yr` varchar(20) DEFAULT NULL,
  `end_yr` varchar(20) DEFAULT NULL,
  `is_active` tinyint(1) DEFAULT NULL,
  `fiscal_start_date` date DEFAULT NULL,
  `fiscal_end_date` date DEFAULT NULL,
  `created_on` timestamp NOT NULL DEFAULT CURRENT_TIMESTAMP,
  `created_by` int(10) DEFAULT NULL,
  `last_modified` datetime DEFAULT NULL,
  PRIMARY KEY (`id`)
) ENGINE=InnoDB AUTO_INCREMENT=3 DEFAULT CHARSET=utf8;

/*Data for the table `academic_session_master` */

insert  into `academic_session_master`(`id`,`start_yr`,`end_yr`,`is_active`,`fiscal_start_date`,`fiscal_end_date`,`created_on`,`created_by`,`last_modified`) values (1,'2019','2020',1,'2018-04-01','2019-03-31','2018-12-28 14:15:40',1,NULL),(2,'2020','2021',0,NULL,NULL,'2019-02-01 19:46:13',1,NULL);

/*Table structure for table `account_master` */

CREATE TABLE `account_master` (
  `account_id` int(10) NOT NULL AUTO_INCREMENT,
  `account_name` varchar(255) DEFAULT NULL,
  `group_id` int(10) DEFAULT NULL,
  `bank_ifsc` varchar(100) DEFAULT NULL,
  `bank_ac_no` varchar(100) DEFAULT NULL,
  `bank_address` varchar(255) DEFAULT NULL,
  `bank_branch` varchar(100) DEFAULT NULL,
  `school_id` int(10) DEFAULT NULL,
  `created_on` timestamp NOT NULL DEFAULT CURRENT_TIMESTAMP,
  `is_special` enum('Y','N') DEFAULT NULL,
  `is_active` enum('Y','N') DEFAULT NULL,
  `from_where` enum('S','O') DEFAULT NULL COMMENT 'S-self,O-other',
  `created_by` int(10) DEFAULT NULL,
  `last_modified` datetime DEFAULT NULL,
  PRIMARY KEY (`account_id`)
) ENGINE=InnoDB AUTO_INCREMENT=48 DEFAULT CHARSET=utf8;

/*Data for the table `account_master` */

insert  into `account_master`(`account_id`,`account_name`,`group_id`,`bank_ifsc`,`bank_ac_no`,`bank_address`,`bank_branch`,`school_id`,`created_on`,`is_special`,`is_active`,`from_where`,`created_by`,`last_modified`) values (1,'Cash in Hand      ',33,NULL,NULL,NULL,NULL,1,'2019-01-07 18:46:02','N','Y','S',1,NULL),(12,'Shankha Ghosh',31,NULL,NULL,NULL,NULL,1,'2019-02-16 15:06:44','N','Y','O',1,NULL),(25,'Sandipan Sarkar',31,NULL,NULL,NULL,NULL,1,'2019-01-30 11:27:27','Y','Y','O',1,NULL),(26,'sandy',32,NULL,NULL,NULL,NULL,1,'2019-01-30 11:41:33','N','Y','O',1,NULL),(27,'Ram',34,NULL,NULL,NULL,NULL,1,'2019-01-30 11:43:46','N','Y','O',1,NULL),(28,'Sarkar',31,NULL,NULL,NULL,NULL,1,'2019-01-30 12:03:59','N','Y','O',1,NULL),(29,'student',31,NULL,NULL,NULL,NULL,1,'2019-01-30 13:31:50','Y','Y','O',1,NULL),(30,'Self Ac.',34,NULL,NULL,NULL,NULL,1,'2019-01-30 13:36:29','N','Y','S',1,NULL),(31,'Test Vendor',31,NULL,NULL,NULL,NULL,1,'2019-01-30 13:38:13','N','Y','O',1,NULL),(32,'Student',31,NULL,NULL,NULL,NULL,1,'2019-02-01 12:02:12','Y','Y','O',1,NULL),(33,'aaaaaaa',33,NULL,NULL,NULL,NULL,1,'2019-02-06 12:24:00','N','Y','O',1,NULL),(34,'Sandipans',31,NULL,NULL,NULL,NULL,1,'2019-02-06 12:28:38','N','Y','O',1,NULL),(38,'Test Account',44,'TEST000','TESTAC0001','xyzzzzzzz','garia',1,'2019-02-13 17:51:08','N','Y','O',1,NULL),(39,'TUTION FEES',36,NULL,NULL,NULL,NULL,1,'2019-02-16 16:30:14','N','Y','S',1,NULL),(40,'MONTHLY CHARGES',36,NULL,NULL,NULL,NULL,1,'2019-02-16 16:30:58','N','Y','S',1,NULL),(41,'COMPUTER',36,NULL,NULL,NULL,NULL,1,'2019-02-16 16:31:14','N','Y','S',1,NULL),(42,'INC ON MUSIC',36,NULL,NULL,NULL,NULL,1,'2019-02-16 16:31:49','N','Y','S',1,NULL),(43,'Bandhan Bank',34,NULL,NULL,NULL,NULL,1,'2019-02-16 16:34:19','N','Y','S',1,NULL),(44,'Book Shop',35,NULL,NULL,NULL,NULL,1,'2019-02-18 12:37:01','N','Y','S',1,NULL),(45,'sandip',31,NULL,NULL,NULL,NULL,1,'2019-02-18 13:54:02','Y','Y','O',1,NULL),(47,'vendor sandy',32,'1a5sd54asd','1234','garia','garia',1,'2019-02-27 13:51:31','N','Y','O',1,NULL);

/*Table structure for table `account_opening_master` */

CREATE TABLE `account_opening_master` (
  `id` int(10) NOT NULL AUTO_INCREMENT,
  `account_master_id` int(10) DEFAULT NULL,
  `opening_balance` decimal(10,2) DEFAULT NULL,
  `acdm_session_id` int(10) DEFAULT NULL,
  `accnt_year_id` int(11) DEFAULT NULL,
  `created_on` timestamp NOT NULL DEFAULT CURRENT_TIMESTAMP,
  `created_by` int(10) DEFAULT NULL,
  `last_modified` datetime DEFAULT NULL,
  PRIMARY KEY (`id`)
) ENGINE=InnoDB AUTO_INCREMENT=52 DEFAULT CHARSET=utf8;

/*Data for the table `account_opening_master` */

insert  into `account_opening_master`(`id`,`account_master_id`,`opening_balance`,`acdm_session_id`,`accnt_year_id`,`created_on`,`created_by`,`last_modified`) values (22,25,'1000.00',1,1,'2019-01-30 11:40:53',1,NULL),(24,26,'100.00',1,1,'2019-01-30 11:42:26',1,NULL),(27,28,'0.00',1,1,'2019-01-30 12:07:06',1,NULL),(29,27,'10.00',1,1,'2019-01-30 13:33:02',1,NULL),(30,30,'0.00',1,1,'2019-01-30 13:36:29',1,NULL),(35,31,'10000.00',1,1,'2019-01-30 14:11:55',1,NULL),(36,1,'5000.00',1,1,'2019-01-30 14:12:22',1,NULL),(37,35,'10.00',1,1,'2019-02-13 17:17:03',1,NULL),(38,36,'0.00',1,1,'2019-02-13 17:40:22',1,NULL),(39,37,'0.00',1,1,'2019-02-13 17:41:35',1,NULL),(44,38,'10.00',1,1,'2019-02-13 18:11:06',1,NULL),(45,39,'0.00',1,1,'2019-02-16 16:30:15',1,NULL),(46,40,'0.00',1,1,'2019-02-16 16:30:58',1,NULL),(47,41,'0.00',1,1,'2019-02-16 16:31:14',1,NULL),(48,42,'0.00',1,1,'2019-02-16 16:31:49',1,NULL),(50,44,'0.00',1,1,'2019-02-18 12:37:01',1,NULL),(51,43,'5000.00',1,1,'2019-02-22 19:07:44',1,NULL);

/*Table structure for table `accounting_year_master` */

CREATE TABLE `accounting_year_master` (
  `id` int(11) NOT NULL AUTO_INCREMENT,
  `start_date` date DEFAULT NULL,
  `end_date` date DEFAULT NULL,
  `start_yr` year(4) DEFAULT NULL,
  `end_yr` year(4) DEFAULT NULL,
  `period` varchar(100) DEFAULT NULL,
  `is_active` enum('Y','N') DEFAULT NULL,
  `create_date` timestamp NOT NULL DEFAULT CURRENT_TIMESTAMP ON UPDATE CURRENT_TIMESTAMP,
  PRIMARY KEY (`id`)
) ENGINE=InnoDB AUTO_INCREMENT=2 DEFAULT CHARSET=latin1;

/*Data for the table `accounting_year_master` */

insert  into `accounting_year_master`(`id`,`start_date`,`end_date`,`start_yr`,`end_yr`,`period`,`is_active`,`create_date`) values (1,'2018-04-01','2019-03-31',2018,2019,'(2018-2019)','Y','2019-03-08 13:18:49');

/*Table structure for table `activity_log` */

CREATE TABLE `activity_log` (
  `id` int(10) NOT NULL AUTO_INCREMENT,
  `activity_date` timestamp NOT NULL DEFAULT CURRENT_TIMESTAMP ON UPDATE CURRENT_TIMESTAMP,
  `activity_module` varchar(255) DEFAULT NULL,
  `module_master_id` int(20) DEFAULT NULL,
  `action` varchar(255) DEFAULT NULL,
  `from_method` varchar(100) DEFAULT NULL,
  `user_id` int(10) DEFAULT NULL,
  `ip_address` varchar(255) DEFAULT NULL,
  `user_browser` varchar(255) DEFAULT NULL,
  `user_platform` varchar(255) DEFAULT NULL,
  PRIMARY KEY (`id`)
) ENGINE=InnoDB AUTO_INCREMENT=926 DEFAULT CHARSET=utf8;

/*Data for the table `activity_log` */

insert  into `activity_log`(`id`,`activity_date`,`activity_module`,`module_master_id`,`action`,`from_method`,`user_id`,`ip_address`,`user_browser`,`user_platform`) values (1,'2018-12-26 21:33:57','ClassList',NULL,'Insert','ClassList/class_action',1,'::1','Firefox','Windows 10'),(2,'2018-12-26 21:38:05','Classlist',NULL,'Update','classlist/class_action',1,'::1','Firefox','Windows 10'),(3,'2018-12-26 21:38:15','Classlist',NULL,'Update','classlist/class_action',1,'::1','Firefox','Windows 10'),(4,'2018-12-26 22:18:02','section',NULL,'Insert','section/section_action',1,'::1','Firefox','Windows 10'),(5,'2018-12-26 22:18:12','section',NULL,'Update','section/section_action',1,'::1','Firefox','Windows 10'),(6,'2018-12-26 22:18:23','section',NULL,'Update','section/section_action',1,'::1','Firefox','Windows 10'),(7,'2018-12-26 22:18:53','section',NULL,'Update','section/section_action',1,'::1','Firefox','Windows 10'),(8,'2018-12-26 22:19:42','section',NULL,'Insert','section/section_action',1,'::1','Firefox','Windows 10'),(9,'2018-12-26 22:43:34','occupation',NULL,'Insert','occupation/occupation_action',1,'::1','Firefox','Windows 10'),(10,'2018-12-26 22:44:04','occupation',NULL,'Update','occupation/occupation_action',1,'::1','Firefox','Windows 10'),(11,'2018-12-26 23:03:20','religion',NULL,'Insert','religion/religion_action',1,'::1','Firefox','Windows 10'),(12,'2018-12-26 23:04:19','religion',NULL,'Update','religion/religion_action',1,'::1','Firefox','Windows 10'),(13,'2018-12-26 23:04:29','religion',NULL,'Update','religion/religion_action',1,'::1','Firefox','Windows 10'),(14,'2018-12-26 23:04:35','religion',NULL,'Insert','religion/religion_action',1,'::1','Firefox','Windows 10'),(15,'2018-12-26 23:59:05','caste',NULL,'Insert','caste/caste_action',1,'::1','Firefox','Windows 10'),(16,'2018-12-26 23:59:19','caste',NULL,'Insert','caste/caste_action',1,'::1','Firefox','Windows 10'),(17,'2018-12-26 23:59:48','caste',NULL,'Insert','caste/caste_action',1,'::1','Firefox','Windows 10'),(18,'2018-12-27 00:00:34','caste',NULL,'Insert','caste/caste_action',1,'::1','Firefox','Windows 10'),(19,'2018-12-27 00:04:04','caste',NULL,'Update','caste/caste_action',1,'::1','Firefox','Windows 10'),(20,'2018-12-27 00:30:10','Relationship',NULL,'Update','Relationship/relation_action',1,'::1','Firefox','Windows 10'),(21,'2018-12-27 00:30:17','Relationship',NULL,'Update','Relationship/relation_action',1,'::1','Firefox','Windows 10'),(22,'2018-12-27 00:30:26','Relationship',NULL,'Insert','Relationship/relation_action',1,'::1','Firefox','Windows 10'),(23,'2018-12-27 00:38:45','occupation',NULL,'Update','occupation/occupation_action',1,'::1','Firefox','Windows 10'),(24,'2018-12-27 00:39:20','caste',NULL,'Insert','caste/caste_action',1,'::1','Firefox','Windows 10'),(25,'2018-12-27 00:39:28','caste',NULL,'Insert','caste/caste_action',1,'::1','Firefox','Windows 10'),(26,'2018-12-27 00:42:27','caste',NULL,'Insert','caste/caste_action',1,'::1','Firefox','Windows 10'),(27,'2018-12-28 00:00:00','Registration',NULL,'Insert','student/saveStudent',1,'::1','Firefox','Windows 10'),(28,'2018-12-28 00:00:00','Registration',NULL,'Insert','student/saveStudent',1,'::1','Firefox','Windows 10'),(29,'2018-12-28 00:00:00','Registration',NULL,'Insert','student/saveStudent',1,'::1','Firefox','Windows 10'),(30,'2018-12-28 00:00:00','Registration',NULL,'Insert','student/saveStudent',1,'::1','Firefox','Windows 10'),(31,'2018-12-29 11:38:29','Classlist',NULL,'Update','classlist/class_action',1,'::1','Firefox','Windows 10'),(32,'2018-12-29 00:00:00','Registration',NULL,'Insert','student/saveStudent',1,'::1','Firefox','Windows 10'),(33,'2018-12-29 00:00:00','Registration',NULL,'Insert','student/saveStudent',1,'::1','Firefox','Windows 10'),(34,'2018-12-29 00:00:00','Registration',NULL,'Insert','student/saveStudent',1,'::1','Firefox','Windows 10'),(35,'2018-12-29 00:00:00','Registration',NULL,'Insert','student/saveStudent',1,'::1','Firefox','Windows 10'),(36,'2019-01-04 00:00:00','Registration',NULL,'Insert','student/saveStudent',1,'127.0.0.1','Firefox','Windows 7'),(37,'2019-01-04 00:00:00','Registration',NULL,'Insert','student/saveStudent',1,'127.0.0.1','Firefox','Windows 7'),(38,'2019-01-04 00:00:00','Registration',NULL,'Insert','student/saveStudent',1,'127.0.0.1','Firefox','Windows 7'),(39,'2019-01-04 00:00:00','Registration',NULL,'Update','student/saveStudent',1,'127.0.0.1','Firefox','Windows 7'),(40,'2019-01-04 00:00:00','Registration',NULL,'Update','student/saveStudent',1,'127.0.0.1','Firefox','Windows 7'),(41,'2019-01-04 00:00:00','Registration',NULL,'Update','student/saveStudent',1,'127.0.0.1','Firefox','Windows 7'),(42,'2019-01-04 00:00:00','Registration',NULL,'Update','student/saveStudent',1,'127.0.0.1','Firefox','Windows 7'),(43,'2019-01-04 00:00:00','Registration',NULL,'Update','student/saveStudent',1,'127.0.0.1','Firefox','Windows 7'),(44,'2019-01-04 00:00:00','Registration',NULL,'Update','student/saveStudent',1,'127.0.0.1','Firefox','Windows 7'),(45,'2019-01-04 00:00:00','Registration',NULL,'Insert','student/saveStudent',1,'127.0.0.1','Firefox','Windows 7'),(46,'2019-01-04 00:00:00','Registration',NULL,'Update','student/saveStudent',1,'127.0.0.1','Firefox','Windows 7'),(47,'2019-01-04 00:00:00','Registration',NULL,'Update','student/saveStudent',1,'127.0.0.1','Firefox','Windows 7'),(48,'2019-01-04 00:00:00','Registration',NULL,'Update','student/saveStudent',1,'127.0.0.1','Firefox','Windows 7'),(49,'2019-01-07 14:35:10','feescomponent',NULL,'Insert','feescomponent/feesComponent_action',1,'127.0.0.1','Firefox','Windows 7'),(50,'2019-01-07 14:37:38','feescomponent',NULL,'Update','feescomponent/feesComponent_action',1,'127.0.0.1','Firefox','Windows 7'),(51,'2019-01-07 14:37:44','feescomponent',NULL,'Update','feescomponent/feesComponent_action',1,'127.0.0.1','Firefox','Windows 7'),(52,'2019-01-07 14:37:50','feescomponent',NULL,'Update','feescomponent/feesComponent_action',1,'127.0.0.1','Firefox','Windows 7'),(53,'2019-01-07 14:38:32','Classlist',NULL,'Update','classlist/class_action',1,'127.0.0.1','Firefox','Windows 7'),(54,'2019-01-07 14:38:43','Classlist',NULL,'Update','classlist/class_action',1,'127.0.0.1','Firefox','Windows 7'),(55,'2019-01-07 14:38:52','ClassList',NULL,'Insert','ClassList/class_action',1,'127.0.0.1','Firefox','Windows 7'),(56,'2019-01-07 14:39:01','ClassList',NULL,'Insert','ClassList/class_action',1,'127.0.0.1','Firefox','Windows 7'),(57,'2019-01-07 14:39:57','ClassList',NULL,'Insert','ClassList/class_action',1,'127.0.0.1','Firefox','Windows 7'),(58,'2019-01-07 14:40:09','ClassList',NULL,'Insert','ClassList/class_action',1,'127.0.0.1','Firefox','Windows 7'),(59,'2019-01-07 14:40:18','ClassList',NULL,'Insert','ClassList/class_action',1,'127.0.0.1','Firefox','Windows 7'),(60,'2019-01-07 14:40:29','ClassList',NULL,'Insert','ClassList/class_action',1,'127.0.0.1','Firefox','Windows 7'),(61,'2019-01-07 16:17:05','feesstructure',NULL,'Insert','feesstructure/feesStructure_action',1,'127.0.0.1','Firefox','Windows 7'),(62,'2019-01-07 16:19:32','feesstructure',NULL,'Insert','feesstructure/feesStructure_action',1,'127.0.0.1','Firefox','Windows 7'),(63,'2019-01-07 16:20:27','feesstructure',NULL,'Insert','feesstructure/feesStructure_action',1,'127.0.0.1','Firefox','Windows 7'),(64,'2019-01-07 16:21:17','feesstructure',NULL,'Insert','feesstructure/feesStructure_action',1,'127.0.0.1','Firefox','Windows 7'),(65,'2019-01-07 16:23:53','feesstructure',NULL,'Update','feesstructure/feesStructure_action',1,'127.0.0.1','Firefox','Windows 7'),(66,'2019-01-07 16:58:58','feescomponent',NULL,'Insert','feescomponent/feesComponent_action',1,'127.0.0.1','Firefox','Windows 7'),(67,'2019-01-07 18:18:44','feesstructure',NULL,'Insert','feesstructure/feesStructure_action',1,'127.0.0.1','Firefox','Windows 7'),(68,'2019-01-07 18:40:46','feescomponent',NULL,'Update','feescomponent/feesComponent_action',1,'127.0.0.1','Firefox','Windows 7'),(69,'2019-01-07 18:59:55','feescomponent',NULL,'Update','feescomponent/feesComponent_action',1,'127.0.0.1','Firefox','Windows 7'),(70,'2019-01-07 00:00:00','Registration',NULL,'Update','student/saveStudent',1,'127.0.0.1','Firefox','Windows 7'),(71,'2019-01-07 00:00:00','Registration',NULL,'Update','student/saveStudent',1,'127.0.0.1','Firefox','Windows 7'),(72,'2019-01-07 00:00:00','Registration',NULL,'Update','student/saveStudent',1,'127.0.0.1','Firefox','Windows 7'),(73,'2019-01-07 00:00:00','Registration',NULL,'Update','student/saveStudent',1,'127.0.0.1','Firefox','Windows 7'),(74,'2019-01-07 00:00:00','Registration',NULL,'Update','student/saveStudent',1,'127.0.0.1','Firefox','Windows 7'),(75,'2019-01-07 00:00:00','Registration',NULL,'Update','student/saveStudent',1,'127.0.0.1','Firefox','Windows 7'),(76,'2019-01-07 00:00:00','Registration',NULL,'Update','student/saveStudent',1,'127.0.0.1','Firefox','Windows 7'),(77,'2019-01-07 00:00:00','Registration',NULL,'Insert','student/saveStudent',1,'127.0.0.1','Firefox','Windows 7'),(78,'2019-01-07 00:00:00','Registration',NULL,'Update','student/saveStudent',1,'127.0.0.1','Firefox','Windows 7'),(79,'2019-01-07 00:00:00','Registration',NULL,'Update','student/saveStudent',1,'127.0.0.1','Firefox','Windows 7'),(80,'2019-01-08 13:21:49','feescomponent',NULL,'Update','feescomponent/feesComponent_action',1,'127.0.0.1','Firefox','Windows 7'),(81,'2019-01-08 13:22:07','feescomponent',NULL,'Insert','feescomponent/feesComponent_action',1,'127.0.0.1','Firefox','Windows 7'),(82,'2019-01-08 13:31:16','feescomponent',NULL,'Update','feescomponent/feesComponent_action',1,'127.0.0.1','Firefox','Windows 7'),(83,'2019-01-08 13:31:50','feescomponent',NULL,'Update','feescomponent/feesComponent_action',1,'127.0.0.1','Firefox','Windows 7'),(84,'2019-01-08 13:34:54','feescomponent',NULL,'Update','feescomponent/feesComponent_action',1,'127.0.0.1','Firefox','Windows 7'),(85,'2019-01-08 13:35:01','feescomponent',NULL,'Update','feescomponent/feesComponent_action',1,'127.0.0.1','Firefox','Windows 7'),(86,'2019-01-08 14:24:23','feescomponent',NULL,'Update','feescomponent/feesComponent_action',1,'127.0.0.1','Firefox','Windows 7'),(87,'2019-01-08 14:24:42','feescomponent',NULL,'Insert','feescomponent/feesComponent_action',1,'127.0.0.1','Firefox','Windows 7'),(88,'2019-01-08 14:24:58','feescomponent',NULL,'Insert','feescomponent/feesComponent_action',1,'127.0.0.1','Firefox','Windows 7'),(89,'2019-01-08 14:25:23','feescomponent',NULL,'Update','feescomponent/feesComponent_action',1,'127.0.0.1','Firefox','Windows 7'),(90,'2019-01-08 14:25:29','feescomponent',NULL,'Insert','feescomponent/feesComponent_action',1,'127.0.0.1','Firefox','Windows 7'),(91,'2019-01-08 14:25:46','feescomponent',NULL,'Insert','feescomponent/feesComponent_action',1,'127.0.0.1','Firefox','Windows 7'),(92,'2019-01-08 14:26:55','feescomponent',NULL,'Update','feescomponent/feesComponent_action',1,'127.0.0.1','Firefox','Windows 7'),(93,'2019-01-08 14:27:10','feescomponent',NULL,'Insert','feescomponent/feesComponent_action',1,'127.0.0.1','Firefox','Windows 7'),(94,'2019-01-08 14:29:01','feesstructure',NULL,'Update','feesstructure/feesStructure_action',1,'127.0.0.1','Firefox','Windows 7'),(95,'2019-01-08 14:29:21','feesstructure',NULL,'Insert','feesstructure/feesStructure_action',1,'127.0.0.1','Firefox','Windows 7'),(96,'2019-01-08 14:29:37','feesstructure',NULL,'Insert','feesstructure/feesStructure_action',1,'127.0.0.1','Firefox','Windows 7'),(97,'2019-01-08 14:31:15','feesstructure',NULL,'Insert','feesstructure/feesStructure_action',1,'127.0.0.1','Firefox','Windows 7'),(98,'2019-01-08 18:46:39','feescomponent',NULL,'Update','feescomponent/feesComponent_action',1,'127.0.0.1','Firefox','Windows 7'),(99,'2019-01-08 18:47:34','feescomponent',NULL,'Update','feescomponent/feesComponent_action',1,'127.0.0.1','Firefox','Windows 7'),(100,'2019-01-08 18:48:35','feescomponent',NULL,'Update','feescomponent/feesComponent_action',1,'127.0.0.1','Firefox','Windows 7'),(101,'2019-01-08 18:49:56','feescomponent',NULL,'Update','feescomponent/feesComponent_action',1,'127.0.0.1','Firefox','Windows 7'),(102,'2019-01-08 18:49:56','feescomponent',NULL,'Insert','feescomponent/feesComponent_action',1,'127.0.0.1','Firefox','Windows 7'),(103,'2019-01-08 18:49:56','feescomponent',NULL,'Insert','feescomponent/feesComponent_action',1,'127.0.0.1','Firefox','Windows 7'),(104,'2019-01-08 19:12:50','feescomponent',NULL,'Update','feescomponent/feesComponent_action',1,'127.0.0.1','Firefox','Windows 7'),(105,'2019-01-08 19:12:51','feescomponent',NULL,'Insert','feescomponent/feesComponent_action',1,'127.0.0.1','Firefox','Windows 7'),(106,'2019-01-08 19:12:51','feescomponent',NULL,'Insert','feescomponent/feesComponent_action',1,'127.0.0.1','Firefox','Windows 7'),(107,'2019-01-08 19:12:51','feescomponent',NULL,'Insert','feescomponent/feesComponent_action',1,'127.0.0.1','Firefox','Windows 7'),(108,'2019-01-08 19:29:41','feescomponent',NULL,'Update','feescomponent/feesComponent_action',1,'127.0.0.1','Firefox','Windows 7'),(109,'2019-01-08 19:29:41','feescomponent',NULL,'Insert','feescomponent/feesComponent_action',1,'127.0.0.1','Firefox','Windows 7'),(110,'2019-01-08 19:29:42','feescomponent',NULL,'Insert','feescomponent/feesComponent_action',1,'127.0.0.1','Firefox','Windows 7'),(111,'2019-01-08 19:29:42','feescomponent',NULL,'Insert','feescomponent/feesComponent_action',1,'127.0.0.1','Firefox','Windows 7'),(112,'2019-01-08 19:29:42','feescomponent',NULL,'Insert','feescomponent/feesComponent_action',1,'127.0.0.1','Firefox','Windows 7'),(113,'2019-01-08 19:29:42','feescomponent',NULL,'Insert','feescomponent/feesComponent_action',1,'127.0.0.1','Firefox','Windows 7'),(114,'2019-01-08 19:29:42','feescomponent',NULL,'Insert','feescomponent/feesComponent_action',1,'127.0.0.1','Firefox','Windows 7'),(115,'2019-01-08 19:29:42','feescomponent',NULL,'Insert','feescomponent/feesComponent_action',1,'127.0.0.1','Firefox','Windows 7'),(116,'2019-01-08 19:29:43','feescomponent',NULL,'Insert','feescomponent/feesComponent_action',1,'127.0.0.1','Firefox','Windows 7'),(117,'2019-01-08 19:29:43','feescomponent',NULL,'Insert','feescomponent/feesComponent_action',1,'127.0.0.1','Firefox','Windows 7'),(118,'2019-01-08 19:29:43','feescomponent',NULL,'Insert','feescomponent/feesComponent_action',1,'127.0.0.1','Firefox','Windows 7'),(119,'2019-01-08 19:29:43','feescomponent',NULL,'Insert','feescomponent/feesComponent_action',1,'127.0.0.1','Firefox','Windows 7'),(120,'2019-01-08 19:29:43','feescomponent',NULL,'Insert','feescomponent/feesComponent_action',1,'127.0.0.1','Firefox','Windows 7'),(121,'2019-01-09 00:00:00','Registration',NULL,'Insert','student/saveStudent',1,'127.0.0.1','Firefox','Windows 7'),(122,'2019-01-09 13:28:09','feescomponent',NULL,'Update','feescomponent/feesComponent_action',1,'127.0.0.1','Firefox','Windows 7'),(123,'2019-01-09 13:28:09','feescomponent',NULL,'Insert','feescomponent/feesComponent_action',1,'127.0.0.1','Firefox','Windows 7'),(124,'2019-01-09 13:28:09','feescomponent',NULL,'Insert','feescomponent/feesComponent_action',1,'127.0.0.1','Firefox','Windows 7'),(125,'2019-01-09 13:28:09','feescomponent',NULL,'Insert','feescomponent/feesComponent_action',1,'127.0.0.1','Firefox','Windows 7'),(126,'2019-01-09 13:28:09','feescomponent',NULL,'Insert','feescomponent/feesComponent_action',1,'127.0.0.1','Firefox','Windows 7'),(127,'2019-01-09 13:28:09','feescomponent',NULL,'Insert','feescomponent/feesComponent_action',1,'127.0.0.1','Firefox','Windows 7'),(128,'2019-01-09 13:28:09','feescomponent',NULL,'Insert','feescomponent/feesComponent_action',1,'127.0.0.1','Firefox','Windows 7'),(129,'2019-01-09 13:28:10','feescomponent',NULL,'Insert','feescomponent/feesComponent_action',1,'127.0.0.1','Firefox','Windows 7'),(130,'2019-01-09 13:28:10','feescomponent',NULL,'Insert','feescomponent/feesComponent_action',1,'127.0.0.1','Firefox','Windows 7'),(131,'2019-01-09 13:28:10','feescomponent',NULL,'Insert','feescomponent/feesComponent_action',1,'127.0.0.1','Firefox','Windows 7'),(132,'2019-01-09 13:28:10','feescomponent',NULL,'Insert','feescomponent/feesComponent_action',1,'127.0.0.1','Firefox','Windows 7'),(133,'2019-01-09 13:28:10','feescomponent',NULL,'Insert','feescomponent/feesComponent_action',1,'127.0.0.1','Firefox','Windows 7'),(134,'2019-01-09 13:28:10','feescomponent',NULL,'Insert','feescomponent/feesComponent_action',1,'127.0.0.1','Firefox','Windows 7'),(135,'2019-01-09 13:28:30','feescomponent',NULL,'Update','feescomponent/feesComponent_action',1,'127.0.0.1','Firefox','Windows 7'),(136,'2019-01-09 13:28:31','feescomponent',NULL,'Insert','feescomponent/feesComponent_action',1,'127.0.0.1','Firefox','Windows 7'),(137,'2019-01-09 13:28:31','feescomponent',NULL,'Insert','feescomponent/feesComponent_action',1,'127.0.0.1','Firefox','Windows 7'),(138,'2019-01-09 13:28:31','feescomponent',NULL,'Insert','feescomponent/feesComponent_action',1,'127.0.0.1','Firefox','Windows 7'),(139,'2019-01-09 13:28:31','feescomponent',NULL,'Insert','feescomponent/feesComponent_action',1,'127.0.0.1','Firefox','Windows 7'),(140,'2019-01-09 13:28:31','feescomponent',NULL,'Insert','feescomponent/feesComponent_action',1,'127.0.0.1','Firefox','Windows 7'),(141,'2019-01-09 13:28:31','feescomponent',NULL,'Insert','feescomponent/feesComponent_action',1,'127.0.0.1','Firefox','Windows 7'),(142,'2019-01-09 13:28:31','feescomponent',NULL,'Insert','feescomponent/feesComponent_action',1,'127.0.0.1','Firefox','Windows 7'),(143,'2019-01-09 13:28:31','feescomponent',NULL,'Insert','feescomponent/feesComponent_action',1,'127.0.0.1','Firefox','Windows 7'),(144,'2019-01-09 13:28:31','feescomponent',NULL,'Insert','feescomponent/feesComponent_action',1,'127.0.0.1','Firefox','Windows 7'),(145,'2019-01-09 13:28:31','feescomponent',NULL,'Insert','feescomponent/feesComponent_action',1,'127.0.0.1','Firefox','Windows 7'),(146,'2019-01-09 13:28:31','feescomponent',NULL,'Insert','feescomponent/feesComponent_action',1,'127.0.0.1','Firefox','Windows 7'),(147,'2019-01-09 13:28:31','feescomponent',NULL,'Insert','feescomponent/feesComponent_action',1,'127.0.0.1','Firefox','Windows 7'),(148,'2019-01-09 13:29:22','feescomponent',NULL,'Update','feescomponent/feesComponent_action',1,'127.0.0.1','Firefox','Windows 7'),(149,'2019-01-09 13:29:22','feescomponent',NULL,'Insert','feescomponent/feesComponent_action',1,'127.0.0.1','Firefox','Windows 7'),(150,'2019-01-09 13:29:22','feescomponent',NULL,'Insert','feescomponent/feesComponent_action',1,'127.0.0.1','Firefox','Windows 7'),(151,'2019-01-09 13:29:22','feescomponent',NULL,'Insert','feescomponent/feesComponent_action',1,'127.0.0.1','Firefox','Windows 7'),(152,'2019-01-09 13:29:22','feescomponent',NULL,'Insert','feescomponent/feesComponent_action',1,'127.0.0.1','Firefox','Windows 7'),(153,'2019-01-09 13:29:23','feescomponent',NULL,'Insert','feescomponent/feesComponent_action',1,'127.0.0.1','Firefox','Windows 7'),(154,'2019-01-09 13:29:23','feescomponent',NULL,'Insert','feescomponent/feesComponent_action',1,'127.0.0.1','Firefox','Windows 7'),(155,'2019-01-09 13:29:23','feescomponent',NULL,'Insert','feescomponent/feesComponent_action',1,'127.0.0.1','Firefox','Windows 7'),(156,'2019-01-09 13:29:23','feescomponent',NULL,'Insert','feescomponent/feesComponent_action',1,'127.0.0.1','Firefox','Windows 7'),(157,'2019-01-09 13:29:23','feescomponent',NULL,'Insert','feescomponent/feesComponent_action',1,'127.0.0.1','Firefox','Windows 7'),(158,'2019-01-09 13:29:23','feescomponent',NULL,'Insert','feescomponent/feesComponent_action',1,'127.0.0.1','Firefox','Windows 7'),(159,'2019-01-09 13:29:23','feescomponent',NULL,'Insert','feescomponent/feesComponent_action',1,'127.0.0.1','Firefox','Windows 7'),(160,'2019-01-09 13:29:23','feescomponent',NULL,'Insert','feescomponent/feesComponent_action',1,'127.0.0.1','Firefox','Windows 7'),(161,'2019-01-09 13:29:47','feescomponent',NULL,'Update','feescomponent/feesComponent_action',1,'127.0.0.1','Firefox','Windows 7'),(162,'2019-01-09 13:29:47','feescomponent',NULL,'Insert','feescomponent/feesComponent_action',1,'127.0.0.1','Firefox','Windows 7'),(163,'2019-01-09 15:16:02','feescomponent',NULL,'Update','feescomponent/feesComponent_action',1,'127.0.0.1','Firefox','Windows 7'),(164,'2019-01-09 15:16:02','feescomponent',NULL,'Insert','feescomponent/feesComponent_action',1,'127.0.0.1','Firefox','Windows 7'),(165,'2019-01-09 15:16:02','feescomponent',NULL,'Insert','feescomponent/feesComponent_action',1,'127.0.0.1','Firefox','Windows 7'),(166,'2019-01-09 15:16:13','feescomponent',NULL,'Update','feescomponent/feesComponent_action',1,'127.0.0.1','Firefox','Windows 7'),(167,'2019-01-09 15:16:14','feescomponent',NULL,'Insert','feescomponent/feesComponent_action',1,'127.0.0.1','Firefox','Windows 7'),(168,'2019-01-09 18:54:23','caste',NULL,'Insert','caste/caste_action',1,'127.0.0.1','Firefox','Windows 7'),(169,'2019-01-09 18:54:23','caste',NULL,'Insert','caste/caste_action',1,'127.0.0.1','Firefox','Windows 7'),(170,'2019-01-09 18:54:23','caste',NULL,'Insert','caste/caste_action',1,'127.0.0.1','Firefox','Windows 7'),(171,'2019-01-09 18:54:24','caste',NULL,'Insert','caste/caste_action',1,'127.0.0.1','Firefox','Windows 7'),(172,'2019-01-09 18:57:00','caste',NULL,'Insert','caste/caste_action',1,'127.0.0.1','Firefox','Windows 7'),(173,'2019-01-09 18:57:00','caste',NULL,'Insert','caste/caste_action',1,'127.0.0.1','Firefox','Windows 7'),(174,'2019-01-09 18:57:00','caste',NULL,'Insert','caste/caste_action',1,'127.0.0.1','Firefox','Windows 7'),(175,'2019-01-09 18:57:00','caste',NULL,'Insert','caste/caste_action',1,'127.0.0.1','Firefox','Windows 7'),(176,'2019-01-09 19:00:40','caste',NULL,'Insert','caste/caste_action',1,'127.0.0.1','Firefox','Windows 7'),(177,'2019-01-09 19:00:40','caste',NULL,'Insert','caste/caste_action',1,'127.0.0.1','Firefox','Windows 7'),(178,'2019-01-09 19:00:40','caste',NULL,'Insert','caste/caste_action',1,'127.0.0.1','Firefox','Windows 7'),(179,'2019-01-09 19:00:40','caste',NULL,'Insert','caste/caste_action',1,'127.0.0.1','Firefox','Windows 7'),(180,'2019-01-09 19:00:56','caste',NULL,'Insert','caste/caste_action',1,'127.0.0.1','Firefox','Windows 7'),(181,'2019-01-09 19:00:56','caste',NULL,'Insert','caste/caste_action',1,'127.0.0.1','Firefox','Windows 7'),(182,'2019-01-09 19:00:56','caste',NULL,'Insert','caste/caste_action',1,'127.0.0.1','Firefox','Windows 7'),(183,'2019-01-09 19:00:56','caste',NULL,'Insert','caste/caste_action',1,'127.0.0.1','Firefox','Windows 7'),(184,'2019-01-09 19:03:51','caste',NULL,'Insert','caste/caste_action',1,'127.0.0.1','Firefox','Windows 7'),(185,'2019-01-09 19:03:51','caste',NULL,'Insert','caste/caste_action',1,'127.0.0.1','Firefox','Windows 7'),(186,'2019-01-09 19:03:51','caste',NULL,'Insert','caste/caste_action',1,'127.0.0.1','Firefox','Windows 7'),(187,'2019-01-09 19:03:51','caste',NULL,'Insert','caste/caste_action',1,'127.0.0.1','Firefox','Windows 7'),(188,'2019-01-09 19:15:04','caste',NULL,'Insert','caste/caste_action',1,'127.0.0.1','Firefox','Windows 7'),(189,'2019-01-09 19:15:04','caste',NULL,'Insert','caste/caste_action',1,'127.0.0.1','Firefox','Windows 7'),(190,'2019-01-09 19:15:04','caste',NULL,'Insert','caste/caste_action',1,'127.0.0.1','Firefox','Windows 7'),(191,'2019-01-09 19:15:05','caste',NULL,'Insert','caste/caste_action',1,'127.0.0.1','Firefox','Windows 7'),(192,'2019-01-09 19:19:20','caste',NULL,'Insert','caste/caste_action',1,'127.0.0.1','Firefox','Windows 7'),(193,'2019-01-09 19:19:20','caste',NULL,'Insert','caste/caste_action',1,'127.0.0.1','Firefox','Windows 7'),(194,'2019-01-09 19:19:20','caste',NULL,'Insert','caste/caste_action',1,'127.0.0.1','Firefox','Windows 7'),(195,'2019-01-09 19:19:20','caste',NULL,'Insert','caste/caste_action',1,'127.0.0.1','Firefox','Windows 7'),(196,'2019-01-09 19:19:20','caste',NULL,'Insert','caste/caste_action',1,'127.0.0.1','Firefox','Windows 7'),(197,'2019-01-09 19:19:20','caste',NULL,'Insert','caste/caste_action',1,'127.0.0.1','Firefox','Windows 7'),(198,'2019-01-09 19:19:20','caste',NULL,'Insert','caste/caste_action',1,'127.0.0.1','Firefox','Windows 7'),(199,'2019-01-09 19:19:20','caste',NULL,'Insert','caste/caste_action',1,'127.0.0.1','Firefox','Windows 7'),(200,'2019-01-09 19:19:20','caste',NULL,'Insert','caste/caste_action',1,'127.0.0.1','Firefox','Windows 7'),(201,'2019-01-12 12:29:58','caste',NULL,'Insert','caste/caste_action',1,'127.0.0.1','Firefox','Windows 7'),(202,'2019-01-12 12:29:58','caste',NULL,'Insert','caste/caste_action',1,'127.0.0.1','Firefox','Windows 7'),(203,'2019-01-12 12:29:58','caste',NULL,'Insert','caste/caste_action',1,'127.0.0.1','Firefox','Windows 7'),(204,'2019-01-12 12:29:58','caste',NULL,'Insert','caste/caste_action',1,'127.0.0.1','Firefox','Windows 7'),(205,'2019-01-12 12:29:58','caste',NULL,'Insert','caste/caste_action',1,'127.0.0.1','Firefox','Windows 7'),(206,'2019-01-12 12:29:58','caste',NULL,'Insert','caste/caste_action',1,'127.0.0.1','Firefox','Windows 7'),(207,'2019-01-12 12:29:58','caste',NULL,'Insert','caste/caste_action',1,'127.0.0.1','Firefox','Windows 7'),(208,'2019-01-12 12:29:58','caste',NULL,'Insert','caste/caste_action',1,'127.0.0.1','Firefox','Windows 7'),(209,'2019-01-12 14:20:30','caste',NULL,'Update','caste/caste_action',1,'127.0.0.1','Firefox','Windows 7'),(210,'2019-01-12 14:24:02','caste',NULL,'Update','caste/caste_action',1,'127.0.0.1','Firefox','Windows 7'),(211,'2019-01-12 14:25:27','caste',NULL,'Insert','caste/caste_action',1,'127.0.0.1','Firefox','Windows 7'),(212,'2019-01-12 14:25:27','caste',NULL,'Insert','caste/caste_action',1,'127.0.0.1','Firefox','Windows 7'),(213,'2019-01-12 14:25:27','caste',NULL,'Insert','caste/caste_action',1,'127.0.0.1','Firefox','Windows 7'),(214,'2019-01-12 14:25:27','caste',NULL,'Insert','caste/caste_action',1,'127.0.0.1','Firefox','Windows 7'),(215,'2019-01-12 14:25:27','caste',NULL,'Insert','caste/caste_action',1,'127.0.0.1','Firefox','Windows 7'),(216,'2019-01-12 14:25:27','caste',NULL,'Insert','caste/caste_action',1,'127.0.0.1','Firefox','Windows 7'),(217,'2019-01-12 14:25:27','caste',NULL,'Insert','caste/caste_action',1,'127.0.0.1','Firefox','Windows 7'),(218,'2019-01-12 14:25:27','caste',NULL,'Insert','caste/caste_action',1,'127.0.0.1','Firefox','Windows 7'),(219,'2019-01-12 14:27:11','caste',NULL,'Update','caste/caste_action',1,'127.0.0.1','Firefox','Windows 7'),(220,'2019-01-12 14:27:11','caste',NULL,'Insert','caste/caste_action',1,'127.0.0.1','Firefox','Windows 7'),(221,'2019-01-12 14:27:11','caste',NULL,'Insert','caste/caste_action',1,'127.0.0.1','Firefox','Windows 7'),(222,'2019-01-12 14:27:12','caste',NULL,'Insert','caste/caste_action',1,'127.0.0.1','Firefox','Windows 7'),(223,'2019-01-12 14:27:12','caste',NULL,'Insert','caste/caste_action',1,'127.0.0.1','Firefox','Windows 7'),(224,'2019-01-12 14:27:12','caste',NULL,'Insert','caste/caste_action',1,'127.0.0.1','Firefox','Windows 7'),(225,'2019-01-12 14:27:23','caste',NULL,'Update','caste/caste_action',1,'127.0.0.1','Firefox','Windows 7'),(226,'2019-01-12 14:27:23','caste',NULL,'Insert','caste/caste_action',1,'127.0.0.1','Firefox','Windows 7'),(227,'2019-01-12 14:27:23','caste',NULL,'Insert','caste/caste_action',1,'127.0.0.1','Firefox','Windows 7'),(228,'2019-01-12 14:27:23','caste',NULL,'Insert','caste/caste_action',1,'127.0.0.1','Firefox','Windows 7'),(229,'2019-01-12 14:27:23','caste',NULL,'Insert','caste/caste_action',1,'127.0.0.1','Firefox','Windows 7'),(230,'2019-01-12 14:27:23','caste',NULL,'Insert','caste/caste_action',1,'127.0.0.1','Firefox','Windows 7'),(231,'2019-01-12 14:28:02','caste',NULL,'Update','caste/caste_action',1,'127.0.0.1','Firefox','Windows 7'),(232,'2019-01-12 14:28:02','caste',NULL,'Insert','caste/caste_action',1,'127.0.0.1','Firefox','Windows 7'),(233,'2019-01-12 14:28:02','caste',NULL,'Insert','caste/caste_action',1,'127.0.0.1','Firefox','Windows 7'),(234,'2019-01-12 14:28:02','caste',NULL,'Insert','caste/caste_action',1,'127.0.0.1','Firefox','Windows 7'),(235,'2019-01-12 14:28:02','caste',NULL,'Insert','caste/caste_action',1,'127.0.0.1','Firefox','Windows 7'),(236,'2019-01-12 14:28:02','caste',NULL,'Insert','caste/caste_action',1,'127.0.0.1','Firefox','Windows 7'),(237,'2019-01-12 15:50:46','Feespayment',NULL,'Insert','Feespayment/payment_action',1,'127.0.0.1','Firefox','Windows 7'),(238,'2019-01-12 15:50:55','Feespayment',NULL,'Insert','Feespayment/payment_action',1,'127.0.0.1','Firefox','Windows 7'),(239,'2019-01-12 15:51:36','caste',NULL,'Update','caste/caste_action',1,'127.0.0.1','Firefox','Windows 7'),(240,'2019-01-12 15:51:36','Feespayment',NULL,'Insert','Feespayment/payment_action',1,'127.0.0.1','Firefox','Windows 7'),(241,'2019-01-12 15:51:36','Feespayment',NULL,'Insert','Feespayment/payment_action',1,'127.0.0.1','Firefox','Windows 7'),(242,'2019-01-12 15:51:36','Feespayment',NULL,'Insert','Feespayment/payment_action',1,'127.0.0.1','Firefox','Windows 7'),(243,'2019-01-12 15:51:36','Feespayment',NULL,'Insert','Feespayment/payment_action',1,'127.0.0.1','Firefox','Windows 7'),(244,'2019-01-21 14:51:37','feescomponent',NULL,'Insert','feescomponent/feesComponent_action',1,'::1','Firefox','Windows 10'),(245,'2019-01-21 14:52:36','feesstructure',NULL,'Insert','feesstructure/feesStructure_action',1,'::1','Firefox','Windows 10'),(246,'2019-01-21 14:54:36','caste',NULL,'Insert','caste/caste_action',1,'::1','Firefox','Windows 10'),(247,'2019-01-21 14:54:36','caste',NULL,'Insert','caste/caste_action',1,'::1','Firefox','Windows 10'),(248,'2019-01-21 14:54:36','caste',NULL,'Insert','caste/caste_action',1,'::1','Firefox','Windows 10'),(249,'2019-01-21 14:54:36','caste',NULL,'Insert','caste/caste_action',1,'::1','Firefox','Windows 10'),(250,'2019-01-22 13:40:59','caste',NULL,'Insert','caste/caste_action',1,'::1','Firefox','Windows 10'),(251,'2019-01-22 13:46:56','caste',NULL,'Insert','caste/caste_action',1,'::1','Firefox','Windows 10'),(252,'2019-01-24 12:44:33','account',NULL,'Update','account/accountAddEdit',1,'::1','Firefox','Windows 10'),(253,'2019-01-24 12:45:29','account',NULL,'Insert','account/accountAddEdit',1,'::1','Firefox','Windows 10'),(254,'2019-01-24 12:53:49','account',NULL,'Insert','account/GroupInsert',1,'::1','Firefox','Windows 10'),(255,'2019-01-24 12:55:11','account',NULL,'Update','account/GroupInsert',1,'::1','Firefox','Windows 10'),(256,'2019-01-24 00:00:00','Registration',NULL,'Insert','student/saveStudent',1,'::1','Firefox','Windows 10'),(257,'2019-01-24 00:00:00','Registration',NULL,'Update','student/saveStudent',1,'::1','Firefox','Windows 10'),(258,'2019-01-24 00:00:00','Registration',NULL,'Insert','student/saveStudent',1,'::1','Firefox','Windows 10'),(259,'2019-01-24 00:00:00','Registration',NULL,'Insert','student/saveStudent',1,'::1','Firefox','Windows 10'),(260,'2019-01-24 00:00:00','Registration',NULL,'Insert','student/saveStudent',1,'::1','Firefox','Windows 10'),(261,'2019-01-24 00:00:00','Registration',NULL,'Insert','student/saveStudent',1,'::1','Firefox','Windows 10'),(262,'2019-01-24 00:00:00','Registration',NULL,'Insert','student/saveStudent',1,'::1','Firefox','Windows 10'),(263,'2019-01-24 00:00:00','Registration',NULL,'Insert','student/saveStudent',1,'::1','Firefox','Windows 10'),(264,'2019-01-24 00:00:00','Registration',NULL,'Insert','student/saveStudent',1,'::1','Firefox','Windows 10'),(265,'2019-01-24 00:00:00','Registration',NULL,'Insert','student/saveStudent',1,'::1','Firefox','Windows 10'),(266,'2019-01-24 00:00:00','Registration',NULL,'Update','student/saveStudent',1,'::1','Firefox','Windows 10'),(267,'2019-01-24 19:11:01','account',NULL,'Update','account/GroupInsert',1,'::1','Firefox','Windows 10'),(268,'2019-01-24 19:14:48','account',NULL,'Update','account/accountAddEdit',1,'::1','Firefox','Windows 10'),(269,'2019-01-25 00:00:00','Registration',NULL,'Insert','student/saveStudent',1,'::1','Firefox','Windows 10'),(270,'2019-01-25 00:00:00','Registration',NULL,'Update','student/saveStudent',1,'::1','Firefox','Windows 10'),(271,'2019-01-28 00:00:00','Registration',NULL,'Insert','student/saveStudent',1,'::1','Firefox','Windows 10'),(272,'2019-01-28 00:00:00','Registration',NULL,'Insert','student/saveStudent',1,'::1','Firefox','Windows 10'),(273,'2019-01-28 00:00:00','Registration',NULL,'Update','student/saveStudent',1,'::1','Firefox','Windows 10'),(274,'2019-01-28 17:41:15','sectionandroll',NULL,'Update','sectionandroll/updateRollSection',1,'::1','Firefox','Windows 10'),(275,'2019-01-28 17:41:37','sectionandroll',NULL,'Update','sectionandroll/updateRollSection',1,'::1','Firefox','Windows 10'),(276,'2019-01-28 17:41:39','sectionandroll',NULL,'Update','sectionandroll/updateRollSection',1,'::1','Firefox','Windows 10'),(277,'2019-01-28 17:43:17','sectionandroll',NULL,'Update','sectionandroll/updateRollSection',1,'::1','Firefox','Windows 10'),(278,'2019-01-28 17:43:29','sectionandroll',NULL,'Update','sectionandroll/updateRollSection',1,'::1','Firefox','Windows 10'),(279,'2019-01-28 17:44:25','sectionandroll',NULL,'Update','sectionandroll/updateRollSection',1,'::1','Firefox','Windows 10'),(280,'2019-01-28 17:46:27','sectionandroll',NULL,'Update','sectionandroll/updateRollSection',1,'::1','Firefox','Windows 10'),(281,'2019-01-28 18:37:18','sectionandroll',NULL,'Update','sectionandroll/updateRollSection',1,'::1','Firefox','Windows 10'),(282,'2019-01-28 00:00:00','Registration',NULL,'Update','student/saveStudent',1,'::1','Firefox','Windows 10'),(283,'2019-01-28 00:00:00','Registration',NULL,'Update','student/saveStudent',1,'::1','Firefox','Windows 10'),(284,'2019-01-28 00:00:00','Registration',NULL,'Update','student/saveStudent',1,'::1','Firefox','Windows 10'),(285,'2019-01-28 00:00:00','Registration',NULL,'Update','student/saveStudent',1,'::1','Firefox','Windows 10'),(286,'2019-01-28 00:00:00','Registration',NULL,'Update','student/saveStudent',1,'::1','Firefox','Windows 10'),(287,'2019-01-28 00:00:00','Registration',NULL,'Update','student/saveStudent',1,'::1','Firefox','Windows 10'),(288,'2019-01-28 00:00:00','Registration',NULL,'Update','student/saveStudent',1,'::1','Firefox','Windows 10'),(289,'2019-01-28 00:00:00','Registration',NULL,'Insert','student/saveStudent',1,'::1','Firefox','Windows 10'),(290,'2019-01-28 00:00:00','Registration',NULL,'Update','student/saveStudent',1,'::1','Firefox','Windows 10'),(291,'2019-01-28 00:00:00','Registration',NULL,'Update','student/saveStudent',1,'::1','Firefox','Windows 10'),(292,'2019-01-28 00:00:00','Registration',NULL,'Update','student/saveStudent',1,'::1','Firefox','Windows 10'),(293,'2019-01-28 00:00:00','Registration',NULL,'Update','student/saveStudent',1,'::1','Firefox','Windows 10'),(294,'2019-01-29 00:00:00','Registration',NULL,'Update','student/saveStudent',1,'::1','Firefox','Windows 10'),(295,'2019-01-29 00:00:00','Registration',NULL,'Update','student/saveStudent',1,'::1','Firefox','Windows 10'),(296,'2019-01-29 00:00:00','Registration',NULL,'Update','student/saveStudent',1,'::1','Firefox','Windows 10'),(297,'2019-01-29 00:00:00','Registration',NULL,'Update','student/saveStudent',1,'::1','Firefox','Windows 10'),(298,'2019-01-29 00:00:00','Registration',NULL,'Insert','student/saveStudent',1,'::1','Firefox','Windows 10'),(299,'2019-01-29 12:00:47','sectionandroll',NULL,'Update','sectionandroll/updateRollSection',1,'::1','Firefox','Windows 10'),(300,'2019-01-29 12:00:55','sectionandroll',NULL,'Update','sectionandroll/updateRollSection',1,'::1','Firefox','Windows 10'),(301,'2019-01-29 12:13:57','sectionandroll',NULL,'Update','sectionandroll/updateRollSection',1,'::1','Firefox','Windows 10'),(302,'2019-01-29 12:13:58','sectionandroll',NULL,'Update','sectionandroll/updateRollSection',1,'::1','Firefox','Windows 10'),(303,'2019-01-29 12:13:59','sectionandroll',NULL,'Update','sectionandroll/updateRollSection',1,'::1','Firefox','Windows 10'),(304,'2019-01-29 12:14:00','sectionandroll',NULL,'Update','sectionandroll/updateRollSection',1,'::1','Firefox','Windows 10'),(305,'2019-01-29 12:14:00','sectionandroll',NULL,'Update','sectionandroll/updateRollSection',1,'::1','Firefox','Windows 10'),(306,'2019-01-29 12:14:02','sectionandroll',NULL,'Update','sectionandroll/updateRollSection',1,'::1','Firefox','Windows 10'),(307,'2019-01-29 12:14:43','sectionandroll',NULL,'Update','sectionandroll/updateRollSection',1,'::1','Firefox','Windows 10'),(308,'2019-01-29 12:14:43','sectionandroll',NULL,'Update','sectionandroll/updateRollSection',1,'::1','Firefox','Windows 10'),(309,'2019-01-29 12:14:44','sectionandroll',NULL,'Update','sectionandroll/updateRollSection',1,'::1','Firefox','Windows 10'),(310,'2019-01-29 12:14:45','sectionandroll',NULL,'Update','sectionandroll/updateRollSection',1,'::1','Firefox','Windows 10'),(311,'2019-01-29 12:15:15','sectionandroll',NULL,'Update','sectionandroll/updateRollSection',1,'::1','Firefox','Windows 10'),(312,'2019-01-29 12:15:16','sectionandroll',NULL,'Update','sectionandroll/updateRollSection',1,'::1','Firefox','Windows 10'),(313,'2019-01-29 12:15:19','sectionandroll',NULL,'Update','sectionandroll/updateRollSection',1,'::1','Firefox','Windows 10'),(314,'2019-01-29 12:15:35','sectionandroll',NULL,'Update','sectionandroll/updateRollSection',1,'::1','Firefox','Windows 10'),(315,'2019-01-29 12:15:42','sectionandroll',NULL,'Update','sectionandroll/updateRollSection',1,'::1','Firefox','Windows 10'),(316,'2019-01-29 12:17:22','sectionandroll',NULL,'Update','sectionandroll/updateRollSection',1,'::1','Firefox','Windows 10'),(317,'2019-01-29 12:17:29','sectionandroll',NULL,'Update','sectionandroll/updateRollSection',1,'::1','Firefox','Windows 10'),(318,'2019-01-29 12:20:11','sectionandroll',NULL,'Update','sectionandroll/updateRollSection',1,'::1','Firefox','Windows 10'),(319,'2019-01-29 12:30:23','sectionandroll',NULL,'Update','sectionandroll/updateRollSection',1,'::1','Firefox','Windows 10'),(320,'2019-01-29 12:30:30','sectionandroll',NULL,'Update','sectionandroll/updateRollSection',1,'::1','Firefox','Windows 10'),(321,'2019-01-29 12:30:32','sectionandroll',NULL,'Update','sectionandroll/updateRollSection',1,'::1','Firefox','Windows 10'),(322,'2019-01-29 12:30:33','sectionandroll',NULL,'Update','sectionandroll/updateRollSection',1,'::1','Firefox','Windows 10'),(323,'2019-01-29 12:30:33','sectionandroll',NULL,'Update','sectionandroll/updateRollSection',1,'::1','Firefox','Windows 10'),(324,'2019-01-29 12:30:34','sectionandroll',NULL,'Update','sectionandroll/updateRollSection',1,'::1','Firefox','Windows 10'),(325,'2019-01-29 12:30:35','sectionandroll',NULL,'Update','sectionandroll/updateRollSection',1,'::1','Firefox','Windows 10'),(326,'2019-01-29 12:30:36','sectionandroll',NULL,'Update','sectionandroll/updateRollSection',1,'::1','Firefox','Windows 10'),(327,'2019-01-29 12:30:37','sectionandroll',NULL,'Update','sectionandroll/updateRollSection',1,'::1','Firefox','Windows 10'),(328,'2019-01-29 12:30:38','sectionandroll',NULL,'Update','sectionandroll/updateRollSection',1,'::1','Firefox','Windows 10'),(329,'2019-01-29 12:32:10','sectionandroll',NULL,'Update','sectionandroll/updateRollSection',1,'::1','Firefox','Windows 10'),(330,'2019-01-29 12:32:11','sectionandroll',NULL,'Update','sectionandroll/updateRollSection',1,'::1','Firefox','Windows 10'),(331,'2019-01-29 00:00:00','Registration',NULL,'Update','student/saveStudent',1,'::1','Firefox','Windows 10'),(332,'2019-01-29 00:00:00','Registration',NULL,'Update','student/saveStudent',1,'::1','Firefox','Windows 10'),(333,'2019-01-29 00:00:00','Registration',NULL,'Update','student/saveStudent',1,'::1','Firefox','Windows 10'),(334,'2019-01-29 13:11:47','sectionandroll',NULL,'Update','sectionandroll/updateRollSection',1,'::1','Firefox','Windows 10'),(335,'2019-01-29 16:15:53','vendor',NULL,'Insert','vendor/AddEditVendor',1,'::1','Firefox','Windows 10'),(336,'2019-01-29 00:00:00','Registration',NULL,'Insert','student/saveStudent',1,'::1','Firefox','Windows 10'),(337,'2019-01-29 17:43:59','vendor',NULL,'Insert','vendor/AddEditVendor',1,'::1','Firefox','Windows 10'),(338,'2019-01-29 17:57:01','account',NULL,'Update','account/accountAddEdit',1,'::1','Firefox','Windows 10'),(339,'2019-01-29 18:01:30','vendor',NULL,'Insert','vendor/AddEditVendor',1,'::1','Firefox','Windows 10'),(340,'2019-01-29 18:02:57','vendor',NULL,'Insert','vendor/AddEditVendor',1,'::1','Firefox','Windows 10'),(341,'2019-01-29 18:11:13','account',NULL,'Update','account/accountAddEdit',1,'::1','Firefox','Windows 10'),(342,'2019-01-29 18:18:04','vendor',NULL,'Update','vendor/AddEditVendor',1,'::1','Firefox','Windows 10'),(343,'2019-01-29 19:32:40','vendor',NULL,'Update','vendor/AddEditVendor',1,'::1','Firefox','Windows 10'),(344,'2019-01-29 19:41:35','vendor',NULL,'Update','vendor/AddEditVendor',1,'::1','Firefox','Windows 10'),(345,'2019-01-29 20:05:13','vendor',NULL,'Update','vendor/AddEditVendor',1,'::1','Firefox','Windows 10'),(346,'2019-01-29 20:05:51','vendor',NULL,'Update','vendor/AddEditVendor',1,'::1','Firefox','Windows 10'),(347,'2019-01-29 20:08:16','vendor',NULL,'Update','vendor/AddEditVendor',1,'::1','Firefox','Windows 10'),(348,'2019-01-29 20:08:38','vendor',NULL,'Update','vendor/AddEditVendor',1,'::1','Firefox','Windows 10'),(349,'2019-01-29 20:10:08','vendor',NULL,'Update','vendor/AddEditVendor',1,'::1','Firefox','Windows 10'),(350,'2019-01-29 20:15:10','vendor',NULL,'Update','vendor/AddEditVendor',1,'::1','Firefox','Windows 10'),(351,'2019-01-29 20:15:42','vendor',NULL,'Update','vendor/AddEditVendor',1,'::1','Firefox','Windows 10'),(352,'2019-01-29 20:16:01','vendor',NULL,'Update','vendor/AddEditVendor',1,'::1','Firefox','Windows 10'),(353,'2019-01-29 20:20:00','vendor',NULL,'Update','vendor/AddEditVendor',1,'::1','Firefox','Windows 10'),(354,'2019-01-29 20:20:36','vendor',NULL,'Update','vendor/AddEditVendor',1,'::1','Firefox','Windows 10'),(355,'2019-01-29 20:21:58','vendor',NULL,'Update','vendor/AddEditVendor',1,'::1','Firefox','Windows 10'),(356,'2019-01-29 20:23:57','vendor',NULL,'Insert','vendor/AddEditVendor',1,'::1','Firefox','Windows 10'),(357,'2019-01-30 11:23:18','vendor',NULL,'Update','vendor/AddEditVendor',1,'::1','Firefox','Windows 10'),(358,'2019-01-30 11:27:27','vendor',NULL,'Insert','vendor/AddEditVendor',1,'::1','Firefox','Windows 10'),(359,'2019-01-30 11:27:35','vendor',NULL,'Update','vendor/AddEditVendor',1,'::1','Firefox','Windows 10'),(360,'2019-01-30 11:27:49','vendor',NULL,'Update','vendor/AddEditVendor',1,'::1','Firefox','Windows 10'),(361,'2019-01-30 11:40:42','account',NULL,'Update','account/accountAddEdit',1,'::1','Firefox','Windows 10'),(362,'2019-01-30 11:40:53','account',NULL,'Update','account/accountAddEdit',1,'::1','Firefox','Windows 10'),(363,'2019-01-30 11:41:33','vendor',NULL,'Insert','vendor/AddEditVendor',1,'::1','Firefox','Windows 10'),(364,'2019-01-30 11:42:26','account',NULL,'Update','account/accountAddEdit',1,'::1','Firefox','Windows 10'),(365,'2019-01-30 11:43:46','vendor',NULL,'Insert','vendor/AddEditVendor',1,'::1','Firefox','Windows 10'),(366,'2019-01-30 11:44:10','account',NULL,'Update','account/accountAddEdit',1,'::1','Firefox','Windows 10'),(367,'2019-01-30 12:03:59','vendor',NULL,'Insert','vendor/AddEditVendor',1,'::1','Firefox','Windows 10'),(368,'2019-01-30 12:04:31','account',NULL,'Update','account/accountAddEdit',1,'::1','Firefox','Windows 10'),(369,'2019-01-30 12:05:14','vendor',NULL,'Update','vendor/AddEditVendor',1,'::1','Firefox','Windows 10'),(370,'2019-01-30 12:07:06','account',NULL,'Update','account/accountAddEdit',1,'::1','Firefox','Windows 10'),(371,'2019-01-30 12:56:57','account',NULL,'Update','account/accountAddEdit',1,'::1','Firefox','Windows 10'),(372,'2019-01-30 00:00:00','Registration',NULL,'Update','student/saveStudent',1,'::1','Firefox','Windows 10'),(373,'2019-01-30 00:00:00','Registration',NULL,'Update','student/saveStudent',1,'::1','Firefox','Windows 10'),(374,'2019-01-30 13:30:18','sectionandroll',NULL,'Update','sectionandroll/updateRollSection',1,'::1','Firefox','Windows 10'),(375,'2019-01-30 00:00:00','Registration',NULL,'Insert','student/saveStudent',1,'::1','Firefox','Windows 10'),(376,'2019-01-30 13:33:02','account',NULL,'Update','account/accountAddEdit',1,'::1','Firefox','Windows 10'),(377,'2019-01-30 13:36:29','account',NULL,'Insert','account/accountAddEdit',1,'::1','Firefox','Windows 10'),(378,'2019-01-30 13:38:13','vendor',NULL,'Insert','vendor/AddEditVendor',1,'::1','Firefox','Windows 10'),(379,'2019-01-30 13:38:39','vendor',NULL,'Update','vendor/AddEditVendor',1,'::1','Firefox','Windows 10'),(380,'2019-01-30 13:39:25','account',NULL,'Update','account/accountAddEdit',1,'::1','Firefox','Windows 10'),(381,'2019-01-30 13:41:27','account',NULL,'Update','account/accountAddEdit',1,'::1','Firefox','Windows 10'),(382,'2019-01-30 13:42:28','account',NULL,'Update','account/accountAddEdit',1,'::1','Firefox','Windows 10'),(383,'2019-01-30 13:59:35','account',NULL,'Update','account/accountAddEdit',1,'::1','Firefox','Windows 10'),(384,'2019-01-30 14:11:55','account',NULL,'Update','account/accountAddEdit',1,'::1','Firefox','Windows 10'),(385,'2019-01-30 14:12:22','account',NULL,'Update','account/accountAddEdit',1,'::1','Firefox','Windows 10'),(386,'2019-01-30 19:21:17',NULL,NULL,NULL,NULL,NULL,NULL,NULL,NULL),(387,'2019-02-01 00:00:00','Registration',NULL,'Insert','student/saveStudent',1,'::1','Firefox','Windows 10'),(388,'2019-02-01 00:00:00','Registration',NULL,'Update','student/saveStudent',1,'::1','Firefox','Windows 10'),(389,'2019-02-01 00:00:00','Registration',NULL,'Update','student/saveStudent',1,'::1','Firefox','Windows 10'),(390,'2019-02-01 00:00:00','Registration',NULL,'Update','student/saveStudent',1,'::1','Firefox','Windows 10'),(391,'2019-02-01 00:00:00','Registration',NULL,'Update','student/saveStudent',1,'::1','Firefox','Windows 10'),(392,'2019-02-02 12:58:28','feescomponent',NULL,'Update','feescomponent/feesComponent_action',1,'::1','Firefox','Windows 10'),(393,'2019-02-02 12:58:28','feescomponent',NULL,'Insert','feescomponent/feesComponent_action',1,'::1','Firefox','Windows 10'),(394,'2019-02-02 12:58:28','feescomponent',NULL,'Insert','feescomponent/feesComponent_action',1,'::1','Firefox','Windows 10'),(395,'2019-02-02 13:00:13','feesstructure',NULL,'Insert','feesstructure/feesStructure_action',1,'::1','Firefox','Windows 10'),(396,'2019-02-02 13:07:34','caste',NULL,'Insert','caste/caste_action',1,'::1','Firefox','Windows 10'),(397,'2019-02-02 13:07:34','caste',NULL,'Insert','caste/caste_action',1,'::1','Firefox','Windows 10'),(398,'2019-02-02 13:07:35','caste',NULL,'Insert','caste/caste_action',1,'::1','Firefox','Windows 10'),(399,'2019-02-02 13:07:35','caste',NULL,'Insert','caste/caste_action',1,'::1','Firefox','Windows 10'),(400,'2019-02-02 13:07:35','caste',NULL,'Insert','caste/caste_action',1,'::1','Firefox','Windows 10'),(401,'2019-02-02 13:07:35','caste',NULL,'Insert','caste/caste_action',1,'::1','Firefox','Windows 10'),(402,'2019-02-02 13:07:35','caste',NULL,'Insert','caste/caste_action',1,'::1','Firefox','Windows 10'),(403,'2019-02-02 13:07:35','caste',NULL,'Insert','caste/caste_action',1,'::1','Firefox','Windows 10'),(404,'2019-02-02 13:07:35','caste',NULL,'Insert','caste/caste_action',1,'::1','Firefox','Windows 10'),(405,'2019-02-02 13:07:35','caste',NULL,'Insert','caste/caste_action',1,'::1','Firefox','Windows 10'),(406,'2019-02-02 13:07:35','caste',NULL,'Insert','caste/caste_action',1,'::1','Firefox','Windows 10'),(407,'2019-02-02 13:07:35','caste',NULL,'Insert','caste/caste_action',1,'::1','Firefox','Windows 10'),(408,'2019-02-02 13:07:35','caste',NULL,'Insert','caste/caste_action',1,'::1','Firefox','Windows 10'),(409,'2019-02-02 13:07:35','caste',NULL,'Insert','caste/caste_action',1,'::1','Firefox','Windows 10'),(410,'2019-02-02 00:00:00','Registration',NULL,'Update','student/saveStudent',1,'::1','Firefox','Windows 10'),(411,'2019-02-02 00:00:00','Registration',NULL,'Update','student/saveStudent',1,'::1','Firefox','Windows 10'),(412,'2019-02-02 00:00:00','Registration',NULL,'Update','student/saveStudent',1,'::1','Firefox','Windows 10'),(413,'2019-02-06 12:24:00','vendor',NULL,'Insert','vendor/AddEditVendor',1,'::1','Firefox','Windows 10'),(414,'2019-02-06 12:28:38','vendor',NULL,'Insert','vendor/AddEditVendor',1,'::1','Firefox','Windows 10'),(415,'2019-02-06 17:10:40','contra',NULL,'Insert','vendor/insertUpdate',1,'::1','Firefox','Windows 10'),(416,'2019-02-06 17:19:33','contra',NULL,'Insert','vendor/insertUpdate',1,'::1','Firefox','Windows 10'),(417,'2019-02-06 17:50:53','contra',NULL,'Insert','vendor/insertUpdate',1,'::1','Firefox','Windows 10'),(418,'2019-02-06 17:53:28','contra',NULL,'Insert','vendor/insertUpdate',1,'::1','Firefox','Windows 10'),(419,'2019-02-06 17:55:21','contra',NULL,'Insert','vendor/insertUpdate',1,'::1','Firefox','Windows 10'),(420,'2019-02-06 20:35:16','contra',NULL,'Update','vendor/insertUpdate',1,'::1','Firefox','Windows 10'),(421,'2019-02-06 20:35:34','contra',NULL,'Update','vendor/insertUpdate',1,'::1','Firefox','Windows 10'),(422,'2019-02-06 20:36:19','contra',NULL,'Update','vendor/insertUpdate',1,'::1','Firefox','Windows 10'),(423,'2019-02-07 11:42:51','contra',NULL,'Update','vendor/insertUpdate',1,'::1','Firefox','Windows 10'),(424,'2019-02-07 11:43:49','contra',NULL,'Update','vendor/insertUpdate',1,'::1','Firefox','Windows 10'),(425,'2019-02-07 11:44:09','contra',NULL,'Update','vendor/insertUpdate',1,'::1','Firefox','Windows 10'),(426,'2019-02-11 16:08:37','contra',NULL,'Insert','vendor/insertUpdate',1,'::1','Firefox','Windows 10'),(427,'2019-02-11 16:22:17','contra',NULL,'Update','vendor/insertUpdate',1,'::1','Firefox','Windows 10'),(428,'2019-02-11 16:34:55','contra',NULL,'Insert','vendor/insertUpdate',1,'::1','Firefox','Windows 10'),(429,'2019-02-11 16:45:50','contra',NULL,'Update','vendor/insertUpdate',1,'::1','Firefox','Windows 10'),(430,'2019-02-11 16:47:10','contra',NULL,'Update','vendor/insertUpdate',1,'::1','Firefox','Windows 10'),(431,'2019-02-11 16:52:00','contra',NULL,'Update','vendor/insertUpdate',1,'::1','Firefox','Windows 10'),(432,'2019-02-11 16:52:44','contra',NULL,'Update','vendor/insertUpdate',1,'::1','Firefox','Windows 10'),(433,'2019-02-11 16:57:36','contra',NULL,'Update','vendor/insertUpdate',1,'::1','Firefox','Windows 10'),(434,'2019-02-11 16:58:40','contra',NULL,'Update','vendor/insertUpdate',1,'::1','Firefox','Windows 10'),(435,'2019-02-12 15:52:57','feesstructure',NULL,'Insert','feesstructure/feesStructure_action',1,'::1','Firefox','Windows 10'),(436,'2019-02-12 16:22:32','caste',NULL,'Insert','caste/caste_action',1,'::1','Firefox','Windows 10'),(437,'2019-02-12 16:22:32','caste',NULL,'Insert','caste/caste_action',1,'::1','Firefox','Windows 10'),(438,'2019-02-12 16:23:20','caste',NULL,'Update','caste/caste_action',1,'::1','Firefox','Windows 10'),(439,'2019-02-12 16:23:20','Feespayment',NULL,'Insert','Feespayment/payment_action',1,'::1','Firefox','Windows 10'),(440,'2019-02-12 16:23:20','Feespayment',NULL,'Insert','Feespayment/payment_action',1,'::1','Firefox','Windows 10'),(441,'2019-02-12 16:23:20','Feespayment',NULL,'Insert','Feespayment/payment_action',1,'::1','Firefox','Windows 10'),(442,'2019-02-12 17:14:43','feesstructure',NULL,'Insert','feesstructure/feesStructure_action',1,'::1','Firefox','Windows 10'),(443,'2019-02-12 17:15:21','caste',NULL,'Insert','caste/caste_action',1,'::1','Firefox','Windows 10'),(444,'2019-02-12 17:28:27','caste',NULL,'Insert','caste/caste_action',1,'::1','Firefox','Windows 10'),(445,'2019-02-12 17:28:27','caste',NULL,'Insert','caste/caste_action',1,'::1','Firefox','Windows 10'),(446,'2019-02-12 18:04:56','feescomponent',NULL,'Update','feescomponent/feesComponent_action',1,'::1','Firefox','Windows 10'),(447,'2019-02-12 18:04:56','feescomponent',NULL,'Insert','feescomponent/feesComponent_action',1,'::1','Firefox','Windows 10'),(448,'2019-02-12 18:04:56','feescomponent',NULL,'Insert','feescomponent/feesComponent_action',1,'::1','Firefox','Windows 10'),(449,'2019-02-12 18:04:56','feescomponent',NULL,'Insert','feescomponent/feesComponent_action',1,'::1','Firefox','Windows 10'),(450,'2019-02-12 18:14:06','caste',NULL,'Insert','caste/caste_action',1,'::1','Firefox','Windows 10'),(451,'2019-02-12 18:20:02','feesstructure',NULL,'Update','feesstructure/feesStructure_action',1,'::1','Firefox','Windows 10'),(452,'2019-02-12 18:22:27','feesstructure',NULL,'Insert','feesstructure/feesStructure_action',1,'::1','Firefox','Windows 10'),(453,'2019-02-12 18:29:06','caste',NULL,'Insert','caste/caste_action',1,'::1','Firefox','Windows 10'),(454,'2019-02-12 18:29:06','caste',NULL,'Insert','caste/caste_action',1,'::1','Firefox','Windows 10'),(455,'2019-02-12 18:43:06','feesstructure',NULL,'Insert','feesstructure/feesStructure_action',1,'::1','Firefox','Windows 10'),(456,'2019-02-12 18:44:15','caste',NULL,'Insert','caste/caste_action',1,'::1','Firefox','Windows 10'),(457,'2019-02-12 19:47:22','caste',NULL,'Insert','caste/caste_action',1,'::1','Firefox','Windows 10'),(458,'2019-02-12 19:47:22','caste',NULL,'Insert','caste/caste_action',1,'::1','Firefox','Windows 10'),(459,'2019-02-12 19:47:22','caste',NULL,'Insert','caste/caste_action',1,'::1','Firefox','Windows 10'),(460,'2019-02-12 19:48:48','caste',NULL,'Insert','caste/caste_action',1,'::1','Firefox','Windows 10'),(461,'2019-02-12 19:48:48','caste',NULL,'Insert','caste/caste_action',1,'::1','Firefox','Windows 10'),(462,'2019-02-12 19:48:48','caste',NULL,'Insert','caste/caste_action',1,'::1','Firefox','Windows 10'),(463,'2019-02-12 19:55:04','caste',NULL,'Insert','caste/caste_action',1,'::1','Firefox','Windows 10'),(464,'2019-02-12 19:55:04','caste',NULL,'Insert','caste/caste_action',1,'::1','Firefox','Windows 10'),(465,'2019-02-12 19:55:04','caste',NULL,'Insert','caste/caste_action',1,'::1','Firefox','Windows 10'),(466,'2019-02-13 13:50:19','feesstructure',NULL,'Insert','feesstructure/feesStructure_action',1,'::1','Firefox','Windows 10'),(467,'2019-02-13 13:50:53','feesstructure',NULL,'Insert','feesstructure/feesStructure_action',1,'::1','Firefox','Windows 10'),(468,'2019-02-13 15:54:56','account',NULL,'Update','account/GroupInsert',1,'::1','Firefox','Windows 10'),(469,'2019-02-13 15:55:18','account',NULL,'Update','account/GroupInsert',1,'::1','Firefox','Windows 10'),(470,'2019-02-13 16:05:23','account',NULL,'Update','account/GroupInsert',1,'::1','Firefox','Windows 10'),(471,'2019-02-13 16:05:30','account',NULL,'Update','account/GroupInsert',1,'::1','Firefox','Windows 10'),(472,'2019-02-13 16:54:35','account',NULL,'Update','account/GroupInsert',1,'::1','Firefox','Windows 10'),(473,'2019-02-13 17:17:03','account',NULL,'Insert','account/accountAddEdit',1,'::1','Firefox','Windows 10'),(474,'2019-02-13 17:40:22','account',NULL,'Insert','account/accountAddEdit',1,'::1','Firefox','Windows 10'),(475,'2019-02-13 17:41:35','account',NULL,'Insert','account/accountAddEdit',1,'::1','Firefox','Windows 10'),(476,'2019-02-13 17:49:02','account',NULL,'Insert','account/GroupInsert',1,'::1','Firefox','Windows 10'),(477,'2019-02-13 17:51:08','account',NULL,'Insert','account/accountAddEdit',1,'::1','Firefox','Windows 10'),(478,'2019-02-13 18:06:59','account',NULL,'Update','account/accountAddEdit',1,'::1','Firefox','Windows 10'),(479,'2019-02-13 18:09:20','account',NULL,'Update','account/accountAddEdit',1,'::1','Firefox','Windows 10'),(480,'2019-02-13 18:09:41','account',NULL,'Update','account/accountAddEdit',1,'::1','Firefox','Windows 10'),(481,'2019-02-13 18:11:06','account',NULL,'Update','account/accountAddEdit',1,'::1','Firefox','Windows 10'),(482,'2019-02-14 13:31:16','contra',NULL,'Insert','journal/insertUpdate',1,'::1','Firefox','Windows 10'),(483,'2019-02-14 13:34:00','contra',NULL,'Update','journal/insertUpdate',1,'::1','Firefox','Windows 10'),(484,'2019-02-14 15:52:32','feescomponent',NULL,'Update','feescomponent/feesComponent_action',1,'::1','Firefox','Windows 10'),(485,'2019-02-14 15:52:32','feescomponent',NULL,'Insert','feescomponent/feesComponent_action',1,'::1','Firefox','Windows 10'),(486,'2019-02-14 15:52:32','feescomponent',NULL,'Insert','feescomponent/feesComponent_action',1,'::1','Firefox','Windows 10'),(487,'2019-02-14 15:53:19','feescomponent',NULL,'Update','feescomponent/feesComponent_action',1,'::1','Firefox','Windows 10'),(488,'2019-02-14 15:53:19','feescomponent',NULL,'Insert','feescomponent/feesComponent_action',1,'::1','Firefox','Windows 10'),(489,'2019-02-14 15:53:19','feescomponent',NULL,'Insert','feescomponent/feesComponent_action',1,'::1','Firefox','Windows 10'),(490,'2019-02-14 15:53:19','feescomponent',NULL,'Insert','feescomponent/feesComponent_action',1,'::1','Firefox','Windows 10'),(491,'2019-02-14 17:23:39','feescomponent',NULL,'Insert','feescomponent/feesComponent_action',1,'::1','Firefox','Windows 10'),(492,'2019-02-14 17:23:39','feescomponent',NULL,'Insert','feescomponent/feesComponent_action',1,'::1','Firefox','Windows 10'),(493,'2019-02-14 17:23:39','feescomponent',NULL,'Insert','feescomponent/feesComponent_action',1,'::1','Firefox','Windows 10'),(494,'2019-02-14 17:23:39','feescomponent',NULL,'Insert','feescomponent/feesComponent_action',1,'::1','Firefox','Windows 10'),(495,'2019-02-14 17:24:17','feescomponent',NULL,'Insert','feescomponent/feesComponent_action',1,'::1','Firefox','Windows 10'),(496,'2019-02-14 17:24:17','feescomponent',NULL,'Insert','feescomponent/feesComponent_action',1,'::1','Firefox','Windows 10'),(497,'2019-02-14 17:24:17','feescomponent',NULL,'Insert','feescomponent/feesComponent_action',1,'::1','Firefox','Windows 10'),(498,'2019-02-14 17:24:17','feescomponent',NULL,'Insert','feescomponent/feesComponent_action',1,'::1','Firefox','Windows 10'),(499,'2019-02-15 11:33:52','caste',NULL,'Insert','caste/caste_action',1,'::1','Firefox','Windows 10'),(500,'2019-02-15 13:51:04','caste',NULL,'Insert','caste/caste_action',1,'::1','Firefox','Windows 10'),(501,'2019-02-15 13:51:49','caste',NULL,'Insert','caste/caste_action',1,'::1','Firefox','Windows 10'),(502,'2019-02-15 13:51:49','caste',NULL,'Insert','caste/caste_action',1,'::1','Firefox','Windows 10'),(503,'2019-02-15 13:59:04','caste',NULL,'Insert','caste/caste_action',1,'::1','Firefox','Windows 10'),(504,'2019-02-15 14:07:51','caste',NULL,'Insert','caste/caste_action',1,'::1','Firefox','Windows 10'),(505,'2019-02-15 17:51:05','contra',NULL,'Insert','contra/insertUpdate',1,'::1','Firefox','Windows 10'),(506,'2019-02-15 18:00:11','contra',NULL,'Insert','contra/insertUpdate',1,'::1','Firefox','Windows 10'),(507,'2019-02-15 18:06:04','contra',NULL,'Insert','journal/insertUpdate',1,'::1','Firefox','Windows 10'),(508,'2019-02-15 18:20:47','caste',NULL,'Insert','caste/caste_action',1,'::1','Firefox','Windows 10'),(509,'2019-02-15 19:10:09','caste',NULL,'Insert','caste/caste_action',1,'::1','Firefox','Windows 10'),(510,'2019-02-15 19:10:09','caste',NULL,'Insert','caste/caste_action',1,'::1','Firefox','Windows 10'),(511,'2019-02-15 19:10:19','caste',NULL,'Insert','caste/caste_action',1,'::1','Firefox','Windows 10'),(512,'2019-02-15 19:10:19','caste',NULL,'Insert','caste/caste_action',1,'::1','Firefox','Windows 10'),(513,'2019-02-15 19:11:05','caste',NULL,'Insert','caste/caste_action',1,'::1','Firefox','Windows 10'),(514,'2019-02-15 19:11:05','caste',NULL,'Insert','caste/caste_action',1,'::1','Firefox','Windows 10'),(515,'2019-02-15 19:12:32','caste',NULL,'Insert','caste/caste_action',1,'::1','Firefox','Windows 10'),(516,'2019-02-15 19:12:32','caste',NULL,'Insert','caste/caste_action',1,'::1','Firefox','Windows 10'),(517,'2019-02-15 19:21:05','feesstructure',NULL,'Insert','feesstructure/feesStructure_action',1,'::1','Firefox','Windows 10'),(518,'2019-02-15 19:22:41','feescomponent',NULL,'Update','feescomponent/feesComponent_action',1,'::1','Firefox','Windows 10'),(519,'2019-02-15 19:22:41','feescomponent',NULL,'Insert','feescomponent/feesComponent_action',1,'::1','Firefox','Windows 10'),(520,'2019-02-15 19:22:42','feescomponent',NULL,'Insert','feescomponent/feesComponent_action',1,'::1','Firefox','Windows 10'),(521,'2019-02-15 19:22:42','feescomponent',NULL,'Insert','feescomponent/feesComponent_action',1,'::1','Firefox','Windows 10'),(522,'2019-02-15 19:22:42','feescomponent',NULL,'Insert','feescomponent/feesComponent_action',1,'::1','Firefox','Windows 10'),(523,'2019-02-15 19:22:42','feescomponent',NULL,'Insert','feescomponent/feesComponent_action',1,'::1','Firefox','Windows 10'),(524,'2019-02-15 19:23:13','caste',NULL,'Insert','caste/caste_action',1,'::1','Firefox','Windows 10'),(525,'2019-02-15 19:23:13','caste',NULL,'Insert','caste/caste_action',1,'::1','Firefox','Windows 10'),(526,'2019-02-15 19:23:13','caste',NULL,'Insert','caste/caste_action',1,'::1','Firefox','Windows 10'),(527,'2019-02-15 19:23:13','caste',NULL,'Insert','caste/caste_action',1,'::1','Firefox','Windows 10'),(528,'2019-02-16 14:04:25','caste',NULL,'Insert','caste/caste_action',1,'::1','Firefox','Windows 10'),(529,'2019-02-16 14:04:25','caste',NULL,'Insert','caste/caste_action',1,'::1','Firefox','Windows 10'),(530,'2019-02-16 14:04:26','caste',NULL,'Insert','caste/caste_action',1,'::1','Firefox','Windows 10'),(531,'2019-02-16 14:04:26','caste',NULL,'Insert','caste/caste_action',1,'::1','Firefox','Windows 10'),(532,'2019-02-16 14:04:26','caste',NULL,'Insert','caste/caste_action',1,'::1','Firefox','Windows 10'),(533,'2019-02-16 14:04:26','caste',NULL,'Insert','caste/caste_action',1,'::1','Firefox','Windows 10'),(534,'2019-02-16 14:05:32','caste',NULL,'Insert','caste/caste_action',1,'::1','Firefox','Windows 10'),(535,'2019-02-16 14:05:32','caste',NULL,'Insert','caste/caste_action',1,'::1','Firefox','Windows 10'),(536,'2019-02-16 14:05:32','caste',NULL,'Insert','caste/caste_action',1,'::1','Firefox','Windows 10'),(537,'2019-02-16 14:05:32','caste',NULL,'Insert','caste/caste_action',1,'::1','Firefox','Windows 10'),(538,'2019-02-16 14:05:32','caste',NULL,'Insert','caste/caste_action',1,'::1','Firefox','Windows 10'),(539,'2019-02-16 14:05:32','caste',NULL,'Insert','caste/caste_action',1,'::1','Firefox','Windows 10'),(540,'2019-02-16 14:06:43','caste',NULL,'Insert','caste/caste_action',1,'::1','Firefox','Windows 10'),(541,'2019-02-16 14:06:43','caste',NULL,'Insert','caste/caste_action',1,'::1','Firefox','Windows 10'),(542,'2019-02-16 14:06:43','caste',NULL,'Insert','caste/caste_action',1,'::1','Firefox','Windows 10'),(543,'2019-02-16 14:06:43','caste',NULL,'Insert','caste/caste_action',1,'::1','Firefox','Windows 10'),(544,'2019-02-16 14:06:43','caste',NULL,'Insert','caste/caste_action',1,'::1','Firefox','Windows 10'),(545,'2019-02-16 14:06:43','caste',NULL,'Insert','caste/caste_action',1,'::1','Firefox','Windows 10'),(546,'2019-02-16 14:07:00','caste',NULL,'Insert','caste/caste_action',1,'::1','Firefox','Windows 10'),(547,'2019-02-16 14:07:00','caste',NULL,'Insert','caste/caste_action',1,'::1','Firefox','Windows 10'),(548,'2019-02-16 14:07:00','caste',NULL,'Insert','caste/caste_action',1,'::1','Firefox','Windows 10'),(549,'2019-02-16 14:07:00','caste',NULL,'Insert','caste/caste_action',1,'::1','Firefox','Windows 10'),(550,'2019-02-16 14:07:00','caste',NULL,'Insert','caste/caste_action',1,'::1','Firefox','Windows 10'),(551,'2019-02-16 14:07:00','caste',NULL,'Insert','caste/caste_action',1,'::1','Firefox','Windows 10'),(552,'2019-02-16 14:07:20','caste',NULL,'Insert','caste/caste_action',1,'::1','Firefox','Windows 10'),(553,'2019-02-16 14:07:20','caste',NULL,'Insert','caste/caste_action',1,'::1','Firefox','Windows 10'),(554,'2019-02-16 14:07:21','caste',NULL,'Insert','caste/caste_action',1,'::1','Firefox','Windows 10'),(555,'2019-02-16 14:07:21','caste',NULL,'Insert','caste/caste_action',1,'::1','Firefox','Windows 10'),(556,'2019-02-16 14:07:21','caste',NULL,'Insert','caste/caste_action',1,'::1','Firefox','Windows 10'),(557,'2019-02-16 14:07:21','caste',NULL,'Insert','caste/caste_action',1,'::1','Firefox','Windows 10'),(558,'2019-02-16 14:07:34','caste',NULL,'Insert','caste/caste_action',1,'::1','Firefox','Windows 10'),(559,'2019-02-16 14:07:34','caste',NULL,'Insert','caste/caste_action',1,'::1','Firefox','Windows 10'),(560,'2019-02-16 14:07:35','caste',NULL,'Insert','caste/caste_action',1,'::1','Firefox','Windows 10'),(561,'2019-02-16 14:07:35','caste',NULL,'Insert','caste/caste_action',1,'::1','Firefox','Windows 10'),(562,'2019-02-16 14:07:35','caste',NULL,'Insert','caste/caste_action',1,'::1','Firefox','Windows 10'),(563,'2019-02-16 14:07:35','caste',NULL,'Insert','caste/caste_action',1,'::1','Firefox','Windows 10'),(564,'2019-02-16 14:19:26','caste',NULL,'Insert','caste/caste_action',1,'::1','Firefox','Windows 10'),(565,'2019-02-16 14:19:26','caste',NULL,'Insert','caste/caste_action',1,'::1','Firefox','Windows 10'),(566,'2019-02-16 14:19:26','caste',NULL,'Insert','caste/caste_action',1,'::1','Firefox','Windows 10'),(567,'2019-02-16 14:19:26','caste',NULL,'Insert','caste/caste_action',1,'::1','Firefox','Windows 10'),(568,'2019-02-16 14:19:26','caste',NULL,'Insert','caste/caste_action',1,'::1','Firefox','Windows 10'),(569,'2019-02-16 14:19:26','caste',NULL,'Insert','caste/caste_action',1,'::1','Firefox','Windows 10'),(570,'2019-02-16 14:19:54','caste',NULL,'Insert','caste/caste_action',1,'::1','Firefox','Windows 10'),(571,'2019-02-16 14:19:54','caste',NULL,'Insert','caste/caste_action',1,'::1','Firefox','Windows 10'),(572,'2019-02-16 14:19:54','caste',NULL,'Insert','caste/caste_action',1,'::1','Firefox','Windows 10'),(573,'2019-02-16 14:19:54','caste',NULL,'Insert','caste/caste_action',1,'::1','Firefox','Windows 10'),(574,'2019-02-16 14:19:54','caste',NULL,'Insert','caste/caste_action',1,'::1','Firefox','Windows 10'),(575,'2019-02-16 14:19:54','caste',NULL,'Insert','caste/caste_action',1,'::1','Firefox','Windows 10'),(576,'2019-02-16 14:20:15','caste',NULL,'Insert','caste/caste_action',1,'::1','Firefox','Windows 10'),(577,'2019-02-16 14:20:15','caste',NULL,'Insert','caste/caste_action',1,'::1','Firefox','Windows 10'),(578,'2019-02-16 14:20:15','caste',NULL,'Insert','caste/caste_action',1,'::1','Firefox','Windows 10'),(579,'2019-02-16 14:20:15','caste',NULL,'Insert','caste/caste_action',1,'::1','Firefox','Windows 10'),(580,'2019-02-16 14:20:15','caste',NULL,'Insert','caste/caste_action',1,'::1','Firefox','Windows 10'),(581,'2019-02-16 14:20:15','caste',NULL,'Insert','caste/caste_action',1,'::1','Firefox','Windows 10'),(582,'2019-02-16 14:20:36','caste',NULL,'Insert','caste/caste_action',1,'::1','Firefox','Windows 10'),(583,'2019-02-16 14:20:36','caste',NULL,'Insert','caste/caste_action',1,'::1','Firefox','Windows 10'),(584,'2019-02-16 14:20:36','caste',NULL,'Insert','caste/caste_action',1,'::1','Firefox','Windows 10'),(585,'2019-02-16 14:20:36','caste',NULL,'Insert','caste/caste_action',1,'::1','Firefox','Windows 10'),(586,'2019-02-16 14:20:36','caste',NULL,'Insert','caste/caste_action',1,'::1','Firefox','Windows 10'),(587,'2019-02-16 14:20:36','caste',NULL,'Insert','caste/caste_action',1,'::1','Firefox','Windows 10'),(588,'2019-02-16 14:22:27','caste',NULL,'Insert','caste/caste_action',1,'::1','Firefox','Windows 10'),(589,'2019-02-16 14:22:27','caste',NULL,'Insert','caste/caste_action',1,'::1','Firefox','Windows 10'),(590,'2019-02-16 14:22:28','caste',NULL,'Insert','caste/caste_action',1,'::1','Firefox','Windows 10'),(591,'2019-02-16 14:22:28','caste',NULL,'Insert','caste/caste_action',1,'::1','Firefox','Windows 10'),(592,'2019-02-16 14:22:28','caste',NULL,'Insert','caste/caste_action',1,'::1','Firefox','Windows 10'),(593,'2019-02-16 14:22:28','caste',NULL,'Insert','caste/caste_action',1,'::1','Firefox','Windows 10'),(594,'2019-02-16 14:23:27','caste',NULL,'Insert','caste/caste_action',1,'::1','Firefox','Windows 10'),(595,'2019-02-16 14:23:27','caste',NULL,'Insert','caste/caste_action',1,'::1','Firefox','Windows 10'),(596,'2019-02-16 14:23:27','caste',NULL,'Insert','caste/caste_action',1,'::1','Firefox','Windows 10'),(597,'2019-02-16 14:23:28','caste',NULL,'Insert','caste/caste_action',1,'::1','Firefox','Windows 10'),(598,'2019-02-16 14:23:28','caste',NULL,'Insert','caste/caste_action',1,'::1','Firefox','Windows 10'),(599,'2019-02-16 14:23:28','caste',NULL,'Insert','caste/caste_action',1,'::1','Firefox','Windows 10'),(600,'2019-02-16 14:24:51','caste',NULL,'Insert','caste/caste_action',1,'::1','Firefox','Windows 10'),(601,'2019-02-16 14:24:51','caste',NULL,'Insert','caste/caste_action',1,'::1','Firefox','Windows 10'),(602,'2019-02-16 14:24:51','caste',NULL,'Insert','caste/caste_action',1,'::1','Firefox','Windows 10'),(603,'2019-02-16 14:24:51','caste',NULL,'Insert','caste/caste_action',1,'::1','Firefox','Windows 10'),(604,'2019-02-16 14:24:51','caste',NULL,'Insert','caste/caste_action',1,'::1','Firefox','Windows 10'),(605,'2019-02-16 14:24:51','caste',NULL,'Insert','caste/caste_action',1,'::1','Firefox','Windows 10'),(606,'2019-02-16 14:25:00','caste',NULL,'Insert','caste/caste_action',1,'::1','Firefox','Windows 10'),(607,'2019-02-16 14:25:00','caste',NULL,'Insert','caste/caste_action',1,'::1','Firefox','Windows 10'),(608,'2019-02-16 14:25:00','caste',NULL,'Insert','caste/caste_action',1,'::1','Firefox','Windows 10'),(609,'2019-02-16 14:25:00','caste',NULL,'Insert','caste/caste_action',1,'::1','Firefox','Windows 10'),(610,'2019-02-16 14:25:00','caste',NULL,'Insert','caste/caste_action',1,'::1','Firefox','Windows 10'),(611,'2019-02-16 14:25:00','caste',NULL,'Insert','caste/caste_action',1,'::1','Firefox','Windows 10'),(612,'2019-02-16 14:26:15','caste',NULL,'Insert','caste/caste_action',1,'::1','Firefox','Windows 10'),(613,'2019-02-16 14:26:15','caste',NULL,'Insert','caste/caste_action',1,'::1','Firefox','Windows 10'),(614,'2019-02-16 14:26:15','caste',NULL,'Insert','caste/caste_action',1,'::1','Firefox','Windows 10'),(615,'2019-02-16 14:26:15','caste',NULL,'Insert','caste/caste_action',1,'::1','Firefox','Windows 10'),(616,'2019-02-16 14:26:15','caste',NULL,'Insert','caste/caste_action',1,'::1','Firefox','Windows 10'),(617,'2019-02-16 14:26:15','caste',NULL,'Insert','caste/caste_action',1,'::1','Firefox','Windows 10'),(618,'2019-02-16 15:07:08','caste',NULL,'Insert','caste/caste_action',1,'::1','Firefox','Windows 10'),(619,'2019-02-16 15:07:08','caste',NULL,'Insert','caste/caste_action',1,'::1','Firefox','Windows 10'),(620,'2019-02-16 16:09:16','caste',NULL,'Insert','caste/caste_action',1,'::1','Firefox','Windows 10'),(621,'2019-02-16 16:09:16','caste',NULL,'Insert','caste/caste_action',1,'::1','Firefox','Windows 10'),(622,'2019-02-16 16:09:16','caste',NULL,'Insert','caste/caste_action',1,'::1','Firefox','Windows 10'),(623,'2019-02-16 16:09:16','caste',NULL,'Insert','caste/caste_action',1,'::1','Firefox','Windows 10'),(624,'2019-02-16 16:19:15','caste',NULL,'Insert','caste/caste_action',1,'::1','Firefox','Windows 10'),(625,'2019-02-16 16:19:15','caste',NULL,'Insert','caste/caste_action',1,'::1','Firefox','Windows 10'),(626,'2019-02-16 16:19:15','caste',NULL,'Insert','caste/caste_action',1,'::1','Firefox','Windows 10'),(627,'2019-02-16 16:19:15','caste',NULL,'Insert','caste/caste_action',1,'::1','Firefox','Windows 10'),(628,'2019-02-16 16:26:42','feesstructure',NULL,'Insert','feesstructure/feesStructure_action',1,'::1','Firefox','Windows 10'),(629,'2019-02-16 16:27:30','feescomponent',NULL,'Update','feescomponent/feesComponent_action',1,'::1','Firefox','Windows 10'),(630,'2019-02-16 16:27:30','feescomponent',NULL,'Insert','feescomponent/feesComponent_action',1,'::1','Firefox','Windows 10'),(631,'2019-02-16 16:27:30','feescomponent',NULL,'Insert','feescomponent/feesComponent_action',1,'::1','Firefox','Windows 10'),(632,'2019-02-16 16:27:30','feescomponent',NULL,'Insert','feescomponent/feesComponent_action',1,'::1','Firefox','Windows 10'),(633,'2019-02-16 16:27:30','feescomponent',NULL,'Insert','feescomponent/feesComponent_action',1,'::1','Firefox','Windows 10'),(634,'2019-02-16 16:27:30','feescomponent',NULL,'Insert','feescomponent/feesComponent_action',1,'::1','Firefox','Windows 10'),(635,'2019-02-16 16:27:30','feescomponent',NULL,'Insert','feescomponent/feesComponent_action',1,'::1','Firefox','Windows 10'),(636,'2019-02-16 16:27:30','feescomponent',NULL,'Insert','feescomponent/feesComponent_action',1,'::1','Firefox','Windows 10'),(637,'2019-02-16 16:27:30','feescomponent',NULL,'Insert','feescomponent/feesComponent_action',1,'::1','Firefox','Windows 10'),(638,'2019-02-16 16:27:30','feescomponent',NULL,'Insert','feescomponent/feesComponent_action',1,'::1','Firefox','Windows 10'),(639,'2019-02-16 16:27:30','feescomponent',NULL,'Insert','feescomponent/feesComponent_action',1,'::1','Firefox','Windows 10'),(640,'2019-02-16 16:27:30','feescomponent',NULL,'Insert','feescomponent/feesComponent_action',1,'::1','Firefox','Windows 10'),(641,'2019-02-16 16:27:30','feescomponent',NULL,'Insert','feescomponent/feesComponent_action',1,'::1','Firefox','Windows 10'),(642,'2019-02-16 16:27:40','feescomponent',NULL,'Update','feescomponent/feesComponent_action',1,'::1','Firefox','Windows 10'),(643,'2019-02-16 16:27:40','feescomponent',NULL,'Insert','feescomponent/feesComponent_action',1,'::1','Firefox','Windows 10'),(644,'2019-02-16 16:27:40','feescomponent',NULL,'Insert','feescomponent/feesComponent_action',1,'::1','Firefox','Windows 10'),(645,'2019-02-16 16:27:40','feescomponent',NULL,'Insert','feescomponent/feesComponent_action',1,'::1','Firefox','Windows 10'),(646,'2019-02-16 16:27:40','feescomponent',NULL,'Insert','feescomponent/feesComponent_action',1,'::1','Firefox','Windows 10'),(647,'2019-02-16 16:27:40','feescomponent',NULL,'Insert','feescomponent/feesComponent_action',1,'::1','Firefox','Windows 10'),(648,'2019-02-16 16:27:40','feescomponent',NULL,'Insert','feescomponent/feesComponent_action',1,'::1','Firefox','Windows 10'),(649,'2019-02-16 16:27:40','feescomponent',NULL,'Insert','feescomponent/feesComponent_action',1,'::1','Firefox','Windows 10'),(650,'2019-02-16 16:27:40','feescomponent',NULL,'Insert','feescomponent/feesComponent_action',1,'::1','Firefox','Windows 10'),(651,'2019-02-16 16:27:40','feescomponent',NULL,'Insert','feescomponent/feesComponent_action',1,'::1','Firefox','Windows 10'),(652,'2019-02-16 16:27:40','feescomponent',NULL,'Insert','feescomponent/feesComponent_action',1,'::1','Firefox','Windows 10'),(653,'2019-02-16 16:27:40','feescomponent',NULL,'Insert','feescomponent/feesComponent_action',1,'::1','Firefox','Windows 10'),(654,'2019-02-16 16:27:40','feescomponent',NULL,'Insert','feescomponent/feesComponent_action',1,'::1','Firefox','Windows 10'),(655,'2019-02-16 16:30:15','account',NULL,'Insert','account/accountAddEdit',1,'::1','Firefox','Windows 10'),(656,'2019-02-16 16:30:58','account',NULL,'Insert','account/accountAddEdit',1,'::1','Firefox','Windows 10'),(657,'2019-02-16 16:31:14','account',NULL,'Insert','account/accountAddEdit',1,'::1','Firefox','Windows 10'),(658,'2019-02-16 16:31:49','account',NULL,'Insert','account/accountAddEdit',1,'::1','Firefox','Windows 10'),(659,'2019-02-16 16:32:07','feescomponent',NULL,'Update','feescomponent/feesComponent_action',1,'::1','Firefox','Windows 10'),(660,'2019-02-16 16:32:07','feescomponent',NULL,'Insert','feescomponent/feesComponent_action',1,'::1','Firefox','Windows 10'),(661,'2019-02-16 16:32:07','feescomponent',NULL,'Insert','feescomponent/feesComponent_action',1,'::1','Firefox','Windows 10'),(662,'2019-02-16 16:32:07','feescomponent',NULL,'Insert','feescomponent/feesComponent_action',1,'::1','Firefox','Windows 10'),(663,'2019-02-16 16:32:07','feescomponent',NULL,'Insert','feescomponent/feesComponent_action',1,'::1','Firefox','Windows 10'),(664,'2019-02-16 16:32:08','feescomponent',NULL,'Insert','feescomponent/feesComponent_action',1,'::1','Firefox','Windows 10'),(665,'2019-02-16 16:32:08','feescomponent',NULL,'Insert','feescomponent/feesComponent_action',1,'::1','Firefox','Windows 10'),(666,'2019-02-16 16:32:08','feescomponent',NULL,'Insert','feescomponent/feesComponent_action',1,'::1','Firefox','Windows 10'),(667,'2019-02-16 16:32:08','feescomponent',NULL,'Insert','feescomponent/feesComponent_action',1,'::1','Firefox','Windows 10'),(668,'2019-02-16 16:32:08','feescomponent',NULL,'Insert','feescomponent/feesComponent_action',1,'::1','Firefox','Windows 10'),(669,'2019-02-16 16:32:08','feescomponent',NULL,'Insert','feescomponent/feesComponent_action',1,'::1','Firefox','Windows 10'),(670,'2019-02-16 16:32:08','feescomponent',NULL,'Insert','feescomponent/feesComponent_action',1,'::1','Firefox','Windows 10'),(671,'2019-02-16 16:32:08','feescomponent',NULL,'Insert','feescomponent/feesComponent_action',1,'::1','Firefox','Windows 10'),(672,'2019-02-16 16:32:25','feescomponent',NULL,'Update','feescomponent/feesComponent_action',1,'::1','Firefox','Windows 10'),(673,'2019-02-16 16:32:26','feescomponent',NULL,'Insert','feescomponent/feesComponent_action',1,'::1','Firefox','Windows 10'),(674,'2019-02-16 16:32:26','feescomponent',NULL,'Insert','feescomponent/feesComponent_action',1,'::1','Firefox','Windows 10'),(675,'2019-02-16 16:32:26','feescomponent',NULL,'Insert','feescomponent/feesComponent_action',1,'::1','Firefox','Windows 10'),(676,'2019-02-16 16:32:26','feescomponent',NULL,'Insert','feescomponent/feesComponent_action',1,'::1','Firefox','Windows 10'),(677,'2019-02-16 16:32:26','feescomponent',NULL,'Insert','feescomponent/feesComponent_action',1,'::1','Firefox','Windows 10'),(678,'2019-02-16 16:32:26','feescomponent',NULL,'Insert','feescomponent/feesComponent_action',1,'::1','Firefox','Windows 10'),(679,'2019-02-16 16:32:26','feescomponent',NULL,'Insert','feescomponent/feesComponent_action',1,'::1','Firefox','Windows 10'),(680,'2019-02-16 16:32:26','feescomponent',NULL,'Insert','feescomponent/feesComponent_action',1,'::1','Firefox','Windows 10'),(681,'2019-02-16 16:32:26','feescomponent',NULL,'Insert','feescomponent/feesComponent_action',1,'::1','Firefox','Windows 10'),(682,'2019-02-16 16:32:26','feescomponent',NULL,'Insert','feescomponent/feesComponent_action',1,'::1','Firefox','Windows 10'),(683,'2019-02-16 16:32:26','feescomponent',NULL,'Insert','feescomponent/feesComponent_action',1,'::1','Firefox','Windows 10'),(684,'2019-02-16 16:32:26','feescomponent',NULL,'Insert','feescomponent/feesComponent_action',1,'::1','Firefox','Windows 10'),(685,'2019-02-16 16:32:47','feescomponent',NULL,'Update','feescomponent/feesComponent_action',1,'::1','Firefox','Windows 10'),(686,'2019-02-16 16:32:47','feescomponent',NULL,'Insert','feescomponent/feesComponent_action',1,'::1','Firefox','Windows 10'),(687,'2019-02-16 16:32:47','feescomponent',NULL,'Insert','feescomponent/feesComponent_action',1,'::1','Firefox','Windows 10'),(688,'2019-02-16 16:32:47','feescomponent',NULL,'Insert','feescomponent/feesComponent_action',1,'::1','Firefox','Windows 10'),(689,'2019-02-16 16:32:47','feescomponent',NULL,'Insert','feescomponent/feesComponent_action',1,'::1','Firefox','Windows 10'),(690,'2019-02-16 16:32:47','feescomponent',NULL,'Insert','feescomponent/feesComponent_action',1,'::1','Firefox','Windows 10'),(691,'2019-02-16 16:32:47','feescomponent',NULL,'Insert','feescomponent/feesComponent_action',1,'::1','Firefox','Windows 10'),(692,'2019-02-16 16:32:47','feescomponent',NULL,'Insert','feescomponent/feesComponent_action',1,'::1','Firefox','Windows 10'),(693,'2019-02-16 16:32:47','feescomponent',NULL,'Insert','feescomponent/feesComponent_action',1,'::1','Firefox','Windows 10'),(694,'2019-02-16 16:32:47','feescomponent',NULL,'Insert','feescomponent/feesComponent_action',1,'::1','Firefox','Windows 10'),(695,'2019-02-16 16:32:47','feescomponent',NULL,'Insert','feescomponent/feesComponent_action',1,'::1','Firefox','Windows 10'),(696,'2019-02-16 16:32:47','feescomponent',NULL,'Insert','feescomponent/feesComponent_action',1,'::1','Firefox','Windows 10'),(697,'2019-02-16 16:32:47','feescomponent',NULL,'Insert','feescomponent/feesComponent_action',1,'::1','Firefox','Windows 10'),(698,'2019-02-16 16:33:04','feescomponent',NULL,'Update','feescomponent/feesComponent_action',1,'::1','Firefox','Windows 10'),(699,'2019-02-16 16:33:04','feescomponent',NULL,'Insert','feescomponent/feesComponent_action',1,'::1','Firefox','Windows 10'),(700,'2019-02-16 16:33:04','feescomponent',NULL,'Insert','feescomponent/feesComponent_action',1,'::1','Firefox','Windows 10'),(701,'2019-02-16 16:33:04','feescomponent',NULL,'Insert','feescomponent/feesComponent_action',1,'::1','Firefox','Windows 10'),(702,'2019-02-16 16:33:04','feescomponent',NULL,'Insert','feescomponent/feesComponent_action',1,'::1','Firefox','Windows 10'),(703,'2019-02-16 16:33:04','feescomponent',NULL,'Insert','feescomponent/feesComponent_action',1,'::1','Firefox','Windows 10'),(704,'2019-02-16 16:33:04','feescomponent',NULL,'Insert','feescomponent/feesComponent_action',1,'::1','Firefox','Windows 10'),(705,'2019-02-16 16:33:04','feescomponent',NULL,'Insert','feescomponent/feesComponent_action',1,'::1','Firefox','Windows 10'),(706,'2019-02-16 16:33:04','feescomponent',NULL,'Insert','feescomponent/feesComponent_action',1,'::1','Firefox','Windows 10'),(707,'2019-02-16 16:33:04','feescomponent',NULL,'Insert','feescomponent/feesComponent_action',1,'::1','Firefox','Windows 10'),(708,'2019-02-16 16:33:04','feescomponent',NULL,'Insert','feescomponent/feesComponent_action',1,'::1','Firefox','Windows 10'),(709,'2019-02-16 16:33:04','feescomponent',NULL,'Insert','feescomponent/feesComponent_action',1,'::1','Firefox','Windows 10'),(710,'2019-02-16 16:33:04','feescomponent',NULL,'Insert','feescomponent/feesComponent_action',1,'::1','Firefox','Windows 10'),(711,'2019-02-16 16:34:19','account',NULL,'Insert','account/accountAddEdit',1,'::1','Firefox','Windows 10'),(712,'2019-02-16 16:35:20','caste',NULL,'Insert','caste/caste_action',1,'::1','Firefox','Windows 10'),(713,'2019-02-16 16:35:20','caste',NULL,'Insert','caste/caste_action',1,'::1','Firefox','Windows 10'),(714,'2019-02-16 16:35:20','caste',NULL,'Insert','caste/caste_action',1,'::1','Firefox','Windows 10'),(715,'2019-02-18 12:37:01','account',NULL,'Insert','account/accountAddEdit',1,'::1','Firefox','Windows 10'),(716,'2019-02-18 00:00:00','Registration',NULL,'Insert','student/saveStudent',1,'::1','Firefox','Windows 10'),(717,'2019-02-18 19:05:24','caste',NULL,'Insert','caste/caste_action',1,'::1','Firefox','Windows 10'),(718,'2019-02-18 19:05:24','caste',NULL,'Insert','caste/caste_action',1,'::1','Firefox','Windows 10'),(719,'2019-02-18 19:05:25','caste',NULL,'Insert','caste/caste_action',1,'::1','Firefox','Windows 10'),(720,'2019-02-18 19:05:25','caste',NULL,'Insert','caste/caste_action',1,'::1','Firefox','Windows 10'),(721,'2019-02-18 19:05:25','caste',NULL,'Insert','caste/caste_action',1,'::1','Firefox','Windows 10'),(722,'2019-02-18 19:05:25','caste',NULL,'Insert','caste/caste_action',1,'::1','Firefox','Windows 10'),(723,'2019-02-18 19:05:25','caste',NULL,'Insert','caste/caste_action',1,'::1','Firefox','Windows 10'),(724,'2019-02-18 19:05:25','caste',NULL,'Insert','caste/caste_action',1,'::1','Firefox','Windows 10'),(725,'2019-02-18 19:05:25','caste',NULL,'Insert','caste/caste_action',1,'::1','Firefox','Windows 10'),(726,'2019-02-18 19:10:20','caste',NULL,'Insert','caste/caste_action',1,'::1','Firefox','Windows 10'),(727,'2019-02-18 19:10:20','caste',NULL,'Insert','caste/caste_action',1,'::1','Firefox','Windows 10'),(728,'2019-02-18 19:10:20','caste',NULL,'Insert','caste/caste_action',1,'::1','Firefox','Windows 10'),(729,'2019-02-18 19:10:20','caste',NULL,'Insert','caste/caste_action',1,'::1','Firefox','Windows 10'),(730,'2019-02-18 19:10:20','caste',NULL,'Insert','caste/caste_action',1,'::1','Firefox','Windows 10'),(731,'2019-02-18 19:10:20','caste',NULL,'Insert','caste/caste_action',1,'::1','Firefox','Windows 10'),(732,'2019-02-18 19:10:20','caste',NULL,'Insert','caste/caste_action',1,'::1','Firefox','Windows 10'),(733,'2019-02-18 19:10:20','caste',NULL,'Insert','caste/caste_action',1,'::1','Firefox','Windows 10'),(734,'2019-02-18 19:10:20','caste',NULL,'Insert','caste/caste_action',1,'::1','Firefox','Windows 10'),(735,'2019-02-20 19:58:19','caste',NULL,'Insert','caste/caste_action',1,'::1','Firefox','Windows 10'),(736,'2019-02-20 19:58:19','caste',NULL,'Insert','caste/caste_action',1,'::1','Firefox','Windows 10'),(737,'2019-02-20 19:58:19','caste',NULL,'Insert','caste/caste_action',1,'::1','Firefox','Windows 10'),(738,'2019-02-21 14:02:56','caste',NULL,'Insert','caste/caste_action',1,'::1','Firefox','Windows 10'),(739,'2019-02-21 14:02:56','caste',NULL,'Insert','caste/caste_action',1,'::1','Firefox','Windows 10'),(740,'2019-02-21 14:02:56','caste',NULL,'Insert','caste/caste_action',1,'::1','Firefox','Windows 10'),(741,'2019-02-21 14:02:56','caste',NULL,'Insert','caste/caste_action',1,'::1','Firefox','Windows 10'),(742,'2019-02-21 14:02:56','caste',NULL,'Insert','caste/caste_action',1,'::1','Firefox','Windows 10'),(743,'2019-02-21 14:02:56','caste',NULL,'Insert','caste/caste_action',1,'::1','Firefox','Windows 10'),(744,'2019-02-21 14:47:26','caste',NULL,'Insert','caste/caste_action',1,'::1','Firefox','Windows 10'),(745,'2019-02-21 14:47:26','caste',NULL,'Insert','caste/caste_action',1,'::1','Firefox','Windows 10'),(746,'2019-02-21 14:47:26','caste',NULL,'Insert','caste/caste_action',1,'::1','Firefox','Windows 10'),(747,'2019-02-21 14:47:26','caste',NULL,'Insert','caste/caste_action',1,'::1','Firefox','Windows 10'),(748,'2019-02-21 14:47:26','caste',NULL,'Insert','caste/caste_action',1,'::1','Firefox','Windows 10'),(749,'2019-02-21 14:47:26','caste',NULL,'Insert','caste/caste_action',1,'::1','Firefox','Windows 10'),(750,'2019-02-21 16:10:00','Feespayment',NULL,'Insert','Feespayment/payment_action',1,'::1','Firefox','Windows 10'),(751,'2019-02-21 16:12:39','Feespayment',NULL,'Insert','Feespayment/payment_action',1,'::1','Firefox','Windows 10'),(752,'2019-02-21 16:27:34','Feespayment',NULL,'Insert','Feespayment/payment_action',1,'::1','Firefox','Windows 10'),(753,'2019-02-21 16:27:45','Feespayment',NULL,'Insert','Feespayment/payment_action',1,'::1','Firefox','Windows 10'),(754,'2019-02-21 17:04:42','Feespayment',NULL,'Insert','Feespayment/updatePaymentMaster',1,'::1','Firefox','Windows 10'),(755,'2019-02-21 17:05:49','Feespayment',NULL,'Insert','Feespayment/updatePaymentMaster',1,'::1','Firefox','Windows 10'),(756,'2019-02-21 17:06:25','Feespayment',NULL,'Insert','Feespayment/updatePaymentMaster',1,'::1','Firefox','Windows 10'),(757,'2019-02-21 17:07:32','Feespayment',NULL,'Insert','Feespayment/updatePaymentMaster',1,'::1','Firefox','Windows 10'),(758,'2019-02-21 17:09:29','Feespayment',NULL,'Insert','Feespayment/updatePaymentMaster',1,'::1','Firefox','Windows 10'),(759,'2019-02-21 17:19:07','Feespayment',NULL,'Insert','Feespayment/updatePaymentMaster',1,'::1','Firefox','Windows 10'),(760,'2019-02-21 17:19:22','Feespayment',NULL,'Insert','Feespayment/updatePaymentMaster',1,'::1','Firefox','Windows 10'),(761,'2019-02-21 17:19:32','Feespayment',NULL,'Insert','Feespayment/updatePaymentMaster',1,'::1','Firefox','Windows 10'),(762,'2019-02-21 17:19:58','Feespayment',NULL,'Insert','Feespayment/updatePaymentMaster',1,'::1','Firefox','Windows 10'),(763,'2019-02-21 17:20:08','Feespayment',NULL,'Insert','Feespayment/updatePaymentMaster',1,'::1','Firefox','Windows 10'),(764,'2019-02-21 17:20:22','Feespayment',NULL,'Insert','Feespayment/updatePaymentMaster',1,'::1','Firefox','Windows 10'),(765,'2019-02-21 17:20:24','Feespayment',NULL,'Insert','Feespayment/updatePaymentMaster',1,'::1','Firefox','Windows 10'),(766,'2019-02-21 17:25:50','Feespayment',NULL,'Insert','Feespayment/updatePaymentMaster',1,'::1','Firefox','Windows 10'),(767,'2019-02-21 17:34:48','Feespayment',NULL,'Insert','Feespayment/updatePaymentMaster',1,'::1','Firefox','Windows 10'),(768,'2019-02-21 17:39:16','Feespayment',NULL,'Insert','Feespayment/updatePaymentMaster',1,'::1','Firefox','Windows 10'),(769,'2019-02-21 17:40:28','Feespayment',NULL,'Insert','Feespayment/updatePaymentMaster',1,'::1','Firefox','Windows 10'),(770,'2019-02-21 17:41:11','Feespayment',NULL,'Insert','Feespayment/updatePaymentMaster',1,'::1','Firefox','Windows 10'),(771,'2019-02-21 17:42:11','Feespayment',NULL,'Insert','Feespayment/updatePaymentMaster',1,'::1','Firefox','Windows 10'),(772,'2019-02-21 17:45:32','Feespayment',NULL,'Insert','Feespayment/updatePaymentMaster',1,'::1','Firefox','Windows 10'),(773,'2019-02-21 17:49:00','caste',NULL,'Insert','caste/caste_action',1,'::1','Firefox','Windows 10'),(774,'2019-02-21 17:49:00','caste',NULL,'Insert','caste/caste_action',1,'::1','Firefox','Windows 10'),(775,'2019-02-21 17:49:00','caste',NULL,'Insert','caste/caste_action',1,'::1','Firefox','Windows 10'),(776,'2019-02-21 17:49:01','caste',NULL,'Insert','caste/caste_action',1,'::1','Firefox','Windows 10'),(777,'2019-02-21 17:49:01','caste',NULL,'Insert','caste/caste_action',1,'::1','Firefox','Windows 10'),(778,'2019-02-21 17:49:01','caste',NULL,'Insert','caste/caste_action',1,'::1','Firefox','Windows 10'),(779,'2019-02-21 17:56:10','caste',NULL,'Insert','caste/caste_action',1,'::1','Firefox','Windows 10'),(780,'2019-02-21 17:56:10','caste',NULL,'Insert','caste/caste_action',1,'::1','Firefox','Windows 10'),(781,'2019-02-21 17:56:10','caste',NULL,'Insert','caste/caste_action',1,'::1','Firefox','Windows 10'),(782,'2019-02-21 17:56:38','Feespayment',NULL,'Insert','Feespayment/updatePaymentMaster',1,'::1','Firefox','Windows 10'),(783,'2019-02-21 17:58:39','caste',NULL,'Update','Feespayment/payment_action',1,'::1','Firefox','Windows 10'),(784,'2019-02-21 17:58:39','Feespayment',NULL,'Insert','Feespayment/payment_action',1,'::1','Firefox','Windows 10'),(785,'2019-02-21 17:58:39','Feespayment',NULL,'Insert','Feespayment/payment_action',1,'::1','Firefox','Windows 10'),(786,'2019-02-21 17:58:39','Feespayment',NULL,'Insert','Feespayment/payment_action',1,'::1','Firefox','Windows 10'),(787,'2019-02-21 17:58:39','Feespayment',NULL,'Insert','Feespayment/payment_action',1,'::1','Firefox','Windows 10'),(788,'2019-02-21 17:58:39','Feespayment',NULL,'Insert','Feespayment/payment_action',1,'::1','Firefox','Windows 10'),(789,'2019-02-21 17:58:39','Feespayment',NULL,'Insert','Feespayment/payment_action',1,'::1','Firefox','Windows 10'),(790,'2019-02-21 18:07:36','caste',NULL,'Update','Feespayment/payment_action',1,'::1','Firefox','Windows 10'),(791,'2019-02-21 18:07:37','Feespayment',NULL,'Insert','Feespayment/payment_action',1,'::1','Firefox','Windows 10'),(792,'2019-02-21 18:07:37','Feespayment',NULL,'Insert','Feespayment/payment_action',1,'::1','Firefox','Windows 10'),(793,'2019-02-21 18:07:37','Feespayment',NULL,'Insert','Feespayment/payment_action',1,'::1','Firefox','Windows 10'),(794,'2019-02-21 18:07:37','Feespayment',NULL,'Insert','Feespayment/payment_action',1,'::1','Firefox','Windows 10'),(795,'2019-02-21 18:07:37','Feespayment',NULL,'Insert','Feespayment/payment_action',1,'::1','Firefox','Windows 10'),(796,'2019-02-21 18:07:37','Feespayment',NULL,'Insert','Feespayment/payment_action',1,'::1','Firefox','Windows 10'),(797,'2019-02-21 18:07:50','caste',NULL,'Update','Feespayment/payment_action',1,'::1','Firefox','Windows 10'),(798,'2019-02-21 18:07:50','Feespayment',NULL,'Insert','Feespayment/payment_action',1,'::1','Firefox','Windows 10'),(799,'2019-02-21 18:07:50','Feespayment',NULL,'Insert','Feespayment/payment_action',1,'::1','Firefox','Windows 10'),(800,'2019-02-21 18:07:50','Feespayment',NULL,'Insert','Feespayment/payment_action',1,'::1','Firefox','Windows 10'),(801,'2019-02-21 18:07:50','Feespayment',NULL,'Insert','Feespayment/payment_action',1,'::1','Firefox','Windows 10'),(802,'2019-02-21 18:07:50','Feespayment',NULL,'Insert','Feespayment/payment_action',1,'::1','Firefox','Windows 10'),(803,'2019-02-21 18:07:50','Feespayment',NULL,'Insert','Feespayment/payment_action',1,'::1','Firefox','Windows 10'),(804,'2019-02-21 18:08:13','Feespayment',NULL,'Insert','Feespayment/updatePaymentMaster',1,'::1','Firefox','Windows 10'),(805,'2019-02-21 18:09:04','caste',NULL,'Update','Feespayment/payment_action',1,'::1','Firefox','Windows 10'),(806,'2019-02-21 18:09:04','Feespayment',NULL,'Insert','Feespayment/payment_action',1,'::1','Firefox','Windows 10'),(807,'2019-02-21 18:09:04','Feespayment',NULL,'Insert','Feespayment/payment_action',1,'::1','Firefox','Windows 10'),(808,'2019-02-21 18:09:04','Feespayment',NULL,'Insert','Feespayment/payment_action',1,'::1','Firefox','Windows 10'),(809,'2019-02-21 18:32:25','caste',NULL,'Update','Feespayment/payment_action',1,'::1','Firefox','Windows 10'),(810,'2019-02-21 18:32:53','caste',NULL,'Update','Feespayment/payment_action',1,'::1','Firefox','Windows 10'),(811,'2019-02-21 18:33:04','caste',NULL,'Update','Feespayment/payment_action',1,'::1','Firefox','Windows 10'),(812,'2019-02-21 18:47:48','caste',NULL,'Insert','caste/caste_action',1,'::1','Firefox','Windows 10'),(813,'2019-02-21 18:47:48','caste',NULL,'Insert','caste/caste_action',1,'::1','Firefox','Windows 10'),(814,'2019-02-21 18:47:48','caste',NULL,'Insert','caste/caste_action',1,'::1','Firefox','Windows 10'),(815,'2019-02-21 18:50:33','Feespayment',NULL,'Insert','Feespayment/updatePaymentMaster',1,'::1','Firefox','Windows 10'),(816,'2019-02-21 18:51:28','caste',NULL,'Update','Feespayment/payment_action',1,'::1','Firefox','Windows 10'),(817,'2019-02-21 18:51:29','Feespayment',NULL,'Insert','Feespayment/payment_action',1,'::1','Firefox','Windows 10'),(818,'2019-02-21 18:51:29','Feespayment',NULL,'Insert','Feespayment/payment_action',1,'::1','Firefox','Windows 10'),(819,'2019-02-21 18:51:29','Feespayment',NULL,'Insert','Feespayment/payment_action',1,'::1','Firefox','Windows 10'),(820,'2019-02-21 18:51:29','Feespayment',NULL,'Insert','Feespayment/payment_action',1,'::1','Firefox','Windows 10'),(821,'2019-02-21 18:51:29','Feespayment',NULL,'Insert','Feespayment/payment_action',1,'::1','Firefox','Windows 10'),(822,'2019-02-21 18:51:29','Feespayment',NULL,'Insert','Feespayment/payment_action',1,'::1','Firefox','Windows 10'),(823,'2019-02-21 18:51:41','caste',NULL,'Update','Feespayment/payment_action',1,'::1','Firefox','Windows 10'),(824,'2019-02-21 18:51:41','Feespayment',NULL,'Insert','Feespayment/payment_action',1,'::1','Firefox','Windows 10'),(825,'2019-02-21 18:51:41','Feespayment',NULL,'Insert','Feespayment/payment_action',1,'::1','Firefox','Windows 10'),(826,'2019-02-21 18:51:42','Feespayment',NULL,'Insert','Feespayment/payment_action',1,'::1','Firefox','Windows 10'),(827,'2019-02-21 18:51:42','Feespayment',NULL,'Insert','Feespayment/payment_action',1,'::1','Firefox','Windows 10'),(828,'2019-02-21 18:51:42','Feespayment',NULL,'Insert','Feespayment/payment_action',1,'::1','Firefox','Windows 10'),(829,'2019-02-21 18:51:42','Feespayment',NULL,'Insert','Feespayment/payment_action',1,'::1','Firefox','Windows 10'),(830,'2019-02-21 18:52:46','caste',NULL,'Update','Feespayment/payment_action',1,'::1','Firefox','Windows 10'),(831,'2019-02-21 18:52:46','Feespayment',NULL,'Insert','Feespayment/payment_action',1,'::1','Firefox','Windows 10'),(832,'2019-02-21 18:52:46','Feespayment',NULL,'Insert','Feespayment/payment_action',1,'::1','Firefox','Windows 10'),(833,'2019-02-21 18:52:46','Feespayment',NULL,'Insert','Feespayment/payment_action',1,'::1','Firefox','Windows 10'),(834,'2019-02-21 18:56:00','caste',NULL,'Insert','caste/caste_action',1,'::1','Firefox','Windows 10'),(835,'2019-02-21 18:56:00','caste',NULL,'Insert','caste/caste_action',1,'::1','Firefox','Windows 10'),(836,'2019-02-21 18:56:00','caste',NULL,'Insert','caste/caste_action',1,'::1','Firefox','Windows 10'),(837,'2019-02-22 19:07:45','account',NULL,'Update','account/accountAddEdit',1,'::1','Firefox','Windows 10'),(838,'2019-02-25 12:40:55','account',NULL,'Insert','account/GroupInsert',1,'::1','Firefox','Windows 10'),(840,'2019-02-25 17:34:53','generalvoucher',NULL,'Insert','generalvoucher/saveVoucherData',1,'::1','Firefox','Windows 10'),(841,'2019-02-25 18:15:48','contra',NULL,'Insert','journal/insertUpdate',1,'::1','Firefox','Windows 10'),(842,'2019-02-25 18:16:24','contra',NULL,'Insert','journal/insertUpdate',1,'::1','Firefox','Windows 10'),(843,'2019-02-25 18:35:26','generalvoucher',NULL,'Insert','generalvoucher/saveVoucherData',1,'::1','Firefox','Windows 10'),(844,'2019-02-25 18:57:18','generalvoucher',NULL,'Insert','generalvoucher/saveVoucherData',1,'::1','Firefox','Windows 10'),(845,'2019-02-25 18:58:52','generalvoucher',NULL,'Insert','generalvoucher/saveVoucherData',1,'::1','Firefox','Windows 10'),(846,'2019-02-25 19:02:18','contra',NULL,'Insert','contra/insertUpdate',1,'::1','Firefox','Windows 10'),(847,'2019-02-25 19:04:45','contra',NULL,'Update','contra/insertUpdate',1,'::1','Firefox','Windows 10'),(848,'2019-02-25 19:05:18','contra',NULL,'Insert','contra/insertUpdate',1,'::1','Firefox','Windows 10'),(849,'2019-02-25 19:18:23','contra',NULL,'Update','journal/insertUpdate',1,'::1','Firefox','Windows 10'),(850,'2019-02-25 19:19:31','contra',NULL,'Insert','journal/insertUpdate',1,'::1','Firefox','Windows 10'),(851,'2019-02-25 19:20:46','contra',NULL,'Update','journal/insertUpdate',1,'::1','Firefox','Windows 10'),(852,'2019-02-25 19:44:47','generalvoucher',NULL,'Insert','generalvoucher/saveVoucherData',1,'::1','Firefox','Windows 10'),(853,'2019-02-25 19:45:21','generalvoucher',NULL,'Insert','generalvoucher/saveVoucherData',1,'::1','Firefox','Windows 10'),(854,'2019-02-25 19:45:50','generalvoucher',NULL,'Insert','generalvoucher/saveVoucherData',1,'::1','Firefox','Windows 10'),(855,'2019-02-25 19:50:06','generalvoucher',NULL,'Insert','generalvoucher/saveVoucherData',1,'::1','Firefox','Windows 10'),(856,'2019-02-25 20:04:37','generalvoucher',NULL,'Insert','generalvoucher/saveVoucherData',1,'::1','Firefox','Windows 10'),(857,'2019-02-25 20:11:34','generalvoucher',NULL,'Insert','generalvoucher/saveVoucherData',1,'::1','Firefox','Windows 10'),(858,'2019-02-25 20:13:38','generalvoucher',NULL,'Insert','generalvoucher/saveVoucherData',1,'::1','Firefox','Windows 10'),(859,'2019-02-26 11:56:11','generalvoucher',NULL,'Insert','generalvoucher/saveVoucherData',1,'::1','Firefox','Windows 10'),(860,'2019-02-26 12:42:37','generalvoucher',NULL,'Insert','generalvoucher/saveVoucherData',1,'::1','Firefox','Windows 10'),(861,'2019-02-26 12:44:13','generalvoucher',NULL,'Insert','generalvoucher/saveVoucherData',1,'::1','Firefox','Windows 10'),(862,'2019-02-26 12:59:24','generalvoucher',NULL,'Insert','generalvoucher/saveVoucherData',1,'::1','Firefox','Windows 10'),(863,'2019-02-26 13:00:43','contra',NULL,'Insert','contra/insertUpdate',1,'::1','Firefox','Windows 10'),(864,'2019-02-26 13:20:17','generalvoucher',NULL,'Insert','generalvoucher/saveVoucherData',1,'::1','Firefox','Windows 10'),(865,'2019-02-26 13:23:14','vendor',NULL,'Insert','vendor/AddEditVendor',1,'::1','Firefox','Windows 10'),(866,'2019-02-26 13:29:43','contra',NULL,'Insert','journal/insertUpdate',1,'::1','Firefox','Windows 10'),(867,'2019-02-26 13:31:43','caste',NULL,'Insert','caste/caste_action',1,'::1','Firefox','Windows 10'),(868,'2019-02-26 13:31:43','caste',NULL,'Insert','caste/caste_action',1,'::1','Firefox','Windows 10'),(869,'2019-02-26 13:31:43','caste',NULL,'Insert','caste/caste_action',1,'::1','Firefox','Windows 10'),(870,'2019-02-26 14:05:48','caste',NULL,'Update','Feespayment/payment_action',1,'::1','Firefox','Windows 10'),(871,'2019-02-26 14:05:48','Feespayment',NULL,'Insert','Feespayment/payment_action',1,'::1','Firefox','Windows 10'),(872,'2019-02-26 14:05:48','Feespayment',NULL,'Insert','Feespayment/payment_action',1,'::1','Firefox','Windows 10'),(873,'2019-02-26 14:05:48','Feespayment',NULL,'Insert','Feespayment/payment_action',1,'::1','Firefox','Windows 10'),(874,'2019-02-26 14:05:48','Feespayment',NULL,'Insert','Feespayment/payment_action',1,'::1','Firefox','Windows 10'),(875,'2019-02-26 14:05:48','Feespayment',NULL,'Insert','Feespayment/payment_action',1,'::1','Firefox','Windows 10'),(876,'2019-02-26 14:05:48','Feespayment',NULL,'Insert','Feespayment/payment_action',1,'::1','Firefox','Windows 10'),(877,'2019-02-26 16:13:56','generalvoucher',NULL,'Insert','generalvoucher/saveVoucherData',1,'::1','Firefox','Windows 10'),(878,'2019-02-26 17:43:40','generalvoucher',NULL,'Insert','generalvoucher/saveVoucherData',1,'::1','Firefox','Windows 10'),(879,'2019-02-26 18:49:51','generalvoucher',NULL,'Update','generalvoucher/saveVoucherData',1,'::1','Firefox','Windows 10'),(880,'2019-02-26 19:00:59','generalvoucher',NULL,'Update','generalvoucher/saveVoucherData',1,'::1','Firefox','Windows 10'),(881,'2019-02-26 19:03:21','generalvoucher',NULL,'Insert','generalvoucher/saveVoucherData',1,'::1','Firefox','Windows 10'),(882,'2019-02-26 19:06:59','generalvoucher',NULL,'Update','generalvoucher/saveVoucherData',1,'::1','Firefox','Windows 10'),(883,'2019-02-26 19:18:08','contra',NULL,'Insert','journal/insertUpdate',1,'::1','Firefox','Windows 10'),(884,'2019-02-26 19:32:20','contra',NULL,'Update','journal/insertUpdate',1,'::1','Firefox','Windows 10'),(885,'2019-02-26 19:36:09','contra',NULL,'Update','journal/insertUpdate',1,'::1','Firefox','Windows 10'),(886,'2019-02-27 13:51:31','vendor',NULL,'Insert','vendor/AddEditVendor',1,'::1','Firefox','Windows 10'),(887,'2019-02-27 14:01:35','vendor',NULL,'Update','vendor/AddEditVendor',1,'::1','Firefox','Windows 10'),(889,'2019-02-28 11:46:57','contra',NULL,'Insert','journal/insertUpdate',1,'::1','Firefox','Windows 10'),(890,'2019-02-28 11:51:46','contra',NULL,'Insert','journal/insertUpdate',1,'::1','Firefox','Windows 10'),(891,'2019-02-28 12:06:02','contra',NULL,'Insert','journal/insertUpdate',1,'::1','Firefox','Windows 10'),(892,'2019-02-28 13:49:58','contra',NULL,'Update','journal/insertUpdate',1,'::1','Firefox','Windows 10'),(893,'2019-02-28 13:51:41','contra',NULL,'Update','journal/insertUpdate',1,'::1','Firefox','Windows 10'),(894,'2019-02-28 14:12:07','contra',NULL,'Insert','journal/insertUpdate',1,'::1','Firefox','Windows 10'),(895,'2019-02-28 14:13:32','contra',NULL,'Insert','journal/insertUpdate',1,'::1','Firefox','Windows 10'),(896,'2019-02-28 14:30:31','contra',NULL,'Insert','journal/insertUpdate',1,'::1','Firefox','Windows 10'),(897,'2019-02-28 14:30:53','contra',NULL,'Update','journal/insertUpdate',1,'::1','Firefox','Windows 10'),(898,'2019-02-28 19:16:40','contra',NULL,'Update','journal/insertUpdate',1,'::1','Firefox','Windows 10'),(899,'2019-02-28 19:42:10','caste',NULL,'Insert','caste/caste_action',1,'::1','Firefox','Windows 10'),(900,'2019-02-28 19:42:10','caste',NULL,'Insert','caste/caste_action',1,'::1','Firefox','Windows 10'),(901,'2019-02-28 19:42:10','caste',NULL,'Insert','caste/caste_action',1,'::1','Firefox','Windows 10'),(902,'2019-03-01 16:42:41','contra',NULL,'Insert','contra/insertUpdate',1,'::1','Firefox','Windows 10'),(903,'2019-03-01 17:16:43','contra',NULL,'Insert','contra/insertUpdate',1,'::1','Firefox','Windows 10'),(904,'2019-03-01 17:16:55','contra',NULL,'Delete','contra/deleteContraVoucher',1,'::1','Firefox','Windows 10'),(905,'2019-03-01 17:24:06','journal',NULL,'Delete','journal/deleteVoucher',1,'::1','Firefox','Windows 10'),(906,'2019-03-01 17:31:53','generalvoucher',NULL,'Delete','generalvoucher/deleteVoucher',1,'::1','Firefox','Windows 10'),(907,'2019-03-05 11:23:15','caste',NULL,'Insert','caste/caste_action',1,'::1','Firefox','Windows 10'),(908,'2019-03-05 11:23:15','caste',NULL,'Insert','caste/caste_action',1,'::1','Firefox','Windows 10'),(909,'2019-03-05 11:23:15','caste',NULL,'Insert','caste/caste_action',1,'::1','Firefox','Windows 10'),(910,'2019-03-05 11:24:24','Feespayment',NULL,'Insert','Feespayment/updatePaymentMaster',1,'::1','Firefox','Windows 10'),(911,'2019-03-07 11:44:17','caste',NULL,'Insert','caste/caste_action',1,'::1','Firefox','Windows 10'),(912,'2019-03-07 11:44:17','caste',NULL,'Insert','caste/caste_action',1,'::1','Firefox','Windows 10'),(913,'2019-03-07 11:44:17','caste',NULL,'Insert','caste/caste_action',1,'::1','Firefox','Windows 10'),(914,'2019-03-07 11:49:25','caste',NULL,'Insert','caste/caste_action',1,'::1','Firefox','Windows 10'),(915,'2019-03-07 11:49:25','caste',NULL,'Insert','caste/caste_action',1,'::1','Firefox','Windows 10'),(916,'2019-03-07 11:49:25','caste',NULL,'Insert','caste/caste_action',1,'::1','Firefox','Windows 10'),(917,'2019-03-08 11:38:44','generalvoucher',NULL,'Insert','generalvoucher/saveVoucherData',1,'::1','Firefox','Windows 10'),(918,'2019-03-08 11:47:47','contra',NULL,'Insert','contra/insertUpdate',1,'::1','Firefox','Windows 10'),(919,'2019-03-08 11:49:00','journal',NULL,'Delete','journal/deleteVoucher',1,'::1','Firefox','Windows 10'),(920,'2019-03-08 11:50:07','contra',NULL,'Insert','journal/insertUpdate',1,'::1','Firefox','Windows 10'),(921,'2019-03-08 11:54:57','contra',NULL,'Update','journal/insertUpdate',1,'::1','Firefox','Windows 10'),(922,'2019-03-08 11:57:38','journal',NULL,'Delete','journal/deleteVoucher',1,'::1','Firefox','Windows 10'),(923,'2019-03-08 11:58:13','contra',NULL,'Insert','journal/insertUpdate',1,'::1','Firefox','Windows 10'),(924,'2019-03-08 12:05:24','generalvoucher',NULL,'Insert','generalvoucher/saveVoucherData',1,'::1','Firefox','Windows 10'),(925,'2019-03-08 12:06:27','generalvoucher',NULL,'Update','generalvoucher/saveVoucherData',1,'::1','Firefox','Windows 10');

/*Table structure for table `admin_menu_master` */

CREATE TABLE `admin_menu_master` (
  `adm_menu_id` int(10) NOT NULL AUTO_INCREMENT,
  `adm_menu_name` varchar(255) DEFAULT NULL,
  `adm_menu_link` varchar(255) DEFAULT NULL,
  `is_parent` enum('P','SM','SSM','C') DEFAULT NULL COMMENT 'P= Parent,SM=Sub Menu, SSM= Sub Sub Menu',
  `parent_id` int(10) DEFAULT NULL,
  `menu_srl` int(10) DEFAULT NULL,
  `is_active` enum('Y','N') DEFAULT NULL,
  `created_on` datetime DEFAULT NULL,
  PRIMARY KEY (`adm_menu_id`)
) ENGINE=InnoDB AUTO_INCREMENT=30 DEFAULT CHARSET=utf8;

/*Data for the table `admin_menu_master` */

insert  into `admin_menu_master`(`adm_menu_id`,`adm_menu_name`,`adm_menu_link`,`is_parent`,`parent_id`,`menu_srl`,`is_active`,`created_on`) values (1,'Get Ready',NULL,'P',NULL,1,'Y','2018-12-26 17:14:21'),(3,'Class','classlist','C',1,1,'Y','2018-12-26 17:56:03'),(4,'Section','section','C',1,2,'Y','2018-12-26 18:04:30'),(5,'Occupation','occupation','C',1,3,'Y','2018-12-26 18:04:54'),(6,'Religion','religion','C',1,4,'Y','2018-12-26 18:05:27'),(7,'Caste','caste','C',1,5,'Y','2018-12-26 18:09:12'),(8,'Relationship','relationship','C',1,6,'Y','2018-12-26 18:10:08'),(9,'Student',NULL,'P',NULL,2,'Y','2018-12-26 18:10:31'),(10,'Registration','student/addstudent','C',9,1,'Y','2018-12-29 13:15:15'),(11,'Student - List','student','C',9,2,'Y','2018-12-29 13:16:41'),(12,'Settings',NULL,'P',NULL,3,'Y','2019-01-07 12:51:57'),(13,'Fees Component','feescomponent','C',12,1,'Y','2019-01-07 12:55:51'),(14,'Fees Structure','feesstructure','C',12,2,'Y','2019-01-07 12:56:10'),(15,'Fees Receipt','feespayment','C',24,3,'Y','2019-01-08 15:39:35'),(16,'Receipt History','feespayment/payment_history','C',24,4,'Y','2019-01-10 16:25:56'),(17,'Accounts',NULL,'C',1,7,'Y','2019-01-21 17:08:03'),(18,'Group','accounts','SM',17,1,'Y','2019-01-21 17:09:56'),(19,'Account','accounts/accountList','SM',17,2,'Y','2019-01-23 12:44:40'),(20,'Section & Roll Allotment','sectionandroll','C',9,3,'Y','2019-01-25 17:46:07'),(21,'Vendor','vendor','SM',17,4,'Y','2019-01-29 13:23:06'),(22,'Voucher',NULL,'P',NULL,5,'Y','2019-02-02 20:04:18'),(23,'Contra','contra','C',22,1,'Y','2019-02-02 20:05:07'),(24,'Receipt',NULL,'P',NULL,4,'Y','2019-02-11 17:10:16'),(25,'Journal','journal','C',22,2,'Y','2019-02-13 19:46:46'),(26,'Accounting Statement',NULL,'P',NULL,6,'Y','2019-02-18 14:34:49'),(27,'Trial Balance','trialbalance','C',26,2,'Y','2019-02-18 14:36:27'),(28,'General Ledger','generalledger','C',26,1,'Y','2019-02-21 19:33:43'),(29,'General','generalvoucher','C',22,3,'Y','2019-02-23 14:40:11');

/*Table structure for table `admin_user` */

CREATE TABLE `admin_user` (
  `user_id` int(10) NOT NULL AUTO_INCREMENT,
  `username` varchar(255) DEFAULT NULL,
  `password` varchar(255) DEFAULT NULL,
  `school_master_id` int(10) DEFAULT NULL,
  `is_active` enum('Y','N') DEFAULT NULL,
  `mobile_no` varchar(20) DEFAULT NULL,
  `created_on` timestamp NULL DEFAULT CURRENT_TIMESTAMP,
  `created_by` int(10) DEFAULT NULL,
  `last_modified` datetime DEFAULT NULL,
  PRIMARY KEY (`user_id`)
) ENGINE=InnoDB AUTO_INCREMENT=2 DEFAULT CHARSET=utf8;

/*Data for the table `admin_user` */

insert  into `admin_user`(`user_id`,`username`,`password`,`school_master_id`,`is_active`,`mobile_no`,`created_on`,`created_by`,`last_modified`) values (1,'admin','admin',1,'Y',NULL,'2018-12-26 18:37:27',NULL,NULL);

/*Table structure for table `blood_group` */

CREATE TABLE `blood_group` (
  `id` int(10) NOT NULL AUTO_INCREMENT,
  `group` varchar(50) DEFAULT NULL,
  PRIMARY KEY (`id`)
) ENGINE=InnoDB AUTO_INCREMENT=9 DEFAULT CHARSET=utf8;

/*Data for the table `blood_group` */

insert  into `blood_group`(`id`,`group`) values (1,'A'),(2,'B'),(3,'AB'),(4,'O'),(5,'A-'),(6,'B-'),(7,'AB-'),(8,'O-');

/*Table structure for table `caste_master` */

CREATE TABLE `caste_master` (
  `id` int(10) NOT NULL AUTO_INCREMENT,
  `caste` varchar(255) DEFAULT NULL,
  `is_active` tinyint(1) DEFAULT NULL,
  `created_on` timestamp NOT NULL DEFAULT CURRENT_TIMESTAMP,
  `created_by` int(10) DEFAULT NULL,
  `last_modified` datetime DEFAULT NULL,
  PRIMARY KEY (`id`)
) ENGINE=InnoDB AUTO_INCREMENT=10 DEFAULT CHARSET=utf8;

/*Data for the table `caste_master` */

insert  into `caste_master`(`id`,`caste`,`is_active`,`created_on`,`created_by`,`last_modified`) values (1,'General',1,'2018-12-26 23:59:05',1,NULL),(2,'ST',1,'2018-12-26 23:59:19',1,'2018-12-26 00:00:00'),(5,'SC',1,'2018-12-27 00:39:20',1,NULL),(6,'OBC',1,'2018-12-27 00:39:28',1,NULL),(7,'Others',1,'2018-12-27 00:42:27',1,NULL),(8,'xyz',1,'2019-01-22 13:40:59',1,NULL),(9,'ff',1,'2019-01-22 13:46:56',1,NULL);

/*Table structure for table `class_master` */

CREATE TABLE `class_master` (
  `id` int(10) NOT NULL AUTO_INCREMENT,
  `classname` varbinary(255) DEFAULT NULL,
  `created_on` timestamp NOT NULL DEFAULT CURRENT_TIMESTAMP,
  `created_by` int(10) DEFAULT NULL,
  `last_modified` datetime DEFAULT NULL,
  `is_active` tinyint(1) DEFAULT NULL,
  PRIMARY KEY (`id`)
) ENGINE=InnoDB AUTO_INCREMENT=9 DEFAULT CHARSET=utf8;

/*Data for the table `class_master` */

insert  into `class_master`(`id`,`classname`,`created_on`,`created_by`,`last_modified`,`is_active`) values (1,'LN','2018-12-26 18:38:49',1,'2019-01-07 00:00:00',1),(2,'UN','2018-12-26 21:33:57',1,'2019-01-07 00:00:00',1),(3,'KG','2019-01-07 14:38:52',1,NULL,1),(4,'I','2019-01-07 14:39:00',1,NULL,1),(5,'II','2019-01-07 14:39:57',1,NULL,1),(6,'III','2019-01-07 14:40:09',1,NULL,1),(7,'IV','2019-01-07 14:40:18',1,NULL,1),(8,'V','2019-01-07 14:40:29',1,NULL,1);

/*Table structure for table `csvdata` */

CREATE TABLE `csvdata` (
  `id` int(20) NOT NULL AUTO_INCREMENT,
  `Alphsorted` int(20) DEFAULT NULL,
  `Changedate` datetime DEFAULT NULL,
  `Changecomment` varchar(255) DEFAULT NULL,
  `Createddate` datetime DEFAULT NULL,
  `NPUcode` varchar(255) DEFAULT NULL,
  `Shortdefinition` varchar(255) DEFAULT NULL,
  `System` varchar(100) DEFAULT NULL,
  `Sysspec` varchar(255) DEFAULT NULL,
  `Prefix` varchar(255) DEFAULT NULL,
  `Component` varchar(255) DEFAULT NULL,
  `Compspec` varchar(255) DEFAULT NULL,
  `Kindofproperty` varchar(255) DEFAULT NULL,
  `Proc` varchar(255) DEFAULT NULL,
  `Unit` varchar(50) DEFAULT NULL,
  `Speciality` varchar(255) DEFAULT NULL,
  `Subspeciality` varchar(255) DEFAULT NULL,
  `Type` varchar(255) DEFAULT NULL,
  `Codevalue` varchar(255) DEFAULT NULL,
  `Contextdependant` varchar(255) DEFAULT NULL,
  `Scaletype` varchar(255) DEFAULT NULL,
  `Rule` varchar(255) DEFAULT NULL,
  `Active` enum('0','1') DEFAULT '0',
  PRIMARY KEY (`id`)
) ENGINE=InnoDB AUTO_INCREMENT=722 DEFAULT CHARSET=utf8;

/*Data for the table `csvdata` */

insert  into `csvdata`(`id`,`Alphsorted`,`Changedate`,`Changecomment`,`Createddate`,`NPUcode`,`Shortdefinition`,`System`,`Sysspec`,`Prefix`,`Component`,`Compspec`,`Kindofproperty`,`Proc`,`Unit`,`Speciality`,`Subspeciality`,`Type`,`Codevalue`,`Contextdependant`,`Scaletype`,`Rule`,`Active`) values (705,705,'2017-01-13 00:00:00','Specification changed','1996-01-01 00:00:00','NPU01720','PComplement C1 esterase inhibitor; subst.c.(proc.) = ? mol/L','P','','','Complement C1 esterase inhibitor','','subst.c.','proc.','mol/L','IMM','','','1720','','Ratio','','1'),(706,706,'2013-06-20 00:00:00','Specification changed','1996-05-13 00:00:00','NPU01721','PComplement C1q; arb.c.(erythrol.; proc.) = ?','P','','','Complement C1q','','arb.c.','erythrol.;proc.','','IMM','','','1721','','Ordinal','','1'),(707,707,'2017-01-13 00:00:00','Specification changed','1996-01-01 00:00:00','NPU01722','PComplement C1q; subst.c.(proc.) = ? mol/L','P','','','Complement C1q','','subst.c.','proc.','mol/L','IMM','','','1722','','Ratio','','1'),(708,708,'2013-06-20 00:00:00','Specification changed','1996-05-13 00:00:00','NPU01723','PComplement C1r2-C1s2; arb.c.(erythrol.; proc.) = ?','P','','','Complement C1r2-C1s2','','arb.c.','erythrol.;proc.','','IMM','','','1723','','Ordinal','','1'),(709,709,'2017-01-13 00:00:00','Specification changed','1996-01-01 00:00:00','NPU01724','PComplement C1r2-C1s2; subst.c.(proc.) = ? mol/L','P','','','Complement C1r2-C1s2','','subst.c.','proc.','mol/L','IMM','','','1724','','Ratio','','1'),(710,710,'2013-06-20 00:00:00','Specification changed','1996-05-13 00:00:00','NPU01725','PComplement C2; arb.c.(erythrol.; proc.) = ?','P','','','Complement C2','','arb.c.','erythrol.;proc.','','IMM','','','1725','','Ordinal','','1'),(711,711,'2017-01-13 00:00:00','Specification changed','1996-01-01 00:00:00','NPU01726','PComplement C2; subst.c.(proc.) = ? mol/L','P','','','Complement C2','','subst.c.','proc.','mol/L','IMM','','','1726','','Ratio','','1'),(712,712,'2012-02-08 00:00:00','Speciality changed','1996-01-01 00:00:00','NPU01727','PComplement C3; subst.c. = ? mol/L','P','','','Complement C3','','subst.c.','','mol/L','IMM','','','1727','','Ratio','','1'),(714,714,'2017-01-13 00:00:00','Specification changed','1996-01-01 00:00:00','NPU01720','PComplement C1 esterase inhibitor; subst.c.(proc.) = ? mol/L','P','','','Complement C1 esterase inhibitor','','subst.c.','proc.','mol/L','IMM','','','1720','','Ratio','','1'),(715,715,'2013-06-20 00:00:00','Specification changed','1996-05-13 00:00:00','NPU01721','PComplement C1q; arb.c.(erythrol.; proc.) = ?','P','','','Complement C1q','','arb.c.','erythrol.;proc.','','IMM','','','1721','','Ordinal','','1'),(716,716,'2017-01-13 00:00:00','Specification changed','1996-01-01 00:00:00','NPU01722','PComplement C1q; subst.c.(proc.) = ? mol/L','P','','','Complement C1q','','subst.c.','proc.','mol/L','IMM','','','1722','','Ratio','','1'),(717,717,'2013-06-20 00:00:00','Specification changed','1996-05-13 00:00:00','NPU01723','PComplement C1r2-C1s2; arb.c.(erythrol.; proc.) = ?','P','','','Complement C1r2-C1s2','','arb.c.','erythrol.;proc.','','IMM','','','1723','','Ordinal','','1'),(718,718,'2017-01-13 00:00:00','Specification changed','1996-01-01 00:00:00','NPU01724','PComplement C1r2-C1s2; subst.c.(proc.) = ? mol/L','P','','','Complement C1r2-C1s2','','subst.c.','proc.','mol/L','IMM','','','1724','','Ratio','','1'),(719,719,'2013-06-20 00:00:00','Specification changed','1996-05-13 00:00:00','NPU01725','PComplement C2; arb.c.(erythrol.; proc.) = ?','P','','','Complement C2','','arb.c.','erythrol.;proc.','','IMM','','','1725','','Ordinal','','1'),(720,720,'2017-01-13 00:00:00','Specification changed','1996-01-01 00:00:00','NPU01726','PComplement C2; subst.c.(proc.) = ? mol/L','P','','','Complement C2','','subst.c.','proc.','mol/L','IMM','','','1726','','Ratio','','1'),(721,721,'2012-02-08 00:00:00','Speciality changed','1996-01-01 00:00:00','NPU01727','PComplement C3; subst.c. = ? mol/L','P','','','Complement C3','','subst.c.','','mol/L','IMM','','','1727','','Ratio','','1');

/*Table structure for table `district` */

CREATE TABLE `district` (
  `id` int(11) NOT NULL AUTO_INCREMENT,
  `name` varchar(30) NOT NULL,
  `state_id` int(11) NOT NULL,
  `is_active` enum('Y','N') DEFAULT NULL,
  `created_by` int(10) DEFAULT NULL,
  `created_on` datetime DEFAULT NULL,
  PRIMARY KEY (`id`)
) ENGINE=InnoDB AUTO_INCREMENT=30 DEFAULT CHARSET=utf8;

/*Data for the table `district` */

insert  into `district`(`id`,`name`,`state_id`,`is_active`,`created_by`,`created_on`) values (4,'Bangladesh',4121,'Y',1,'2018-02-19 16:55:26'),(5,'Dhaka',4121,'Y',1,'2018-02-19 16:55:51'),(6,'Jessore',4121,'Y',1,'2018-02-19 16:56:10'),(7,'Khulna',4121,'Y',1,'2018-02-19 16:56:25'),(8,'Naugaon',4121,'Y',1,'2018-02-19 16:56:39'),(9,'Pabna',4121,'Y',1,'2018-02-19 16:56:56'),(10,'Rajsahi',4121,'Y',1,'2018-02-19 16:57:07'),(11,'Dhanbad',16,'Y',1,'2018-02-19 16:57:17'),(12,'Birbhum',41,'Y',1,'2018-02-19 16:57:25'),(13,'Bardhaman',41,'Y',1,'2018-02-19 16:57:32'),(14,'Cooch Behar',41,'Y',1,'2018-02-19 16:57:38'),(15,'South Dinajpur',41,'Y',1,'2018-02-19 16:57:45'),(16,'Darjeeling',41,'Y',1,'2018-02-19 16:57:52'),(17,'Hooghly',41,'Y',1,'2018-02-19 16:58:21'),(18,'Howrah',41,'Y',1,'2018-02-19 16:58:28'),(19,'Jalpaiguri',41,'Y',1,'2018-02-19 16:58:50'),(20,'Kolkata',41,'Y',1,'2018-02-19 16:58:59'),(21,'Malda',41,'Y',1,'2018-02-19 16:59:04'),(22,'Murshidabad',41,'Y',1,'2018-02-19 16:59:11'),(23,'Nadia',41,'Y',1,'2018-02-19 16:59:17'),(24,'24pgs(N)',41,'Y',1,'2018-02-19 16:59:24'),(25,'West Midnapore',41,'Y',1,'2018-02-19 17:00:00'),(26,'East Midnapore',41,'Y',1,'2018-02-19 17:00:09'),(27,'Puruliya',41,'Y',1,'2018-02-19 17:00:17'),(28,'24pgs(S)',41,'Y',1,'2018-02-19 17:00:25'),(29,'North Dinajpur',41,'Y',1,'2018-02-19 17:00:33');

/*Table structure for table `documents_upload_type` */

CREATE TABLE `documents_upload_type` (
  `id` int(10) NOT NULL AUTO_INCREMENT,
  `document_type` varchar(255) DEFAULT NULL,
  `allowed_extension` varchar(255) DEFAULT NULL,
  `is_active` enum('Y','N') DEFAULT NULL,
  PRIMARY KEY (`id`)
) ENGINE=InnoDB AUTO_INCREMENT=6 DEFAULT CHARSET=utf8;

/*Data for the table `documents_upload_type` */

insert  into `documents_upload_type`(`id`,`document_type`,`allowed_extension`,`is_active`) values (1,'Profile Pic',NULL,'Y'),(2,'Images',NULL,'Y'),(3,'PDF Documents',NULL,'Y'),(4,'XLS Documents',NULL,'Y'),(5,'Others',NULL,'Y');

/*Table structure for table `fees_session` */

CREATE TABLE `fees_session` (
  `id` int(10) NOT NULL AUTO_INCREMENT,
  `fees_id` int(10) DEFAULT NULL,
  `class_id` int(10) DEFAULT NULL,
  `amount` decimal(10,2) DEFAULT NULL,
  `acdm_session_id` int(10) DEFAULT NULL,
  `accnt_year_id` int(10) DEFAULT NULL,
  `school_id` int(10) DEFAULT NULL,
  `created_on` timestamp NOT NULL DEFAULT CURRENT_TIMESTAMP,
  `created_by` int(10) DEFAULT NULL,
  `last_modified` datetime DEFAULT NULL,
  PRIMARY KEY (`id`)
) ENGINE=InnoDB AUTO_INCREMENT=10 DEFAULT CHARSET=utf8;

/*Data for the table `fees_session` */

insert  into `fees_session`(`id`,`fees_id`,`class_id`,`amount`,`acdm_session_id`,`accnt_year_id`,`school_id`,`created_on`,`created_by`,`last_modified`) values (7,2,1,'550.00',1,1,1,'2019-02-12 17:14:43',1,'2019-02-12 00:00:00'),(8,5,1,'400.00',1,1,1,'2019-02-15 19:21:05',1,NULL),(9,6,1,'500.00',1,1,1,'2019-02-16 16:26:42',1,NULL);

/*Table structure for table `fees_strucrure_month_dtl` */

CREATE TABLE `fees_strucrure_month_dtl` (
  `id` int(10) NOT NULL AUTO_INCREMENT,
  `fees_structure_id` int(10) DEFAULT NULL COMMENT 'Table:fees_structure',
  `month_id` int(10) DEFAULT NULL,
  `amount` decimal(10,2) DEFAULT NULL,
  `created_on` timestamp NOT NULL DEFAULT CURRENT_TIMESTAMP,
  `created_by` int(10) DEFAULT NULL,
  `last_modified` datetime DEFAULT NULL,
  PRIMARY KEY (`id`)
) ENGINE=InnoDB AUTO_INCREMENT=146 DEFAULT CHARSET=utf8;

/*Data for the table `fees_strucrure_month_dtl` */

insert  into `fees_strucrure_month_dtl`(`id`,`fees_structure_id`,`month_id`,`amount`,`created_on`,`created_by`,`last_modified`) values (98,1,1,NULL,'2019-02-16 16:32:07',NULL,NULL),(99,1,2,NULL,'2019-02-16 16:32:07',NULL,NULL),(100,1,3,NULL,'2019-02-16 16:32:07',NULL,NULL),(101,1,4,NULL,'2019-02-16 16:32:07',NULL,NULL),(102,1,5,NULL,'2019-02-16 16:32:07',NULL,NULL),(103,1,6,NULL,'2019-02-16 16:32:08',NULL,NULL),(104,1,7,NULL,'2019-02-16 16:32:08',NULL,NULL),(105,1,8,NULL,'2019-02-16 16:32:08',NULL,NULL),(106,1,9,NULL,'2019-02-16 16:32:08',NULL,NULL),(107,1,10,NULL,'2019-02-16 16:32:08',NULL,NULL),(108,1,11,NULL,'2019-02-16 16:32:08',NULL,NULL),(109,1,12,NULL,'2019-02-16 16:32:08',NULL,NULL),(110,2,1,NULL,'2019-02-16 16:32:26',NULL,NULL),(111,2,2,NULL,'2019-02-16 16:32:26',NULL,NULL),(112,2,3,NULL,'2019-02-16 16:32:26',NULL,NULL),(113,2,4,NULL,'2019-02-16 16:32:26',NULL,NULL),(114,2,5,NULL,'2019-02-16 16:32:26',NULL,NULL),(115,2,6,NULL,'2019-02-16 16:32:26',NULL,NULL),(116,2,7,NULL,'2019-02-16 16:32:26',NULL,NULL),(117,2,8,NULL,'2019-02-16 16:32:26',NULL,NULL),(118,2,9,NULL,'2019-02-16 16:32:26',NULL,NULL),(119,2,10,NULL,'2019-02-16 16:32:26',NULL,NULL),(120,2,11,NULL,'2019-02-16 16:32:26',NULL,NULL),(121,2,12,NULL,'2019-02-16 16:32:26',NULL,NULL),(122,6,1,NULL,'2019-02-16 16:32:47',NULL,NULL),(123,6,2,NULL,'2019-02-16 16:32:47',NULL,NULL),(124,6,3,NULL,'2019-02-16 16:32:47',NULL,NULL),(125,6,4,NULL,'2019-02-16 16:32:47',NULL,NULL),(126,6,5,NULL,'2019-02-16 16:32:47',NULL,NULL),(127,6,6,NULL,'2019-02-16 16:32:47',NULL,NULL),(128,6,7,NULL,'2019-02-16 16:32:47',NULL,NULL),(129,6,8,NULL,'2019-02-16 16:32:47',NULL,NULL),(130,6,9,NULL,'2019-02-16 16:32:47',NULL,NULL),(131,6,10,NULL,'2019-02-16 16:32:47',NULL,NULL),(132,6,11,NULL,'2019-02-16 16:32:47',NULL,NULL),(133,6,12,NULL,'2019-02-16 16:32:47',NULL,NULL),(134,5,1,NULL,'2019-02-16 16:33:04',NULL,NULL),(135,5,2,NULL,'2019-02-16 16:33:04',NULL,NULL),(136,5,3,NULL,'2019-02-16 16:33:04',NULL,NULL),(137,5,4,NULL,'2019-02-16 16:33:04',NULL,NULL),(138,5,5,NULL,'2019-02-16 16:33:04',NULL,NULL),(139,5,6,NULL,'2019-02-16 16:33:04',NULL,NULL),(140,5,7,NULL,'2019-02-16 16:33:04',NULL,NULL),(141,5,8,NULL,'2019-02-16 16:33:04',NULL,NULL),(142,5,9,NULL,'2019-02-16 16:33:04',NULL,NULL),(143,5,10,NULL,'2019-02-16 16:33:04',NULL,NULL),(144,5,11,NULL,'2019-02-16 16:33:04',NULL,NULL),(145,5,12,NULL,'2019-02-16 16:33:04',NULL,NULL);

/*Table structure for table `fees_structure` */

CREATE TABLE `fees_structure` (
  `id` int(10) NOT NULL AUTO_INCREMENT,
  `fees_desc` varchar(255) DEFAULT NULL,
  `account_id` int(50) DEFAULT NULL,
  `school_id` int(10) DEFAULT NULL,
  `created_on` timestamp NOT NULL DEFAULT CURRENT_TIMESTAMP,
  `created_by` int(10) DEFAULT NULL,
  `last_modified` datetime DEFAULT NULL,
  PRIMARY KEY (`id`)
) ENGINE=InnoDB AUTO_INCREMENT=9 DEFAULT CHARSET=utf8;

/*Data for the table `fees_structure` */

insert  into `fees_structure`(`id`,`fees_desc`,`account_id`,`school_id`,`created_on`,`created_by`,`last_modified`) values (1,'TUTION FEES',39,1,'2019-01-07 14:35:10',1,'2019-02-16 00:00:00'),(2,'MONTHLY CHARGES',40,1,'2019-01-07 16:58:57',1,'2019-02-16 00:00:00'),(3,'ADMINISTRATION CHARGES',NULL,1,'2019-01-08 13:22:07',1,'2019-01-09 00:00:00'),(4,'DEVELOPMENT FEES',NULL,1,'2019-01-08 14:24:41',1,'2019-01-09 00:00:00'),(5,'COMPUTER FEES',41,1,'2019-01-08 14:24:58',1,'2019-02-16 00:00:00'),(6,'MUSIC &amp; DANCE',42,1,'2019-01-08 14:25:29',1,'2019-02-16 00:00:00'),(7,'LABORATORY FEES',NULL,1,'2019-01-08 14:25:46',1,'2019-01-08 00:00:00'),(8,'EXAM FEES',NULL,1,'2019-01-08 14:27:09',1,'2019-01-09 00:00:00');

/*Table structure for table `gender_master` */

CREATE TABLE `gender_master` (
  `id` int(10) NOT NULL AUTO_INCREMENT,
  `gender` varchar(50) DEFAULT NULL,
  PRIMARY KEY (`id`)
) ENGINE=InnoDB AUTO_INCREMENT=4 DEFAULT CHARSET=utf8;

/*Data for the table `gender_master` */

insert  into `gender_master`(`id`,`gender`) values (1,'Male'),(2,'Female'),(3,'Other');

/*Table structure for table `group_master` */

CREATE TABLE `group_master` (
  `id` int(11) NOT NULL AUTO_INCREMENT,
  `group_description` varchar(1000) NOT NULL,
  `main_category` enum('B','P') NOT NULL COMMENT 'B-Balance Sheet,P-Profit & Loss',
  `sub_category` enum('A','L','I','E') NOT NULL COMMENT 'A-Assets,L-Liability,I-Income,E-Expenditure',
  `is_bank` enum('Y','N') DEFAULT NULL,
  `is_special` enum('Y','N') NOT NULL COMMENT 'for delete purpose',
  `is_active` enum('Y','N') NOT NULL,
  `create_dt` timestamp NOT NULL DEFAULT CURRENT_TIMESTAMP ON UPDATE CURRENT_TIMESTAMP,
  PRIMARY KEY (`id`)
) ENGINE=InnoDB AUTO_INCREMENT=46 DEFAULT CHARSET=latin1;

/*Data for the table `group_master` */

insert  into `group_master`(`id`,`group_description`,`main_category`,`sub_category`,`is_bank`,`is_special`,`is_active`,`create_dt`) values (31,'Sundry Debtor','B','A',NULL,'Y','Y','2019-01-24 18:04:48'),(32,'Sundry Creditor','B','L',NULL,'Y','Y','2019-01-24 18:04:54'),(33,'Cash','B','A',NULL,'Y','Y','2019-01-24 18:04:59'),(34,'Bank','B','A','N','Y','Y','2019-02-13 17:52:20'),(35,'Indirect Expenditure','P','E',NULL,'Y','Y','2019-01-24 18:05:07'),(36,'Sale','P','I',NULL,'Y','Y','2019-01-24 18:05:12'),(37,'Purchase','P','E',NULL,'Y','Y','2019-01-24 18:05:16'),(38,'Current Liabilities','B','L',NULL,'Y','Y','2019-01-24 18:05:21'),(39,'Direct Expenditure','P','E',NULL,'Y','Y','2019-01-24 18:05:25'),(40,'Fixed Assets','B','A',NULL,'Y','Y','2019-01-24 18:05:29'),(41,'Indirect Income','P','I',NULL,'Y','Y','2019-01-24 18:05:34'),(42,'Investment','B','A',NULL,'Y','Y','2019-01-24 18:05:38'),(43,'Direct Income','P','I','Y','N','Y','2019-02-13 16:54:35'),(44,'Test_group','B','L','Y','N','Y','2019-02-13 17:49:02'),(45,'vendor ram','B','L','Y','N','Y','2019-02-25 12:40:55');

/*Table structure for table `month_master` */

CREATE TABLE `month_master` (
  `id` int(10) NOT NULL AUTO_INCREMENT,
  `month` varchar(255) DEFAULT NULL,
  `month_code` varchar(10) DEFAULT NULL,
  PRIMARY KEY (`id`)
) ENGINE=InnoDB AUTO_INCREMENT=13 DEFAULT CHARSET=utf8;

/*Data for the table `month_master` */

insert  into `month_master`(`id`,`month`,`month_code`) values (1,'April','APR'),(2,'May','MAY'),(3,'June','JUN'),(4,'July','JUL'),(5,'August','AUG'),(6,'September','SEP'),(7,'October','OCT'),(8,'November','MOV'),(9,'December','DEC'),(10,'January','JAN'),(11,'February','FEB'),(12,'March','MAR');

/*Table structure for table `occupation_master` */

CREATE TABLE `occupation_master` (
  `id` int(10) NOT NULL AUTO_INCREMENT,
  `occupation` varchar(255) DEFAULT NULL,
  `is_active` tinyint(1) DEFAULT NULL,
  `created_on` timestamp NOT NULL DEFAULT CURRENT_TIMESTAMP,
  `created_by` int(10) DEFAULT NULL,
  `last_modified` datetime DEFAULT NULL,
  PRIMARY KEY (`id`)
) ENGINE=InnoDB AUTO_INCREMENT=2 DEFAULT CHARSET=utf8;

/*Data for the table `occupation_master` */

insert  into `occupation_master`(`id`,`occupation`,`is_active`,`created_on`,`created_by`,`last_modified`) values (1,'Teacher',1,'2018-12-26 22:43:34',1,'2018-12-26 00:00:00');

/*Table structure for table `payment_details` */

CREATE TABLE `payment_details` (
  `id` int(10) NOT NULL AUTO_INCREMENT,
  `payment_master_id` int(10) DEFAULT NULL,
  `payment_month_dtl_id` int(10) DEFAULT NULL COMMENT 'Table:payment_month_dtl',
  `month_id` int(10) DEFAULT NULL,
  `fees_component_id` int(10) DEFAULT NULL COMMENT 'Table:fes_structure',
  `amount` int(10) DEFAULT NULL,
  `created_on` timestamp NULL DEFAULT CURRENT_TIMESTAMP,
  `created_by` int(10) DEFAULT NULL,
  `fees_session_id` int(11) DEFAULT NULL,
  `last_modified` datetime DEFAULT NULL,
  PRIMARY KEY (`id`)
) ENGINE=InnoDB AUTO_INCREMENT=13 DEFAULT CHARSET=utf8;

/*Data for the table `payment_details` */

insert  into `payment_details`(`id`,`payment_master_id`,`payment_month_dtl_id`,`month_id`,`fees_component_id`,`amount`,`created_on`,`created_by`,`fees_session_id`,`last_modified`) values (1,1,1,10,2,550,'2019-02-28 19:42:10',1,7,NULL),(2,1,1,10,6,500,'2019-02-28 19:42:10',1,7,NULL),(3,1,1,10,5,400,'2019-02-28 19:42:10',1,7,NULL),(4,2,2,1,2,550,'2019-03-05 11:23:15',1,7,NULL),(5,2,2,1,6,500,'2019-03-05 11:23:15',1,7,NULL),(6,2,2,1,5,400,'2019-03-05 11:23:15',1,7,NULL),(7,3,3,1,2,550,'2019-03-07 11:44:17',1,7,NULL),(8,3,3,1,6,500,'2019-03-07 11:44:17',1,7,NULL),(9,3,3,1,5,400,'2019-03-07 11:44:17',1,7,NULL),(10,4,4,2,2,550,'2019-03-07 11:49:25',1,7,NULL),(11,4,4,2,6,500,'2019-03-07 11:49:25',1,7,NULL),(12,4,4,2,5,400,'2019-03-07 11:49:25',1,7,NULL);

/*Table structure for table `payment_master` */

CREATE TABLE `payment_master` (
  `payment_id` int(10) NOT NULL AUTO_INCREMENT,
  `academic_dtl_id` int(10) DEFAULT NULL,
  `class_id` int(10) DEFAULT NULL,
  `school_id` int(10) DEFAULT NULL,
  `acdm_session_id` int(10) DEFAULT NULL,
  `accnt_year_id` int(10) DEFAULT NULL,
  `student_id` int(10) DEFAULT NULL,
  `payment_date` datetime DEFAULT NULL,
  `payment_mode` varchar(255) DEFAULT NULL,
  `total_amount` decimal(10,2) DEFAULT NULL,
  `paid_amount` decimal(10,2) DEFAULT NULL,
  `cheque_no` varchar(50) DEFAULT NULL,
  `bank_name` varchar(100) DEFAULT NULL,
  `cheque_date` date DEFAULT NULL,
  `branch_name` varchar(255) DEFAULT NULL,
  `narration` varchar(255) DEFAULT NULL,
  `voucher_master_id` int(10) DEFAULT NULL,
  `created_on` timestamp NOT NULL DEFAULT CURRENT_TIMESTAMP,
  `created_by` int(10) DEFAULT NULL,
  `last_modified` datetime DEFAULT NULL,
  `memono` varchar(255) DEFAULT NULL,
  PRIMARY KEY (`payment_id`)
) ENGINE=InnoDB AUTO_INCREMENT=5 DEFAULT CHARSET=utf8;

/*Data for the table `payment_master` */

insert  into `payment_master`(`payment_id`,`academic_dtl_id`,`class_id`,`school_id`,`acdm_session_id`,`accnt_year_id`,`student_id`,`payment_date`,`payment_mode`,`total_amount`,`paid_amount`,`cheque_no`,`bank_name`,`cheque_date`,`branch_name`,`narration`,`voucher_master_id`,`created_on`,`created_by`,`last_modified`,`memono`) values (1,10,1,1,1,1,11,'2019-02-28 00:00:00','1','1450.00','1000.00','','',NULL,'','ertgery',NULL,'2019-02-28 19:42:09',1,NULL,NULL),(2,10,1,1,1,1,11,'2019-03-05 00:00:00','1','1450.00','1000.00','','',NULL,'','test fees edit',NULL,'2019-03-05 11:23:14',1,NULL,NULL),(3,31,1,1,1,1,33,'2019-03-07 00:00:00','1','1450.00','1000.00','','',NULL,'','AAAAAAAAAAAA',NULL,'2019-03-07 11:44:16',1,NULL,NULL),(4,10,1,1,1,1,11,'2019-03-07 00:00:00','1','1450.00','1000.00','','',NULL,'','h',NULL,'2019-03-07 11:49:25',1,NULL,NULL);

/*Table structure for table `payment_mode_master` */

CREATE TABLE `payment_mode_master` (
  `id` int(11) NOT NULL AUTO_INCREMENT,
  `payment_mode` varchar(50) DEFAULT NULL,
  `create_date` timestamp NOT NULL DEFAULT CURRENT_TIMESTAMP,
  PRIMARY KEY (`id`)
) ENGINE=InnoDB AUTO_INCREMENT=5 DEFAULT CHARSET=latin1;

/*Data for the table `payment_mode_master` */

insert  into `payment_mode_master`(`id`,`payment_mode`,`create_date`) values (1,'Card','2019-02-14 18:10:24'),(2,'Cash','2019-02-14 18:10:32'),(3,'Cheque','2019-02-14 18:10:45'),(4,'Transfer','2019-02-14 18:10:55');

/*Table structure for table `payment_month_dtl` */

CREATE TABLE `payment_month_dtl` (
  `id` int(10) NOT NULL AUTO_INCREMENT,
  `payment_master_id` int(10) DEFAULT NULL,
  `month_id` int(10) DEFAULT NULL,
  `amount` decimal(10,2) DEFAULT NULL COMMENT 'total monthly component sum',
  `created_on` timestamp NOT NULL DEFAULT CURRENT_TIMESTAMP,
  `created_by` int(10) DEFAULT NULL,
  `last_modified` datetime DEFAULT NULL,
  PRIMARY KEY (`id`)
) ENGINE=InnoDB AUTO_INCREMENT=5 DEFAULT CHARSET=utf8;

/*Data for the table `payment_month_dtl` */

insert  into `payment_month_dtl`(`id`,`payment_master_id`,`month_id`,`amount`,`created_on`,`created_by`,`last_modified`) values (1,1,10,'1450.00','2019-02-28 19:42:10',1,NULL),(2,2,1,'1450.00','2019-03-05 11:23:15',1,NULL),(3,3,1,'1450.00','2019-03-07 11:44:17',1,NULL),(4,4,2,'1450.00','2019-03-07 11:49:25',1,NULL);

/*Table structure for table `payment_voucher_ref` */

CREATE TABLE `payment_voucher_ref` (
  `id` int(11) NOT NULL AUTO_INCREMENT,
  `payment_id` int(11) DEFAULT NULL,
  `voucher_id` int(11) DEFAULT NULL,
  `voucher_tag` enum('J','R') DEFAULT NULL COMMENT 'J- JV voucher ,R - RC voucher',
  `create_dt` timestamp NOT NULL DEFAULT CURRENT_TIMESTAMP ON UPDATE CURRENT_TIMESTAMP,
  PRIMARY KEY (`id`)
) ENGINE=InnoDB AUTO_INCREMENT=9 DEFAULT CHARSET=latin1;

/*Data for the table `payment_voucher_ref` */

insert  into `payment_voucher_ref`(`id`,`payment_id`,`voucher_id`,`voucher_tag`,`create_dt`) values (1,1,97,'J','2019-02-28 19:42:10'),(2,1,98,'R','2019-02-28 19:42:10'),(3,2,100,'J','2019-03-05 11:23:15'),(4,2,101,'R','2019-03-05 11:23:15'),(5,3,102,'J','2019-03-07 11:44:17'),(6,3,103,'R','2019-03-07 11:44:17'),(7,4,104,'J','2019-03-07 11:49:25'),(8,4,105,'R','2019-03-07 11:49:25');

/*Table structure for table `relationship_master` */

CREATE TABLE `relationship_master` (
  `id` int(10) NOT NULL AUTO_INCREMENT,
  `relation` varchar(255) DEFAULT NULL,
  `is_active` tinyint(1) DEFAULT NULL,
  `created_on` timestamp NOT NULL DEFAULT CURRENT_TIMESTAMP,
  `created_by` int(10) DEFAULT NULL,
  `last_modified` datetime DEFAULT NULL,
  PRIMARY KEY (`id`)
) ENGINE=InnoDB AUTO_INCREMENT=20 DEFAULT CHARSET=utf8;

/*Data for the table `relationship_master` */

insert  into `relationship_master`(`id`,`relation`,`is_active`,`created_on`,`created_by`,`last_modified`) values (1,'Father',NULL,'2018-12-27 00:15:04',1,NULL),(2,'Mother',NULL,'2018-12-27 00:15:04',1,NULL),(3,'Son',NULL,'2018-12-27 00:15:04',1,NULL),(4,'Daughter',NULL,'2018-12-27 00:15:04',1,NULL),(5,'Husband',NULL,'2018-12-27 00:15:04',1,NULL),(6,'Wife',NULL,'2018-12-27 00:15:04',1,NULL),(7,'Brother',NULL,'2018-12-27 00:15:04',1,NULL),(8,'Sister',NULL,'2018-12-27 00:15:04',1,NULL),(9,'Grandfather',NULL,'2018-12-27 00:15:04',1,NULL),(10,'Grandmother',NULL,'2018-12-27 00:15:04',1,NULL),(11,'Grandson',NULL,'2018-12-27 00:15:04',1,NULL),(12,'Granddaughter',NULL,'2018-12-27 00:15:04',1,NULL),(13,'Uncle',NULL,'2018-12-27 00:15:04',1,NULL),(14,'Aunt',NULL,'2018-12-27 00:15:04',1,'2018-12-26 00:00:00'),(15,'Nephew',NULL,'2018-12-27 00:15:04',1,NULL),(16,'Niece',NULL,'2018-12-27 00:15:04',1,NULL),(17,'Cousin',NULL,'2018-12-27 00:15:04',1,NULL),(18,'Self',NULL,'2018-12-27 00:15:04',1,NULL),(19,'Non Worker',NULL,'2018-12-27 00:15:04',1,NULL);

/*Table structure for table `religion_master` */

CREATE TABLE `religion_master` (
  `id` int(10) NOT NULL AUTO_INCREMENT,
  `religion` varchar(255) DEFAULT NULL,
  `is_active` tinyint(1) DEFAULT NULL,
  `created_on` timestamp NOT NULL DEFAULT CURRENT_TIMESTAMP,
  `created_by` int(10) DEFAULT NULL,
  `last_modified` datetime DEFAULT NULL,
  PRIMARY KEY (`id`)
) ENGINE=InnoDB AUTO_INCREMENT=2 DEFAULT CHARSET=utf8;

/*Data for the table `religion_master` */

insert  into `religion_master`(`id`,`religion`,`is_active`,`created_on`,`created_by`,`last_modified`) values (1,'Hindu',1,'2018-12-26 23:03:20',1,'2018-12-26 00:00:00');

/*Table structure for table `school_master` */

CREATE TABLE `school_master` (
  `id` int(10) NOT NULL AUTO_INCREMENT,
  `school_name` varchar(255) DEFAULT NULL,
  `address` varchar(255) DEFAULT NULL,
  `address2` varchar(255) DEFAULT NULL,
  `state` varchar(50) DEFAULT NULL,
  `pin` varchar(50) DEFAULT NULL,
  `contact_persone` varchar(50) DEFAULT NULL,
  `is_active` enum('Y','N') DEFAULT NULL,
  `created_on` timestamp NULL DEFAULT CURRENT_TIMESTAMP,
  `created_by` int(10) DEFAULT NULL,
  `last_modified` datetime DEFAULT NULL,
  PRIMARY KEY (`id`)
) ENGINE=InnoDB AUTO_INCREMENT=3 DEFAULT CHARSET=utf8;

/*Data for the table `school_master` */

insert  into `school_master`(`id`,`school_name`,`address`,`address2`,`state`,`pin`,`contact_persone`,`is_active`,`created_on`,`created_by`,`last_modified`) values (1,'New Vista Academy','BAGPOTA ROAD, SARSUNA, KOLKATA - 700061',NULL,'West Bengal','700061',NULL,'Y','2018-12-26 18:36:27',NULL,'2019-02-18 17:03:50'),(2,'Kecarmel',NULL,NULL,NULL,NULL,NULL,'Y','2019-01-07 18:18:08',NULL,NULL);

/*Table structure for table `section_master` */

CREATE TABLE `section_master` (
  `id` int(10) NOT NULL AUTO_INCREMENT,
  `section` varchar(255) DEFAULT NULL,
  `is_active` tinyint(1) DEFAULT NULL,
  `created_on` timestamp NOT NULL DEFAULT CURRENT_TIMESTAMP,
  `created_by` int(10) DEFAULT NULL,
  `last_modified` datetime DEFAULT NULL,
  PRIMARY KEY (`id`)
) ENGINE=InnoDB AUTO_INCREMENT=4 DEFAULT CHARSET=utf8;

/*Data for the table `section_master` */

insert  into `section_master`(`id`,`section`,`is_active`,`created_on`,`created_by`,`last_modified`) values (1,'A',1,'2018-12-26 18:48:52',1,NULL),(2,'B',1,'2018-12-26 18:48:56',1,NULL),(3,'C',1,'2018-12-26 18:49:06',1,NULL);

/*Table structure for table `states` */

CREATE TABLE `states` (
  `id` int(11) NOT NULL AUTO_INCREMENT,
  `name` varchar(30) NOT NULL,
  `country_id` int(11) NOT NULL DEFAULT '1',
  `is_active` enum('Y','N') DEFAULT 'N',
  PRIMARY KEY (`id`)
) ENGINE=InnoDB AUTO_INCREMENT=4122 DEFAULT CHARSET=utf8;

/*Data for the table `states` */

insert  into `states`(`id`,`name`,`country_id`,`is_active`) values (1,'Andaman and Nicobar Islands',101,'Y'),(2,'Andhra Pradesh',101,'Y'),(3,'Arunachal Pradesh',101,'Y'),(4,'Assam',101,'Y'),(5,'Bihar',101,'Y'),(6,'Chandigarh',101,'Y'),(7,'Chhattisgarh',101,'Y'),(8,'Dadra and Nagar Haveli',101,'Y'),(9,'Daman and Diu',101,'Y'),(10,'Delhi',101,'Y'),(11,'Goa',101,'Y'),(12,'Gujarat',101,'Y'),(13,'Haryana',101,'Y'),(14,'Himachal Pradesh',101,'Y'),(15,'Jammu and Kashmir',101,'Y'),(16,'Jharkhand',101,'Y'),(17,'Karnataka',101,'Y'),(18,'Kenmore',101,'Y'),(19,'Kerala',101,'Y'),(20,'Lakshadweep',101,'Y'),(21,'Madhya Pradesh',101,'Y'),(22,'Maharashtra',101,'Y'),(23,'Manipur',101,'Y'),(24,'Meghalaya',101,'Y'),(25,'Mizoram',101,'Y'),(26,'Nagaland',101,'Y'),(27,'Narora',101,'Y'),(28,'Natwar',101,'Y'),(29,'Odisha',101,'Y'),(30,'Paschim Medinipur',101,'Y'),(31,'Pondicherry',101,'Y'),(32,'Punjab',101,'Y'),(33,'Rajasthan',101,'Y'),(34,'Sikkim',101,'Y'),(35,'Tamil Nadu',101,'Y'),(36,'Telangana',101,'Y'),(37,'Tripura',101,'Y'),(38,'Uttar Pradesh',101,'Y'),(39,'Uttarakhand',101,'Y'),(40,'Vaishali',101,'Y'),(41,'West Bengal',101,'Y'),(42,'Badakhshan',1,'N'),(43,'Badgis',1,'N'),(44,'Baglan',1,'N'),(45,'Balkh',1,'N'),(46,'Bamiyan',1,'N'),(47,'Farah',1,'N'),(48,'Faryab',1,'N'),(49,'Gawr',1,'N'),(50,'Gazni',1,'N'),(51,'Herat',1,'N'),(52,'Hilmand',1,'N'),(53,'Jawzjan',1,'N'),(54,'Kabul',1,'N'),(55,'Kapisa',1,'N'),(56,'Khawst',1,'N'),(57,'Kunar',1,'N'),(58,'Lagman',1,'N'),(59,'Lawghar',1,'N'),(60,'Nangarhar',1,'N'),(61,'Nimruz',1,'N'),(62,'Nuristan',1,'N'),(63,'Paktika',1,'N'),(64,'Paktiya',1,'N'),(65,'Parwan',1,'N'),(66,'Qandahar',1,'N'),(67,'Qunduz',1,'N'),(68,'Samangan',1,'N'),(69,'Sar-e Pul',1,'N'),(70,'Takhar',1,'N'),(71,'Uruzgan',1,'N'),(72,'Wardag',1,'N'),(73,'Zabul',1,'N'),(74,'Berat',2,'N'),(75,'Bulqize',2,'N'),(76,'Delvine',2,'N'),(77,'Devoll',2,'N'),(78,'Dibre',2,'N'),(79,'Durres',2,'N'),(80,'Elbasan',2,'N'),(81,'Fier',2,'N'),(82,'Gjirokaster',2,'N'),(83,'Gramsh',2,'N'),(84,'Has',2,'N'),(85,'Kavaje',2,'N'),(86,'Kolonje',2,'N'),(87,'Korce',2,'N'),(88,'Kruje',2,'N'),(89,'Kucove',2,'N'),(90,'Kukes',2,'N'),(91,'Kurbin',2,'N'),(92,'Lezhe',2,'N'),(93,'Librazhd',2,'N'),(94,'Lushnje',2,'N'),(95,'Mallakaster',2,'N'),(96,'Malsi e Madhe',2,'N'),(97,'Mat',2,'N'),(98,'Mirdite',2,'N'),(99,'Peqin',2,'N'),(100,'Permet',2,'N'),(101,'Pogradec',2,'N'),(102,'Puke',2,'N'),(103,'Sarande',2,'N'),(104,'Shkoder',2,'N'),(105,'Skrapar',2,'N'),(106,'Tepelene',2,'N'),(107,'Tirane',2,'N'),(108,'Tropoje',2,'N'),(109,'Vlore',2,'N'),(110,'\'Ayn Daflah',3,'N'),(111,'\'Ayn Tamushanat',3,'N'),(112,'Adrar',3,'N'),(113,'Algiers',3,'N'),(114,'Annabah',3,'N'),(115,'Bashshar',3,'N'),(116,'Batnah',3,'N'),(117,'Bijayah',3,'N'),(118,'Biskrah',3,'N'),(119,'Blidah',3,'N'),(120,'Buirah',3,'N'),(121,'Bumardas',3,'N'),(122,'Burj Bu Arririj',3,'N'),(123,'Ghalizan',3,'N'),(124,'Ghardayah',3,'N'),(125,'Ilizi',3,'N'),(126,'Jijili',3,'N'),(127,'Jilfah',3,'N'),(128,'Khanshalah',3,'N'),(129,'Masilah',3,'N'),(130,'Midyah',3,'N'),(131,'Milah',3,'N'),(132,'Muaskar',3,'N'),(133,'Mustaghanam',3,'N'),(134,'Naama',3,'N'),(135,'Oran',3,'N'),(136,'Ouargla',3,'N'),(137,'Qalmah',3,'N'),(138,'Qustantinah',3,'N'),(139,'Sakikdah',3,'N'),(140,'Satif',3,'N'),(141,'Sayda\'',3,'N'),(142,'Sidi ban-al-\'Abbas',3,'N'),(143,'Suq Ahras',3,'N'),(144,'Tamanghasat',3,'N'),(145,'Tibazah',3,'N'),(146,'Tibissah',3,'N'),(147,'Tilimsan',3,'N'),(148,'Tinduf',3,'N'),(149,'Tisamsilt',3,'N'),(150,'Tiyarat',3,'N'),(151,'Tizi Wazu',3,'N'),(152,'Umm-al-Bawaghi',3,'N'),(153,'Wahran',3,'N'),(154,'Warqla',3,'N'),(155,'Wilaya d Alger',3,'N'),(156,'Wilaya de Bejaia',3,'N'),(157,'Wilaya de Constantine',3,'N'),(158,'al-Aghwat',3,'N'),(159,'al-Bayadh',3,'N'),(160,'al-Jaza\'ir',3,'N'),(161,'al-Wad',3,'N'),(162,'ash-Shalif',3,'N'),(163,'at-Tarif',3,'N'),(164,'Eastern',4,'N'),(165,'Manu\'a',4,'N'),(166,'Swains Island',4,'N'),(167,'Western',4,'N'),(168,'Andorra la Vella',5,'N'),(169,'Canillo',5,'N'),(170,'Encamp',5,'N'),(171,'La Massana',5,'N'),(172,'Les Escaldes',5,'N'),(173,'Ordino',5,'N'),(174,'Sant Julia de Loria',5,'N'),(175,'Bengo',6,'N'),(176,'Benguela',6,'N'),(177,'Bie',6,'N'),(178,'Cabinda',6,'N'),(179,'Cunene',6,'N'),(180,'Huambo',6,'N'),(181,'Huila',6,'N'),(182,'Kuando-Kubango',6,'N'),(183,'Kwanza Norte',6,'N'),(184,'Kwanza Sul',6,'N'),(185,'Luanda',6,'N'),(186,'Lunda Norte',6,'N'),(187,'Lunda Sul',6,'N'),(188,'Malanje',6,'N'),(189,'Moxico',6,'N'),(190,'Namibe',6,'N'),(191,'Uige',6,'N'),(192,'Zaire',6,'N'),(193,'Other Provinces',7,'N'),(194,'Sector claimed by Argentina/Ch',8,'N'),(195,'Sector claimed by Argentina/UK',8,'N'),(196,'Sector claimed by Australia',8,'N'),(197,'Sector claimed by France',8,'N'),(198,'Sector claimed by New Zealand',8,'N'),(199,'Sector claimed by Norway',8,'N'),(200,'Unclaimed Sector',8,'N'),(201,'Barbuda',9,'N'),(202,'Saint George',9,'N'),(203,'Saint John',9,'N'),(204,'Saint Mary',9,'N'),(205,'Saint Paul',9,'N'),(206,'Saint Peter',9,'N'),(207,'Saint Philip',9,'N'),(208,'Buenos Aires',10,'N'),(209,'Catamarca',10,'N'),(210,'Chaco',10,'N'),(211,'Chubut',10,'N'),(212,'Cordoba',10,'N'),(213,'Corrientes',10,'N'),(214,'Distrito Federal',10,'N'),(215,'Entre Rios',10,'N'),(216,'Formosa',10,'N'),(217,'Jujuy',10,'N'),(218,'La Pampa',10,'N'),(219,'La Rioja',10,'N'),(220,'Mendoza',10,'N'),(221,'Misiones',10,'N'),(222,'Neuquen',10,'N'),(223,'Rio Negro',10,'N'),(224,'Salta',10,'N'),(225,'San Juan',10,'N'),(226,'San Luis',10,'N'),(227,'Santa Cruz',10,'N'),(228,'Santa Fe',10,'N'),(229,'Santiago del Estero',10,'N'),(230,'Tierra del Fuego',10,'N'),(231,'Tucuman',10,'N'),(232,'Aragatsotn',11,'N'),(233,'Ararat',11,'N'),(234,'Armavir',11,'N'),(235,'Gegharkunik',11,'N'),(236,'Kotaik',11,'N'),(237,'Lori',11,'N'),(238,'Shirak',11,'N'),(239,'Stepanakert',11,'N'),(240,'Syunik',11,'N'),(241,'Tavush',11,'N'),(242,'Vayots Dzor',11,'N'),(243,'Yerevan',11,'N'),(244,'Aruba',12,'N'),(245,'Auckland',13,'N'),(246,'Australian Capital Territory',13,'N'),(247,'Balgowlah',13,'N'),(248,'Balmain',13,'N'),(249,'Bankstown',13,'N'),(250,'Baulkham Hills',13,'N'),(251,'Bonnet Bay',13,'N'),(252,'Camberwell',13,'N'),(253,'Carole Park',13,'N'),(254,'Castle Hill',13,'N'),(255,'Caulfield',13,'N'),(256,'Chatswood',13,'N'),(257,'Cheltenham',13,'N'),(258,'Cherrybrook',13,'N'),(259,'Clayton',13,'N'),(260,'Collingwood',13,'N'),(261,'Frenchs Forest',13,'N'),(262,'Hawthorn',13,'N'),(263,'Jannnali',13,'N'),(264,'Knoxfield',13,'N'),(265,'Melbourne',13,'N'),(266,'New South Wales',13,'N'),(267,'Northern Territory',13,'N'),(268,'Perth',13,'N'),(269,'Queensland',13,'N'),(270,'South Australia',13,'N'),(271,'Tasmania',13,'N'),(272,'Templestowe',13,'N'),(273,'Victoria',13,'N'),(274,'Werribee south',13,'N'),(275,'Western Australia',13,'N'),(276,'Wheeler',13,'N'),(277,'Bundesland Salzburg',14,'N'),(278,'Bundesland Steiermark',14,'N'),(279,'Bundesland Tirol',14,'N'),(280,'Burgenland',14,'N'),(281,'Carinthia',14,'N'),(282,'Karnten',14,'N'),(283,'Liezen',14,'N'),(284,'Lower Austria',14,'N'),(285,'Niederosterreich',14,'N'),(286,'Oberosterreich',14,'N'),(287,'Salzburg',14,'N'),(288,'Schleswig-Holstein',14,'N'),(289,'Steiermark',14,'N'),(290,'Styria',14,'N'),(291,'Tirol',14,'N'),(292,'Upper Austria',14,'N'),(293,'Vorarlberg',14,'N'),(294,'Wien',14,'N'),(295,'Abseron',15,'N'),(296,'Baki Sahari',15,'N'),(297,'Ganca',15,'N'),(298,'Ganja',15,'N'),(299,'Kalbacar',15,'N'),(300,'Lankaran',15,'N'),(301,'Mil-Qarabax',15,'N'),(302,'Mugan-Salyan',15,'N'),(303,'Nagorni-Qarabax',15,'N'),(304,'Naxcivan',15,'N'),(305,'Priaraks',15,'N'),(306,'Qazax',15,'N'),(307,'Saki',15,'N'),(308,'Sirvan',15,'N'),(309,'Xacmaz',15,'N'),(310,'Abaco',16,'N'),(311,'Acklins Island',16,'N'),(312,'Andros',16,'N'),(313,'Berry Islands',16,'N'),(314,'Biminis',16,'N'),(315,'Cat Island',16,'N'),(316,'Crooked Island',16,'N'),(317,'Eleuthera',16,'N'),(318,'Exuma and Cays',16,'N'),(319,'Grand Bahama',16,'N'),(320,'Inagua Islands',16,'N'),(321,'Long Island',16,'N'),(322,'Mayaguana',16,'N'),(323,'New Providence',16,'N'),(324,'Ragged Island',16,'N'),(325,'Rum Cay',16,'N'),(326,'San Salvador',16,'N'),(327,'\'Isa',17,'N'),(328,'Badiyah',17,'N'),(329,'Hidd',17,'N'),(330,'Jidd Hafs',17,'N'),(331,'Mahama',17,'N'),(332,'Manama',17,'N'),(333,'Sitrah',17,'N'),(334,'al-Manamah',17,'N'),(335,'al-Muharraq',17,'N'),(336,'ar-Rifa\'a',17,'N'),(337,'Bagar Hat',18,'Y'),(338,'Bandarban',18,'Y'),(339,'Barguna',18,'Y'),(340,'Barisal',18,'Y'),(341,'Bhola',18,'Y'),(342,'Bogora',18,'Y'),(343,'Brahman Bariya',18,'Y'),(344,'Chandpur',18,'Y'),(345,'Chattagam',18,'Y'),(346,'Chittagong Division',18,'Y'),(347,'Chuadanga',18,'Y'),(348,'Dhaka',18,'Y'),(349,'Dinajpur',18,'Y'),(350,'Faridpur',18,'Y'),(351,'Feni',18,'Y'),(352,'Gaybanda',18,'Y'),(353,'Gazipur',18,'Y'),(354,'Gopalganj',18,'Y'),(355,'Habiganj',18,'Y'),(356,'Jaipur Hat',18,'Y'),(357,'Jamalpur',18,'Y'),(358,'Jessor',18,'Y'),(359,'Jhalakati',18,'Y'),(360,'Jhanaydah',18,'Y'),(361,'Khagrachhari',18,'Y'),(362,'Khulna',18,'Y'),(363,'Kishorganj',18,'Y'),(364,'Koks Bazar',18,'Y'),(365,'Komilla',18,'Y'),(366,'Kurigram',18,'Y'),(367,'Kushtiya',18,'Y'),(368,'Lakshmipur',18,'Y'),(369,'Lalmanir Hat',18,'Y'),(370,'Madaripur',18,'Y'),(371,'Magura',18,'Y'),(372,'Maimansingh',18,'Y'),(373,'Manikganj',18,'Y'),(374,'Maulvi Bazar',18,'Y'),(375,'Meherpur',18,'Y'),(376,'Munshiganj',18,'Y'),(377,'Naral',18,'Y'),(378,'Narayanganj',18,'Y'),(379,'Narsingdi',18,'Y'),(380,'Nator',18,'Y'),(381,'Naugaon',18,'Y'),(382,'Nawabganj',18,'Y'),(383,'Netrakona',18,'Y'),(384,'Nilphamari',18,'Y'),(385,'Noakhali',18,'Y'),(386,'Pabna',18,'Y'),(387,'Panchagarh',18,'Y'),(388,'Patuakhali',18,'Y'),(389,'Pirojpur',18,'Y'),(390,'Rajbari',18,'Y'),(391,'Rajshahi',18,'Y'),(392,'Rangamati',18,'Y'),(393,'Rangpur',18,'Y'),(394,'Satkhira',18,'Y'),(395,'Shariatpur',18,'Y'),(396,'Sherpur',18,'Y'),(397,'Silhat',18,'Y'),(398,'Sirajganj',18,'Y'),(399,'Sunamganj',18,'Y'),(400,'Tangayal',18,'Y'),(401,'Thakurgaon',18,'Y'),(402,'Christ Church',19,'N'),(403,'Saint Andrew',19,'N'),(404,'Saint George',19,'N'),(405,'Saint James',19,'N'),(406,'Saint John',19,'N'),(407,'Saint Joseph',19,'N'),(408,'Saint Lucy',19,'N'),(409,'Saint Michael',19,'N'),(410,'Saint Peter',19,'N'),(411,'Saint Philip',19,'N'),(412,'Saint Thomas',19,'N'),(413,'Brest',20,'N'),(414,'Homjel\'',20,'N'),(415,'Hrodna',20,'N'),(416,'Mahiljow',20,'N'),(417,'Mahilyowskaya Voblasts',20,'N'),(418,'Minsk',20,'N'),(419,'Minskaja Voblasts\'',20,'N'),(420,'Petrik',20,'N'),(421,'Vicebsk',20,'N'),(422,'Antwerpen',21,'N'),(423,'Berchem',21,'N'),(424,'Brabant',21,'N'),(425,'Brabant Wallon',21,'N'),(426,'Brussel',21,'N'),(427,'East Flanders',21,'N'),(428,'Hainaut',21,'N'),(429,'Liege',21,'N'),(430,'Limburg',21,'N'),(431,'Luxembourg',21,'N'),(432,'Namur',21,'N'),(433,'Ontario',21,'N'),(434,'Oost-Vlaanderen',21,'N'),(435,'Provincie Brabant',21,'N'),(436,'Vlaams-Brabant',21,'N'),(437,'Wallonne',21,'N'),(438,'West-Vlaanderen',21,'N'),(439,'Belize',22,'N'),(440,'Cayo',22,'N'),(441,'Corozal',22,'N'),(442,'Orange Walk',22,'N'),(443,'Stann Creek',22,'N'),(444,'Toledo',22,'N'),(445,'Alibori',23,'N'),(446,'Atacora',23,'N'),(447,'Atlantique',23,'N'),(448,'Borgou',23,'N'),(449,'Collines',23,'N'),(450,'Couffo',23,'N'),(451,'Donga',23,'N'),(452,'Littoral',23,'N'),(453,'Mono',23,'N'),(454,'Oueme',23,'N'),(455,'Plateau',23,'N'),(456,'Zou',23,'N'),(457,'Hamilton',24,'N'),(458,'Saint George',24,'N'),(459,'Bumthang',25,'N'),(460,'Chhukha',25,'N'),(461,'Chirang',25,'N'),(462,'Daga',25,'N'),(463,'Geylegphug',25,'N'),(464,'Ha',25,'N'),(465,'Lhuntshi',25,'N'),(466,'Mongar',25,'N'),(467,'Pemagatsel',25,'N'),(468,'Punakha',25,'N'),(469,'Rinpung',25,'N'),(470,'Samchi',25,'N'),(471,'Samdrup Jongkhar',25,'N'),(472,'Shemgang',25,'N'),(473,'Tashigang',25,'N'),(474,'Timphu',25,'N'),(475,'Tongsa',25,'N'),(476,'Wangdiphodrang',25,'N'),(477,'Beni',26,'N'),(478,'Chuquisaca',26,'N'),(479,'Cochabamba',26,'N'),(480,'La Paz',26,'N'),(481,'Oruro',26,'N'),(482,'Pando',26,'N'),(483,'Potosi',26,'N'),(484,'Santa Cruz',26,'N'),(485,'Tarija',26,'N'),(486,'Federacija Bosna i Hercegovina',27,'N'),(487,'Republika Srpska',27,'N'),(488,'Central Bobonong',28,'N'),(489,'Central Boteti',28,'N'),(490,'Central Mahalapye',28,'N'),(491,'Central Serowe-Palapye',28,'N'),(492,'Central Tutume',28,'N'),(493,'Chobe',28,'N'),(494,'Francistown',28,'N'),(495,'Gaborone',28,'N'),(496,'Ghanzi',28,'N'),(497,'Jwaneng',28,'N'),(498,'Kgalagadi North',28,'N'),(499,'Kgalagadi South',28,'N'),(500,'Kgatleng',28,'N'),(501,'Kweneng',28,'N'),(502,'Lobatse',28,'N'),(503,'Ngamiland',28,'N'),(504,'Ngwaketse',28,'N'),(505,'North East',28,'N'),(506,'Okavango',28,'N'),(507,'Orapa',28,'N'),(508,'Selibe Phikwe',28,'N'),(509,'South East',28,'N'),(510,'Sowa',28,'N'),(511,'Bouvet Island',29,'N'),(512,'Acre',30,'N'),(513,'Alagoas',30,'N'),(514,'Amapa',30,'N'),(515,'Amazonas',30,'N'),(516,'Bahia',30,'N'),(517,'Ceara',30,'N'),(518,'Distrito Federal',30,'N'),(519,'Espirito Santo',30,'N'),(520,'Estado de Sao Paulo',30,'N'),(521,'Goias',30,'N'),(522,'Maranhao',30,'N'),(523,'Mato Grosso',30,'N'),(524,'Mato Grosso do Sul',30,'N'),(525,'Minas Gerais',30,'N'),(526,'Para',30,'N'),(527,'Paraiba',30,'N'),(528,'Parana',30,'N'),(529,'Pernambuco',30,'N'),(530,'Piaui',30,'N'),(531,'Rio Grande do Norte',30,'N'),(532,'Rio Grande do Sul',30,'N'),(533,'Rio de Janeiro',30,'N'),(534,'Rondonia',30,'N'),(535,'Roraima',30,'N'),(536,'Santa Catarina',30,'N'),(537,'Sao Paulo',30,'N'),(538,'Sergipe',30,'N'),(539,'Tocantins',30,'N'),(540,'British Indian Ocean Territory',31,'N'),(541,'Belait',32,'N'),(542,'Brunei-Muara',32,'N'),(543,'Temburong',32,'N'),(544,'Tutong',32,'N'),(545,'Blagoevgrad',33,'N'),(546,'Burgas',33,'N'),(547,'Dobrich',33,'N'),(548,'Gabrovo',33,'N'),(549,'Haskovo',33,'N'),(550,'Jambol',33,'N'),(551,'Kardzhali',33,'N'),(552,'Kjustendil',33,'N'),(553,'Lovech',33,'N'),(554,'Montana',33,'N'),(555,'Oblast Sofiya-Grad',33,'N'),(556,'Pazardzhik',33,'N'),(557,'Pernik',33,'N'),(558,'Pleven',33,'N'),(559,'Plovdiv',33,'N'),(560,'Razgrad',33,'N'),(561,'Ruse',33,'N'),(562,'Shumen',33,'N'),(563,'Silistra',33,'N'),(564,'Sliven',33,'N'),(565,'Smoljan',33,'N'),(566,'Sofija grad',33,'N'),(567,'Sofijska oblast',33,'N'),(568,'Stara Zagora',33,'N'),(569,'Targovishte',33,'N'),(570,'Varna',33,'N'),(571,'Veliko Tarnovo',33,'N'),(572,'Vidin',33,'N'),(573,'Vraca',33,'N'),(574,'Yablaniza',33,'N'),(575,'Bale',34,'N'),(576,'Bam',34,'N'),(577,'Bazega',34,'N'),(578,'Bougouriba',34,'N'),(579,'Boulgou',34,'N'),(580,'Boulkiemde',34,'N'),(581,'Comoe',34,'N'),(582,'Ganzourgou',34,'N'),(583,'Gnagna',34,'N'),(584,'Gourma',34,'N'),(585,'Houet',34,'N'),(586,'Ioba',34,'N'),(587,'Kadiogo',34,'N'),(588,'Kenedougou',34,'N'),(589,'Komandjari',34,'N'),(590,'Kompienga',34,'N'),(591,'Kossi',34,'N'),(592,'Kouritenga',34,'N'),(593,'Kourweogo',34,'N'),(594,'Leraba',34,'N'),(595,'Mouhoun',34,'N'),(596,'Nahouri',34,'N'),(597,'Namentenga',34,'N'),(598,'Noumbiel',34,'N'),(599,'Oubritenga',34,'N'),(600,'Oudalan',34,'N'),(601,'Passore',34,'N'),(602,'Poni',34,'N'),(603,'Sanguie',34,'N'),(604,'Sanmatenga',34,'N'),(605,'Seno',34,'N'),(606,'Sissili',34,'N'),(607,'Soum',34,'N'),(608,'Sourou',34,'N'),(609,'Tapoa',34,'N'),(610,'Tuy',34,'N'),(611,'Yatenga',34,'N'),(612,'Zondoma',34,'N'),(613,'Zoundweogo',34,'N'),(614,'Bubanza',35,'N'),(615,'Bujumbura',35,'N'),(616,'Bururi',35,'N'),(617,'Cankuzo',35,'N'),(618,'Cibitoke',35,'N'),(619,'Gitega',35,'N'),(620,'Karuzi',35,'N'),(621,'Kayanza',35,'N'),(622,'Kirundo',35,'N'),(623,'Makamba',35,'N'),(624,'Muramvya',35,'N'),(625,'Muyinga',35,'N'),(626,'Ngozi',35,'N'),(627,'Rutana',35,'N'),(628,'Ruyigi',35,'N'),(629,'Banteay Mean Chey',36,'N'),(630,'Bat Dambang',36,'N'),(631,'Kampong Cham',36,'N'),(632,'Kampong Chhnang',36,'N'),(633,'Kampong Spoeu',36,'N'),(634,'Kampong Thum',36,'N'),(635,'Kampot',36,'N'),(636,'Kandal',36,'N'),(637,'Kaoh Kong',36,'N'),(638,'Kracheh',36,'N'),(639,'Krong Kaeb',36,'N'),(640,'Krong Pailin',36,'N'),(641,'Krong Preah Sihanouk',36,'N'),(642,'Mondol Kiri',36,'N'),(643,'Otdar Mean Chey',36,'N'),(644,'Phnum Penh',36,'N'),(645,'Pousat',36,'N'),(646,'Preah Vihear',36,'N'),(647,'Prey Veaeng',36,'N'),(648,'Rotanak Kiri',36,'N'),(649,'Siem Reab',36,'N'),(650,'Stueng Traeng',36,'N'),(651,'Svay Rieng',36,'N'),(652,'Takaev',36,'N'),(653,'Adamaoua',37,'N'),(654,'Centre',37,'N'),(655,'Est',37,'N'),(656,'Littoral',37,'N'),(657,'Nord',37,'N'),(658,'Nord Extreme',37,'N'),(659,'Nordouest',37,'N'),(660,'Ouest',37,'N'),(661,'Sud',37,'N'),(662,'Sudouest',37,'N'),(663,'Alberta',38,'N'),(664,'British Columbia',38,'N'),(665,'Manitoba',38,'N'),(666,'New Brunswick',38,'N'),(667,'Newfoundland and Labrador',38,'N'),(668,'Northwest Territories',38,'N'),(669,'Nova Scotia',38,'N'),(670,'Nunavut',38,'N'),(671,'Ontario',38,'N'),(672,'Prince Edward Island',38,'N'),(673,'Quebec',38,'N'),(674,'Saskatchewan',38,'N'),(675,'Yukon',38,'N'),(676,'Boavista',39,'N'),(677,'Brava',39,'N'),(678,'Fogo',39,'N'),(679,'Maio',39,'N'),(680,'Sal',39,'N'),(681,'Santo Antao',39,'N'),(682,'Sao Nicolau',39,'N'),(683,'Sao Tiago',39,'N'),(684,'Sao Vicente',39,'N'),(685,'Grand Cayman',40,'N'),(686,'Bamingui-Bangoran',41,'N'),(687,'Bangui',41,'N'),(688,'Basse-Kotto',41,'N'),(689,'Haut-Mbomou',41,'N'),(690,'Haute-Kotto',41,'N'),(691,'Kemo',41,'N'),(692,'Lobaye',41,'N'),(693,'Mambere-Kadei',41,'N'),(694,'Mbomou',41,'N'),(695,'Nana-Gribizi',41,'N'),(696,'Nana-Mambere',41,'N'),(697,'Ombella Mpoko',41,'N'),(698,'Ouaka',41,'N'),(699,'Ouham',41,'N'),(700,'Ouham-Pende',41,'N'),(701,'Sangha-Mbaere',41,'N'),(702,'Vakaga',41,'N'),(703,'Batha',42,'N'),(704,'Biltine',42,'N'),(705,'Bourkou-Ennedi-Tibesti',42,'N'),(706,'Chari-Baguirmi',42,'N'),(707,'Guera',42,'N'),(708,'Kanem',42,'N'),(709,'Lac',42,'N'),(710,'Logone Occidental',42,'N'),(711,'Logone Oriental',42,'N'),(712,'Mayo-Kebbi',42,'N'),(713,'Moyen-Chari',42,'N'),(714,'Ouaddai',42,'N'),(715,'Salamat',42,'N'),(716,'Tandjile',42,'N'),(717,'Aisen',43,'N'),(718,'Antofagasta',43,'N'),(719,'Araucania',43,'N'),(720,'Atacama',43,'N'),(721,'Bio Bio',43,'N'),(722,'Coquimbo',43,'N'),(723,'Libertador General Bernardo O\'',43,'N'),(724,'Los Lagos',43,'N'),(725,'Magellanes',43,'N'),(726,'Maule',43,'N'),(727,'Metropolitana',43,'N'),(728,'Metropolitana de Santiago',43,'N'),(729,'Tarapaca',43,'N'),(730,'Valparaiso',43,'N'),(731,'Anhui',44,'N'),(732,'Anhui Province',44,'N'),(733,'Anhui Sheng',44,'N'),(734,'Aomen',44,'N'),(735,'Beijing',44,'N'),(736,'Beijing Shi',44,'N'),(737,'Chongqing',44,'N'),(738,'Fujian',44,'N'),(739,'Fujian Sheng',44,'N'),(740,'Gansu',44,'N'),(741,'Guangdong',44,'N'),(742,'Guangdong Sheng',44,'N'),(743,'Guangxi',44,'N'),(744,'Guizhou',44,'N'),(745,'Hainan',44,'N'),(746,'Hebei',44,'N'),(747,'Heilongjiang',44,'N'),(748,'Henan',44,'N'),(749,'Hubei',44,'N'),(750,'Hunan',44,'N'),(751,'Jiangsu',44,'N'),(752,'Jiangsu Sheng',44,'N'),(753,'Jiangxi',44,'N'),(754,'Jilin',44,'N'),(755,'Liaoning',44,'N'),(756,'Liaoning Sheng',44,'N'),(757,'Nei Monggol',44,'N'),(758,'Ningxia Hui',44,'N'),(759,'Qinghai',44,'N'),(760,'Shaanxi',44,'N'),(761,'Shandong',44,'N'),(762,'Shandong Sheng',44,'N'),(763,'Shanghai',44,'N'),(764,'Shanxi',44,'N'),(765,'Sichuan',44,'N'),(766,'Tianjin',44,'N'),(767,'Xianggang',44,'N'),(768,'Xinjiang',44,'N'),(769,'Xizang',44,'N'),(770,'Yunnan',44,'N'),(771,'Zhejiang',44,'N'),(772,'Zhejiang Sheng',44,'N'),(773,'Christmas Island',45,'N'),(774,'Cocos (Keeling) Islands',46,'N'),(775,'Amazonas',47,'N'),(776,'Antioquia',47,'N'),(777,'Arauca',47,'N'),(778,'Atlantico',47,'N'),(779,'Bogota',47,'N'),(780,'Bolivar',47,'N'),(781,'Boyaca',47,'N'),(782,'Caldas',47,'N'),(783,'Caqueta',47,'N'),(784,'Casanare',47,'N'),(785,'Cauca',47,'N'),(786,'Cesar',47,'N'),(787,'Choco',47,'N'),(788,'Cordoba',47,'N'),(789,'Cundinamarca',47,'N'),(790,'Guainia',47,'N'),(791,'Guaviare',47,'N'),(792,'Huila',47,'N'),(793,'La Guajira',47,'N'),(794,'Magdalena',47,'N'),(795,'Meta',47,'N'),(796,'Narino',47,'N'),(797,'Norte de Santander',47,'N'),(798,'Putumayo',47,'N'),(799,'Quindio',47,'N'),(800,'Risaralda',47,'N'),(801,'San Andres y Providencia',47,'N'),(802,'Santander',47,'N'),(803,'Sucre',47,'N'),(804,'Tolima',47,'N'),(805,'Valle del Cauca',47,'N'),(806,'Vaupes',47,'N'),(807,'Vichada',47,'N'),(808,'Mwali',48,'N'),(809,'Njazidja',48,'N'),(810,'Nzwani',48,'N'),(811,'Bouenza',49,'N'),(812,'Brazzaville',49,'N'),(813,'Cuvette',49,'N'),(814,'Kouilou',49,'N'),(815,'Lekoumou',49,'N'),(816,'Likouala',49,'N'),(817,'Niari',49,'N'),(818,'Plateaux',49,'N'),(819,'Pool',49,'N'),(820,'Sangha',49,'N'),(821,'Bandundu',50,'N'),(822,'Bas-Congo',50,'N'),(823,'Equateur',50,'N'),(824,'Haut-Congo',50,'N'),(825,'Kasai-Occidental',50,'N'),(826,'Kasai-Oriental',50,'N'),(827,'Katanga',50,'N'),(828,'Kinshasa',50,'N'),(829,'Maniema',50,'N'),(830,'Nord-Kivu',50,'N'),(831,'Sud-Kivu',50,'N'),(832,'Aitutaki',51,'N'),(833,'Atiu',51,'N'),(834,'Mangaia',51,'N'),(835,'Manihiki',51,'N'),(836,'Mauke',51,'N'),(837,'Mitiaro',51,'N'),(838,'Nassau',51,'N'),(839,'Pukapuka',51,'N'),(840,'Rakahanga',51,'N'),(841,'Rarotonga',51,'N'),(842,'Tongareva',51,'N'),(843,'Alajuela',52,'N'),(844,'Cartago',52,'N'),(845,'Guanacaste',52,'N'),(846,'Heredia',52,'N'),(847,'Limon',52,'N'),(848,'Puntarenas',52,'N'),(849,'San Jose',52,'N'),(850,'Abidjan',53,'N'),(851,'Agneby',53,'N'),(852,'Bafing',53,'N'),(853,'Denguele',53,'N'),(854,'Dix-huit Montagnes',53,'N'),(855,'Fromager',53,'N'),(856,'Haut-Sassandra',53,'N'),(857,'Lacs',53,'N'),(858,'Lagunes',53,'N'),(859,'Marahoue',53,'N'),(860,'Moyen-Cavally',53,'N'),(861,'Moyen-Comoe',53,'N'),(862,'N\'zi-Comoe',53,'N'),(863,'Sassandra',53,'N'),(864,'Savanes',53,'N'),(865,'Sud-Bandama',53,'N'),(866,'Sud-Comoe',53,'N'),(867,'Vallee du Bandama',53,'N'),(868,'Worodougou',53,'N'),(869,'Zanzan',53,'N'),(870,'Bjelovar-Bilogora',54,'N'),(871,'Dubrovnik-Neretva',54,'N'),(872,'Grad Zagreb',54,'N'),(873,'Istra',54,'N'),(874,'Karlovac',54,'N'),(875,'Koprivnica-Krizhevci',54,'N'),(876,'Krapina-Zagorje',54,'N'),(877,'Lika-Senj',54,'N'),(878,'Medhimurje',54,'N'),(879,'Medimurska Zupanija',54,'N'),(880,'Osijek-Baranja',54,'N'),(881,'Osjecko-Baranjska Zupanija',54,'N'),(882,'Pozhega-Slavonija',54,'N'),(883,'Primorje-Gorski Kotar',54,'N'),(884,'Shibenik-Knin',54,'N'),(885,'Sisak-Moslavina',54,'N'),(886,'Slavonski Brod-Posavina',54,'N'),(887,'Split-Dalmacija',54,'N'),(888,'Varazhdin',54,'N'),(889,'Virovitica-Podravina',54,'N'),(890,'Vukovar-Srijem',54,'N'),(891,'Zadar',54,'N'),(892,'Zagreb',54,'N'),(893,'Camaguey',55,'N'),(894,'Ciego de Avila',55,'N'),(895,'Cienfuegos',55,'N'),(896,'Ciudad de la Habana',55,'N'),(897,'Granma',55,'N'),(898,'Guantanamo',55,'N'),(899,'Habana',55,'N'),(900,'Holguin',55,'N'),(901,'Isla de la Juventud',55,'N'),(902,'La Habana',55,'N'),(903,'Las Tunas',55,'N'),(904,'Matanzas',55,'N'),(905,'Pinar del Rio',55,'N'),(906,'Sancti Spiritus',55,'N'),(907,'Santiago de Cuba',55,'N'),(908,'Villa Clara',55,'N'),(909,'Government controlled area',56,'N'),(910,'Limassol',56,'N'),(911,'Nicosia District',56,'N'),(912,'Paphos',56,'N'),(913,'Turkish controlled area',56,'N'),(914,'Central Bohemian',57,'N'),(915,'Frycovice',57,'N'),(916,'Jihocesky Kraj',57,'N'),(917,'Jihochesky',57,'N'),(918,'Jihomoravsky',57,'N'),(919,'Karlovarsky',57,'N'),(920,'Klecany',57,'N'),(921,'Kralovehradecky',57,'N'),(922,'Liberecky',57,'N'),(923,'Lipov',57,'N'),(924,'Moravskoslezsky',57,'N'),(925,'Olomoucky',57,'N'),(926,'Olomoucky Kraj',57,'N'),(927,'Pardubicky',57,'N'),(928,'Plzensky',57,'N'),(929,'Praha',57,'N'),(930,'Rajhrad',57,'N'),(931,'Smirice',57,'N'),(932,'South Moravian',57,'N'),(933,'Straz nad Nisou',57,'N'),(934,'Stredochesky',57,'N'),(935,'Unicov',57,'N'),(936,'Ustecky',57,'N'),(937,'Valletta',57,'N'),(938,'Velesin',57,'N'),(939,'Vysochina',57,'N'),(940,'Zlinsky',57,'N'),(941,'Arhus',58,'N'),(942,'Bornholm',58,'N'),(943,'Frederiksborg',58,'N'),(944,'Fyn',58,'N'),(945,'Hovedstaden',58,'N'),(946,'Kobenhavn',58,'N'),(947,'Kobenhavns Amt',58,'N'),(948,'Kobenhavns Kommune',58,'N'),(949,'Nordjylland',58,'N'),(950,'Ribe',58,'N'),(951,'Ringkobing',58,'N'),(952,'Roervig',58,'N'),(953,'Roskilde',58,'N'),(954,'Roslev',58,'N'),(955,'Sjaelland',58,'N'),(956,'Soeborg',58,'N'),(957,'Sonderjylland',58,'N'),(958,'Storstrom',58,'N'),(959,'Syddanmark',58,'N'),(960,'Toelloese',58,'N'),(961,'Vejle',58,'N'),(962,'Vestsjalland',58,'N'),(963,'Viborg',58,'N'),(964,'\'Ali Sabih',59,'N'),(965,'Dikhil',59,'N'),(966,'Jibuti',59,'N'),(967,'Tajurah',59,'N'),(968,'Ubuk',59,'N'),(969,'Saint Andrew',60,'N'),(970,'Saint David',60,'N'),(971,'Saint George',60,'N'),(972,'Saint John',60,'N'),(973,'Saint Joseph',60,'N'),(974,'Saint Luke',60,'N'),(975,'Saint Mark',60,'N'),(976,'Saint Patrick',60,'N'),(977,'Saint Paul',60,'N'),(978,'Saint Peter',60,'N'),(979,'Azua',61,'N'),(980,'Bahoruco',61,'N'),(981,'Barahona',61,'N'),(982,'Dajabon',61,'N'),(983,'Distrito Nacional',61,'N'),(984,'Duarte',61,'N'),(985,'El Seybo',61,'N'),(986,'Elias Pina',61,'N'),(987,'Espaillat',61,'N'),(988,'Hato Mayor',61,'N'),(989,'Independencia',61,'N'),(990,'La Altagracia',61,'N'),(991,'La Romana',61,'N'),(992,'La Vega',61,'N'),(993,'Maria Trinidad Sanchez',61,'N'),(994,'Monsenor Nouel',61,'N'),(995,'Monte Cristi',61,'N'),(996,'Monte Plata',61,'N'),(997,'Pedernales',61,'N'),(998,'Peravia',61,'N'),(999,'Puerto Plata',61,'N'),(1000,'Salcedo',61,'N'),(1001,'Samana',61,'N'),(1002,'San Cristobal',61,'N'),(1003,'San Juan',61,'N'),(1004,'San Pedro de Macoris',61,'N'),(1005,'Sanchez Ramirez',61,'N'),(1006,'Santiago',61,'N'),(1007,'Santiago Rodriguez',61,'N'),(1008,'Valverde',61,'N'),(1009,'Aileu',62,'N'),(1010,'Ainaro',62,'N'),(1011,'Ambeno',62,'N'),(1012,'Baucau',62,'N'),(1013,'Bobonaro',62,'N'),(1014,'Cova Lima',62,'N'),(1015,'Dili',62,'N'),(1016,'Ermera',62,'N'),(1017,'Lautem',62,'N'),(1018,'Liquica',62,'N'),(1019,'Manatuto',62,'N'),(1020,'Manufahi',62,'N'),(1021,'Viqueque',62,'N'),(1022,'Azuay',63,'N'),(1023,'Bolivar',63,'N'),(1024,'Canar',63,'N'),(1025,'Carchi',63,'N'),(1026,'Chimborazo',63,'N'),(1027,'Cotopaxi',63,'N'),(1028,'El Oro',63,'N'),(1029,'Esmeraldas',63,'N'),(1030,'Galapagos',63,'N'),(1031,'Guayas',63,'N'),(1032,'Imbabura',63,'N'),(1033,'Loja',63,'N'),(1034,'Los Rios',63,'N'),(1035,'Manabi',63,'N'),(1036,'Morona Santiago',63,'N'),(1037,'Napo',63,'N'),(1038,'Orellana',63,'N'),(1039,'Pastaza',63,'N'),(1040,'Pichincha',63,'N'),(1041,'Sucumbios',63,'N'),(1042,'Tungurahua',63,'N'),(1043,'Zamora Chinchipe',63,'N'),(1044,'Aswan',64,'N'),(1045,'Asyut',64,'N'),(1046,'Bani Suwayf',64,'N'),(1047,'Bur Sa\'id',64,'N'),(1048,'Cairo',64,'N'),(1049,'Dumyat',64,'N'),(1050,'Kafr-ash-Shaykh',64,'N'),(1051,'Matruh',64,'N'),(1052,'Muhafazat ad Daqahliyah',64,'N'),(1053,'Muhafazat al Fayyum',64,'N'),(1054,'Muhafazat al Gharbiyah',64,'N'),(1055,'Muhafazat al Iskandariyah',64,'N'),(1056,'Muhafazat al Qahirah',64,'N'),(1057,'Qina',64,'N'),(1058,'Sawhaj',64,'N'),(1059,'Sina al-Janubiyah',64,'N'),(1060,'Sina ash-Shamaliyah',64,'N'),(1061,'ad-Daqahliyah',64,'N'),(1062,'al-Bahr-al-Ahmar',64,'N'),(1063,'al-Buhayrah',64,'N'),(1064,'al-Fayyum',64,'N'),(1065,'al-Gharbiyah',64,'N'),(1066,'al-Iskandariyah',64,'N'),(1067,'al-Ismailiyah',64,'N'),(1068,'al-Jizah',64,'N'),(1069,'al-Minufiyah',64,'N'),(1070,'al-Minya',64,'N'),(1071,'al-Qahira',64,'N'),(1072,'al-Qalyubiyah',64,'N'),(1073,'al-Uqsur',64,'N'),(1074,'al-Wadi al-Jadid',64,'N'),(1075,'as-Suways',64,'N'),(1076,'ash-Sharqiyah',64,'N'),(1077,'Ahuachapan',65,'N'),(1078,'Cabanas',65,'N'),(1079,'Chalatenango',65,'N'),(1080,'Cuscatlan',65,'N'),(1081,'La Libertad',65,'N'),(1082,'La Paz',65,'N'),(1083,'La Union',65,'N'),(1084,'Morazan',65,'N'),(1085,'San Miguel',65,'N'),(1086,'San Salvador',65,'N'),(1087,'San Vicente',65,'N'),(1088,'Santa Ana',65,'N'),(1089,'Sonsonate',65,'N'),(1090,'Usulutan',65,'N'),(1091,'Annobon',66,'N'),(1092,'Bioko Norte',66,'N'),(1093,'Bioko Sur',66,'N'),(1094,'Centro Sur',66,'N'),(1095,'Kie-Ntem',66,'N'),(1096,'Litoral',66,'N'),(1097,'Wele-Nzas',66,'N'),(1098,'Anseba',67,'N'),(1099,'Debub',67,'N'),(1100,'Debub-Keih-Bahri',67,'N'),(1101,'Gash-Barka',67,'N'),(1102,'Maekel',67,'N'),(1103,'Semien-Keih-Bahri',67,'N'),(1104,'Harju',68,'N'),(1105,'Hiiu',68,'N'),(1106,'Ida-Viru',68,'N'),(1107,'Jarva',68,'N'),(1108,'Jogeva',68,'N'),(1109,'Laane',68,'N'),(1110,'Laane-Viru',68,'N'),(1111,'Parnu',68,'N'),(1112,'Polva',68,'N'),(1113,'Rapla',68,'N'),(1114,'Saare',68,'N'),(1115,'Tartu',68,'N'),(1116,'Valga',68,'N'),(1117,'Viljandi',68,'N'),(1118,'Voru',68,'N'),(1119,'Addis Abeba',69,'N'),(1120,'Afar',69,'N'),(1121,'Amhara',69,'N'),(1122,'Benishangul',69,'N'),(1123,'Diredawa',69,'N'),(1124,'Gambella',69,'N'),(1125,'Harar',69,'N'),(1126,'Jigjiga',69,'N'),(1127,'Mekele',69,'N'),(1128,'Oromia',69,'N'),(1129,'Somali',69,'N'),(1130,'Southern',69,'N'),(1131,'Tigray',69,'N'),(1132,'Christmas Island',70,'N'),(1133,'Cocos Islands',70,'N'),(1134,'Coral Sea Islands',70,'N'),(1135,'Falkland Islands',71,'N'),(1136,'South Georgia',71,'N'),(1137,'Klaksvik',72,'N'),(1138,'Nor ara Eysturoy',72,'N'),(1139,'Nor oy',72,'N'),(1140,'Sandoy',72,'N'),(1141,'Streymoy',72,'N'),(1142,'Su uroy',72,'N'),(1143,'Sy ra Eysturoy',72,'N'),(1144,'Torshavn',72,'N'),(1145,'Vaga',72,'N'),(1146,'Central',73,'N'),(1147,'Eastern',73,'N'),(1148,'Northern',73,'N'),(1149,'South Pacific',73,'N'),(1150,'Western',73,'N'),(1151,'Ahvenanmaa',74,'N'),(1152,'Etela-Karjala',74,'N'),(1153,'Etela-Pohjanmaa',74,'N'),(1154,'Etela-Savo',74,'N'),(1155,'Etela-Suomen Laani',74,'N'),(1156,'Ita-Suomen Laani',74,'N'),(1157,'Ita-Uusimaa',74,'N'),(1158,'Kainuu',74,'N'),(1159,'Kanta-Hame',74,'N'),(1160,'Keski-Pohjanmaa',74,'N'),(1161,'Keski-Suomi',74,'N'),(1162,'Kymenlaakso',74,'N'),(1163,'Lansi-Suomen Laani',74,'N'),(1164,'Lappi',74,'N'),(1165,'Northern Savonia',74,'N'),(1166,'Ostrobothnia',74,'N'),(1167,'Oulun Laani',74,'N'),(1168,'Paijat-Hame',74,'N'),(1169,'Pirkanmaa',74,'N'),(1170,'Pohjanmaa',74,'N'),(1171,'Pohjois-Karjala',74,'N'),(1172,'Pohjois-Pohjanmaa',74,'N'),(1173,'Pohjois-Savo',74,'N'),(1174,'Saarijarvi',74,'N'),(1175,'Satakunta',74,'N'),(1176,'Southern Savonia',74,'N'),(1177,'Tavastia Proper',74,'N'),(1178,'Uleaborgs Lan',74,'N'),(1179,'Uusimaa',74,'N'),(1180,'Varsinais-Suomi',74,'N'),(1181,'Ain',75,'N'),(1182,'Aisne',75,'N'),(1183,'Albi Le Sequestre',75,'N'),(1184,'Allier',75,'N'),(1185,'Alpes-Cote dAzur',75,'N'),(1186,'Alpes-Maritimes',75,'N'),(1187,'Alpes-de-Haute-Provence',75,'N'),(1188,'Alsace',75,'N'),(1189,'Aquitaine',75,'N'),(1190,'Ardeche',75,'N'),(1191,'Ardennes',75,'N'),(1192,'Ariege',75,'N'),(1193,'Aube',75,'N'),(1194,'Aude',75,'N'),(1195,'Auvergne',75,'N'),(1196,'Aveyron',75,'N'),(1197,'Bas-Rhin',75,'N'),(1198,'Basse-Normandie',75,'N'),(1199,'Bouches-du-Rhone',75,'N'),(1200,'Bourgogne',75,'N'),(1201,'Bretagne',75,'N'),(1202,'Brittany',75,'N'),(1203,'Burgundy',75,'N'),(1204,'Calvados',75,'N'),(1205,'Cantal',75,'N'),(1206,'Cedex',75,'N'),(1207,'Centre',75,'N'),(1208,'Charente',75,'N'),(1209,'Charente-Maritime',75,'N'),(1210,'Cher',75,'N'),(1211,'Correze',75,'N'),(1212,'Corse-du-Sud',75,'N'),(1213,'Cote-d\'Or',75,'N'),(1214,'Cotes-d\'Armor',75,'N'),(1215,'Creuse',75,'N'),(1216,'Crolles',75,'N'),(1217,'Deux-Sevres',75,'N'),(1218,'Dordogne',75,'N'),(1219,'Doubs',75,'N'),(1220,'Drome',75,'N'),(1221,'Essonne',75,'N'),(1222,'Eure',75,'N'),(1223,'Eure-et-Loir',75,'N'),(1224,'Feucherolles',75,'N'),(1225,'Finistere',75,'N'),(1226,'Franche-Comte',75,'N'),(1227,'Gard',75,'N'),(1228,'Gers',75,'N'),(1229,'Gironde',75,'N'),(1230,'Haut-Rhin',75,'N'),(1231,'Haute-Corse',75,'N'),(1232,'Haute-Garonne',75,'N'),(1233,'Haute-Loire',75,'N'),(1234,'Haute-Marne',75,'N'),(1235,'Haute-Saone',75,'N'),(1236,'Haute-Savoie',75,'N'),(1237,'Haute-Vienne',75,'N'),(1238,'Hautes-Alpes',75,'N'),(1239,'Hautes-Pyrenees',75,'N'),(1240,'Hauts-de-Seine',75,'N'),(1241,'Herault',75,'N'),(1242,'Ile-de-France',75,'N'),(1243,'Ille-et-Vilaine',75,'N'),(1244,'Indre',75,'N'),(1245,'Indre-et-Loire',75,'N'),(1246,'Isere',75,'N'),(1247,'Jura',75,'N'),(1248,'Klagenfurt',75,'N'),(1249,'Landes',75,'N'),(1250,'Languedoc-Roussillon',75,'N'),(1251,'Larcay',75,'N'),(1252,'Le Castellet',75,'N'),(1253,'Le Creusot',75,'N'),(1254,'Limousin',75,'N'),(1255,'Loir-et-Cher',75,'N'),(1256,'Loire',75,'N'),(1257,'Loire-Atlantique',75,'N'),(1258,'Loiret',75,'N'),(1259,'Lorraine',75,'N'),(1260,'Lot',75,'N'),(1261,'Lot-et-Garonne',75,'N'),(1262,'Lower Normandy',75,'N'),(1263,'Lozere',75,'N'),(1264,'Maine-et-Loire',75,'N'),(1265,'Manche',75,'N'),(1266,'Marne',75,'N'),(1267,'Mayenne',75,'N'),(1268,'Meurthe-et-Moselle',75,'N'),(1269,'Meuse',75,'N'),(1270,'Midi-Pyrenees',75,'N'),(1271,'Morbihan',75,'N'),(1272,'Moselle',75,'N'),(1273,'Nievre',75,'N'),(1274,'Nord',75,'N'),(1275,'Nord-Pas-de-Calais',75,'N'),(1276,'Oise',75,'N'),(1277,'Orne',75,'N'),(1278,'Paris',75,'N'),(1279,'Pas-de-Calais',75,'N'),(1280,'Pays de la Loire',75,'N'),(1281,'Pays-de-la-Loire',75,'N'),(1282,'Picardy',75,'N'),(1283,'Puy-de-Dome',75,'N'),(1284,'Pyrenees-Atlantiques',75,'N'),(1285,'Pyrenees-Orientales',75,'N'),(1286,'Quelmes',75,'N'),(1287,'Rhone',75,'N'),(1288,'Rhone-Alpes',75,'N'),(1289,'Saint Ouen',75,'N'),(1290,'Saint Viatre',75,'N'),(1291,'Saone-et-Loire',75,'N'),(1292,'Sarthe',75,'N'),(1293,'Savoie',75,'N'),(1294,'Seine-Maritime',75,'N'),(1295,'Seine-Saint-Denis',75,'N'),(1296,'Seine-et-Marne',75,'N'),(1297,'Somme',75,'N'),(1298,'Sophia Antipolis',75,'N'),(1299,'Souvans',75,'N'),(1300,'Tarn',75,'N'),(1301,'Tarn-et-Garonne',75,'N'),(1302,'Territoire de Belfort',75,'N'),(1303,'Treignac',75,'N'),(1304,'Upper Normandy',75,'N'),(1305,'Val-d\'Oise',75,'N'),(1306,'Val-de-Marne',75,'N'),(1307,'Var',75,'N'),(1308,'Vaucluse',75,'N'),(1309,'Vellise',75,'N'),(1310,'Vendee',75,'N'),(1311,'Vienne',75,'N'),(1312,'Vosges',75,'N'),(1313,'Yonne',75,'N'),(1314,'Yvelines',75,'N'),(1315,'Cayenne',76,'N'),(1316,'Saint-Laurent-du-Maroni',76,'N'),(1317,'Iles du Vent',77,'N'),(1318,'Iles sous le Vent',77,'N'),(1319,'Marquesas',77,'N'),(1320,'Tuamotu',77,'N'),(1321,'Tubuai',77,'N'),(1322,'Amsterdam',78,'N'),(1323,'Crozet Islands',78,'N'),(1324,'Kerguelen',78,'N'),(1325,'Estuaire',79,'N'),(1326,'Haut-Ogooue',79,'N'),(1327,'Moyen-Ogooue',79,'N'),(1328,'Ngounie',79,'N'),(1329,'Nyanga',79,'N'),(1330,'Ogooue-Ivindo',79,'N'),(1331,'Ogooue-Lolo',79,'N'),(1332,'Ogooue-Maritime',79,'N'),(1333,'Woleu-Ntem',79,'N'),(1334,'Banjul',80,'N'),(1335,'Basse',80,'N'),(1336,'Brikama',80,'N'),(1337,'Janjanbureh',80,'N'),(1338,'Kanifing',80,'N'),(1339,'Kerewan',80,'N'),(1340,'Kuntaur',80,'N'),(1341,'Mansakonko',80,'N'),(1342,'Abhasia',81,'N'),(1343,'Ajaria',81,'N'),(1344,'Guria',81,'N'),(1345,'Imereti',81,'N'),(1346,'Kaheti',81,'N'),(1347,'Kvemo Kartli',81,'N'),(1348,'Mcheta-Mtianeti',81,'N'),(1349,'Racha',81,'N'),(1350,'Samagrelo-Zemo Svaneti',81,'N'),(1351,'Samche-Zhavaheti',81,'N'),(1352,'Shida Kartli',81,'N'),(1353,'Tbilisi',81,'N'),(1354,'Auvergne',82,'N'),(1355,'Baden-Wurttemberg',82,'N'),(1356,'Bavaria',82,'N'),(1357,'Bayern',82,'N'),(1358,'Beilstein Wurtt',82,'N'),(1359,'Berlin',82,'N'),(1360,'Brandenburg',82,'N'),(1361,'Bremen',82,'N'),(1362,'Dreisbach',82,'N'),(1363,'Freistaat Bayern',82,'N'),(1364,'Hamburg',82,'N'),(1365,'Hannover',82,'N'),(1366,'Heroldstatt',82,'N'),(1367,'Hessen',82,'N'),(1368,'Kortenberg',82,'N'),(1369,'Laasdorf',82,'N'),(1370,'Land Baden-Wurttemberg',82,'N'),(1371,'Land Bayern',82,'N'),(1372,'Land Brandenburg',82,'N'),(1373,'Land Hessen',82,'N'),(1374,'Land Mecklenburg-Vorpommern',82,'N'),(1375,'Land Nordrhein-Westfalen',82,'N'),(1376,'Land Rheinland-Pfalz',82,'N'),(1377,'Land Sachsen',82,'N'),(1378,'Land Sachsen-Anhalt',82,'N'),(1379,'Land Thuringen',82,'N'),(1380,'Lower Saxony',82,'N'),(1381,'Mecklenburg-Vorpommern',82,'N'),(1382,'Mulfingen',82,'N'),(1383,'Munich',82,'N'),(1384,'Neubeuern',82,'N'),(1385,'Niedersachsen',82,'N'),(1386,'Noord-Holland',82,'N'),(1387,'Nordrhein-Westfalen',82,'N'),(1388,'North Rhine-Westphalia',82,'N'),(1389,'Osterode',82,'N'),(1390,'Rheinland-Pfalz',82,'N'),(1391,'Rhineland-Palatinate',82,'N'),(1392,'Saarland',82,'N'),(1393,'Sachsen',82,'N'),(1394,'Sachsen-Anhalt',82,'N'),(1395,'Saxony',82,'N'),(1396,'Schleswig-Holstein',82,'N'),(1397,'Thuringia',82,'N'),(1398,'Webling',82,'N'),(1399,'Weinstrabe',82,'N'),(1400,'schlobborn',82,'N'),(1401,'Ashanti',83,'N'),(1402,'Brong-Ahafo',83,'N'),(1403,'Central',83,'N'),(1404,'Eastern',83,'N'),(1405,'Greater Accra',83,'N'),(1406,'Northern',83,'N'),(1407,'Upper East',83,'N'),(1408,'Upper West',83,'N'),(1409,'Volta',83,'N'),(1410,'Western',83,'N'),(1411,'Gibraltar',84,'N'),(1412,'Acharnes',85,'N'),(1413,'Ahaia',85,'N'),(1414,'Aitolia kai Akarnania',85,'N'),(1415,'Argolis',85,'N'),(1416,'Arkadia',85,'N'),(1417,'Arta',85,'N'),(1418,'Attica',85,'N'),(1419,'Attiki',85,'N'),(1420,'Ayion Oros',85,'N'),(1421,'Crete',85,'N'),(1422,'Dodekanisos',85,'N'),(1423,'Drama',85,'N'),(1424,'Evia',85,'N'),(1425,'Evritania',85,'N'),(1426,'Evros',85,'N'),(1427,'Evvoia',85,'N'),(1428,'Florina',85,'N'),(1429,'Fokis',85,'N'),(1430,'Fthiotis',85,'N'),(1431,'Grevena',85,'N'),(1432,'Halandri',85,'N'),(1433,'Halkidiki',85,'N'),(1434,'Hania',85,'N'),(1435,'Heraklion',85,'N'),(1436,'Hios',85,'N'),(1437,'Ilia',85,'N'),(1438,'Imathia',85,'N'),(1439,'Ioannina',85,'N'),(1440,'Iraklion',85,'N'),(1441,'Karditsa',85,'N'),(1442,'Kastoria',85,'N'),(1443,'Kavala',85,'N'),(1444,'Kefallinia',85,'N'),(1445,'Kerkira',85,'N'),(1446,'Kiklades',85,'N'),(1447,'Kilkis',85,'N'),(1448,'Korinthia',85,'N'),(1449,'Kozani',85,'N'),(1450,'Lakonia',85,'N'),(1451,'Larisa',85,'N'),(1452,'Lasithi',85,'N'),(1453,'Lesvos',85,'N'),(1454,'Levkas',85,'N'),(1455,'Magnisia',85,'N'),(1456,'Messinia',85,'N'),(1457,'Nomos Attikis',85,'N'),(1458,'Nomos Zakynthou',85,'N'),(1459,'Pella',85,'N'),(1460,'Pieria',85,'N'),(1461,'Piraios',85,'N'),(1462,'Preveza',85,'N'),(1463,'Rethimni',85,'N'),(1464,'Rodopi',85,'N'),(1465,'Samos',85,'N'),(1466,'Serrai',85,'N'),(1467,'Thesprotia',85,'N'),(1468,'Thessaloniki',85,'N'),(1469,'Trikala',85,'N'),(1470,'Voiotia',85,'N'),(1471,'West Greece',85,'N'),(1472,'Xanthi',85,'N'),(1473,'Zakinthos',85,'N'),(1474,'Aasiaat',86,'N'),(1475,'Ammassalik',86,'N'),(1476,'Illoqqortoormiut',86,'N'),(1477,'Ilulissat',86,'N'),(1478,'Ivittuut',86,'N'),(1479,'Kangaatsiaq',86,'N'),(1480,'Maniitsoq',86,'N'),(1481,'Nanortalik',86,'N'),(1482,'Narsaq',86,'N'),(1483,'Nuuk',86,'N'),(1484,'Paamiut',86,'N'),(1485,'Qaanaaq',86,'N'),(1486,'Qaqortoq',86,'N'),(1487,'Qasigiannguit',86,'N'),(1488,'Qeqertarsuaq',86,'N'),(1489,'Sisimiut',86,'N'),(1490,'Udenfor kommunal inddeling',86,'N'),(1491,'Upernavik',86,'N'),(1492,'Uummannaq',86,'N'),(1493,'Carriacou-Petite Martinique',87,'N'),(1494,'Saint Andrew',87,'N'),(1495,'Saint Davids',87,'N'),(1496,'Saint George\'s',87,'N'),(1497,'Saint John',87,'N'),(1498,'Saint Mark',87,'N'),(1499,'Saint Patrick',87,'N'),(1500,'Basse-Terre',88,'N'),(1501,'Grande-Terre',88,'N'),(1502,'Iles des Saintes',88,'N'),(1503,'La Desirade',88,'N'),(1504,'Marie-Galante',88,'N'),(1505,'Saint Barthelemy',88,'N'),(1506,'Saint Martin',88,'N'),(1507,'Agana Heights',89,'N'),(1508,'Agat',89,'N'),(1509,'Barrigada',89,'N'),(1510,'Chalan-Pago-Ordot',89,'N'),(1511,'Dededo',89,'N'),(1512,'Hagatna',89,'N'),(1513,'Inarajan',89,'N'),(1514,'Mangilao',89,'N'),(1515,'Merizo',89,'N'),(1516,'Mongmong-Toto-Maite',89,'N'),(1517,'Santa Rita',89,'N'),(1518,'Sinajana',89,'N'),(1519,'Talofofo',89,'N'),(1520,'Tamuning',89,'N'),(1521,'Yigo',89,'N'),(1522,'Yona',89,'N'),(1523,'Alta Verapaz',90,'N'),(1524,'Baja Verapaz',90,'N'),(1525,'Chimaltenango',90,'N'),(1526,'Chiquimula',90,'N'),(1527,'El Progreso',90,'N'),(1528,'Escuintla',90,'N'),(1529,'Guatemala',90,'N'),(1530,'Huehuetenango',90,'N'),(1531,'Izabal',90,'N'),(1532,'Jalapa',90,'N'),(1533,'Jutiapa',90,'N'),(1534,'Peten',90,'N'),(1535,'Quezaltenango',90,'N'),(1536,'Quiche',90,'N'),(1537,'Retalhuleu',90,'N'),(1538,'Sacatepequez',90,'N'),(1539,'San Marcos',90,'N'),(1540,'Santa Rosa',90,'N'),(1541,'Solola',90,'N'),(1542,'Suchitepequez',90,'N'),(1543,'Totonicapan',90,'N'),(1544,'Zacapa',90,'N'),(1545,'Alderney',91,'N'),(1546,'Castel',91,'N'),(1547,'Forest',91,'N'),(1548,'Saint Andrew',91,'N'),(1549,'Saint Martin',91,'N'),(1550,'Saint Peter Port',91,'N'),(1551,'Saint Pierre du Bois',91,'N'),(1552,'Saint Sampson',91,'N'),(1553,'Saint Saviour',91,'N'),(1554,'Sark',91,'N'),(1555,'Torteval',91,'N'),(1556,'Vale',91,'N'),(1557,'Beyla',92,'N'),(1558,'Boffa',92,'N'),(1559,'Boke',92,'N'),(1560,'Conakry',92,'N'),(1561,'Coyah',92,'N'),(1562,'Dabola',92,'N'),(1563,'Dalaba',92,'N'),(1564,'Dinguiraye',92,'N'),(1565,'Faranah',92,'N'),(1566,'Forecariah',92,'N'),(1567,'Fria',92,'N'),(1568,'Gaoual',92,'N'),(1569,'Gueckedou',92,'N'),(1570,'Kankan',92,'N'),(1571,'Kerouane',92,'N'),(1572,'Kindia',92,'N'),(1573,'Kissidougou',92,'N'),(1574,'Koubia',92,'N'),(1575,'Koundara',92,'N'),(1576,'Kouroussa',92,'N'),(1577,'Labe',92,'N'),(1578,'Lola',92,'N'),(1579,'Macenta',92,'N'),(1580,'Mali',92,'N'),(1581,'Mamou',92,'N'),(1582,'Mandiana',92,'N'),(1583,'Nzerekore',92,'N'),(1584,'Pita',92,'N'),(1585,'Siguiri',92,'N'),(1586,'Telimele',92,'N'),(1587,'Tougue',92,'N'),(1588,'Yomou',92,'N'),(1589,'Bafata',93,'N'),(1590,'Bissau',93,'N'),(1591,'Bolama',93,'N'),(1592,'Cacheu',93,'N'),(1593,'Gabu',93,'N'),(1594,'Oio',93,'N'),(1595,'Quinara',93,'N'),(1596,'Tombali',93,'N'),(1597,'Barima-Waini',94,'N'),(1598,'Cuyuni-Mazaruni',94,'N'),(1599,'Demerara-Mahaica',94,'N'),(1600,'East Berbice-Corentyne',94,'N'),(1601,'Essequibo Islands-West Demerar',94,'N'),(1602,'Mahaica-Berbice',94,'N'),(1603,'Pomeroon-Supenaam',94,'N'),(1604,'Potaro-Siparuni',94,'N'),(1605,'Upper Demerara-Berbice',94,'N'),(1606,'Upper Takutu-Upper Essequibo',94,'N'),(1607,'Artibonite',95,'N'),(1608,'Centre',95,'N'),(1609,'Grand\'Anse',95,'N'),(1610,'Nord',95,'N'),(1611,'Nord-Est',95,'N'),(1612,'Nord-Ouest',95,'N'),(1613,'Ouest',95,'N'),(1614,'Sud',95,'N'),(1615,'Sud-Est',95,'N'),(1616,'Heard and McDonald Islands',96,'N'),(1617,'Atlantida',97,'N'),(1618,'Choluteca',97,'N'),(1619,'Colon',97,'N'),(1620,'Comayagua',97,'N'),(1621,'Copan',97,'N'),(1622,'Cortes',97,'N'),(1623,'Distrito Central',97,'N'),(1624,'El Paraiso',97,'N'),(1625,'Francisco Morazan',97,'N'),(1626,'Gracias a Dios',97,'N'),(1627,'Intibuca',97,'N'),(1628,'Islas de la Bahia',97,'N'),(1629,'La Paz',97,'N'),(1630,'Lempira',97,'N'),(1631,'Ocotepeque',97,'N'),(1632,'Olancho',97,'N'),(1633,'Santa Barbara',97,'N'),(1634,'Valle',97,'N'),(1635,'Yoro',97,'N'),(1636,'Hong Kong',98,'N'),(1637,'Bacs-Kiskun',99,'N'),(1638,'Baranya',99,'N'),(1639,'Bekes',99,'N'),(1640,'Borsod-Abauj-Zemplen',99,'N'),(1641,'Budapest',99,'N'),(1642,'Csongrad',99,'N'),(1643,'Fejer',99,'N'),(1644,'Gyor-Moson-Sopron',99,'N'),(1645,'Hajdu-Bihar',99,'N'),(1646,'Heves',99,'N'),(1647,'Jasz-Nagykun-Szolnok',99,'N'),(1648,'Komarom-Esztergom',99,'N'),(1649,'Nograd',99,'N'),(1650,'Pest',99,'N'),(1651,'Somogy',99,'N'),(1652,'Szabolcs-Szatmar-Bereg',99,'N'),(1653,'Tolna',99,'N'),(1654,'Vas',99,'N'),(1655,'Veszprem',99,'N'),(1656,'Zala',99,'N'),(1657,'Austurland',100,'N'),(1658,'Gullbringusysla',100,'N'),(1659,'Hofu borgarsva i',100,'N'),(1660,'Nor urland eystra',100,'N'),(1661,'Nor urland vestra',100,'N'),(1662,'Su urland',100,'N'),(1663,'Su urnes',100,'N'),(1664,'Vestfir ir',100,'N'),(1665,'Vesturland',100,'N'),(1666,'Aceh',102,'N'),(1667,'Bali',102,'N'),(1668,'Bangka-Belitung',102,'N'),(1669,'Banten',102,'N'),(1670,'Bengkulu',102,'N'),(1671,'Gandaria',102,'N'),(1672,'Gorontalo',102,'N'),(1673,'Jakarta',102,'N'),(1674,'Jambi',102,'N'),(1675,'Jawa Barat',102,'N'),(1676,'Jawa Tengah',102,'N'),(1677,'Jawa Timur',102,'N'),(1678,'Kalimantan Barat',102,'N'),(1679,'Kalimantan Selatan',102,'N'),(1680,'Kalimantan Tengah',102,'N'),(1681,'Kalimantan Timur',102,'N'),(1682,'Kendal',102,'N'),(1683,'Lampung',102,'N'),(1684,'Maluku',102,'N'),(1685,'Maluku Utara',102,'N'),(1686,'Nusa Tenggara Barat',102,'N'),(1687,'Nusa Tenggara Timur',102,'N'),(1688,'Papua',102,'N'),(1689,'Riau',102,'N'),(1690,'Riau Kepulauan',102,'N'),(1691,'Solo',102,'N'),(1692,'Sulawesi Selatan',102,'N'),(1693,'Sulawesi Tengah',102,'N'),(1694,'Sulawesi Tenggara',102,'N'),(1695,'Sulawesi Utara',102,'N'),(1696,'Sumatera Barat',102,'N'),(1697,'Sumatera Selatan',102,'N'),(1698,'Sumatera Utara',102,'N'),(1699,'Yogyakarta',102,'N'),(1700,'Ardabil',103,'N'),(1701,'Azarbayjan-e Bakhtari',103,'N'),(1702,'Azarbayjan-e Khavari',103,'N'),(1703,'Bushehr',103,'N'),(1704,'Chahar Mahal-e Bakhtiari',103,'N'),(1705,'Esfahan',103,'N'),(1706,'Fars',103,'N'),(1707,'Gilan',103,'N'),(1708,'Golestan',103,'N'),(1709,'Hamadan',103,'N'),(1710,'Hormozgan',103,'N'),(1711,'Ilam',103,'N'),(1712,'Kerman',103,'N'),(1713,'Kermanshah',103,'N'),(1714,'Khorasan',103,'N'),(1715,'Khuzestan',103,'N'),(1716,'Kohgiluyeh-e Boyerahmad',103,'N'),(1717,'Kordestan',103,'N'),(1718,'Lorestan',103,'N'),(1719,'Markazi',103,'N'),(1720,'Mazandaran',103,'N'),(1721,'Ostan-e Esfahan',103,'N'),(1722,'Qazvin',103,'N'),(1723,'Qom',103,'N'),(1724,'Semnan',103,'N'),(1725,'Sistan-e Baluchestan',103,'N'),(1726,'Tehran',103,'N'),(1727,'Yazd',103,'N'),(1728,'Zanjan',103,'N'),(1729,'Babil',104,'N'),(1730,'Baghdad',104,'N'),(1731,'Dahuk',104,'N'),(1732,'Dhi Qar',104,'N'),(1733,'Diyala',104,'N'),(1734,'Erbil',104,'N'),(1735,'Irbil',104,'N'),(1736,'Karbala',104,'N'),(1737,'Kurdistan',104,'N'),(1738,'Maysan',104,'N'),(1739,'Ninawa',104,'N'),(1740,'Salah-ad-Din',104,'N'),(1741,'Wasit',104,'N'),(1742,'al-Anbar',104,'N'),(1743,'al-Basrah',104,'N'),(1744,'al-Muthanna',104,'N'),(1745,'al-Qadisiyah',104,'N'),(1746,'an-Najaf',104,'N'),(1747,'as-Sulaymaniyah',104,'N'),(1748,'at-Ta\'mim',104,'N'),(1749,'Armagh',105,'N'),(1750,'Carlow',105,'N'),(1751,'Cavan',105,'N'),(1752,'Clare',105,'N'),(1753,'Cork',105,'N'),(1754,'Donegal',105,'N'),(1755,'Dublin',105,'N'),(1756,'Galway',105,'N'),(1757,'Kerry',105,'N'),(1758,'Kildare',105,'N'),(1759,'Kilkenny',105,'N'),(1760,'Laois',105,'N'),(1761,'Leinster',105,'N'),(1762,'Leitrim',105,'N'),(1763,'Limerick',105,'N'),(1764,'Loch Garman',105,'N'),(1765,'Longford',105,'N'),(1766,'Louth',105,'N'),(1767,'Mayo',105,'N'),(1768,'Meath',105,'N'),(1769,'Monaghan',105,'N'),(1770,'Offaly',105,'N'),(1771,'Roscommon',105,'N'),(1772,'Sligo',105,'N'),(1773,'Tipperary North Riding',105,'N'),(1774,'Tipperary South Riding',105,'N'),(1775,'Ulster',105,'N'),(1776,'Waterford',105,'N'),(1777,'Westmeath',105,'N'),(1778,'Wexford',105,'N'),(1779,'Wicklow',105,'N'),(1780,'Beit Hanania',106,'N'),(1781,'Ben Gurion Airport',106,'N'),(1782,'Bethlehem',106,'N'),(1783,'Caesarea',106,'N'),(1784,'Centre',106,'N'),(1785,'Gaza',106,'N'),(1786,'Hadaron',106,'N'),(1787,'Haifa District',106,'N'),(1788,'Hamerkaz',106,'N'),(1789,'Hazafon',106,'N'),(1790,'Hebron',106,'N'),(1791,'Jaffa',106,'N'),(1792,'Jerusalem',106,'N'),(1793,'Khefa',106,'N'),(1794,'Kiryat Yam',106,'N'),(1795,'Lower Galilee',106,'N'),(1796,'Qalqilya',106,'N'),(1797,'Talme Elazar',106,'N'),(1798,'Tel Aviv',106,'N'),(1799,'Tsafon',106,'N'),(1800,'Umm El Fahem',106,'N'),(1801,'Yerushalayim',106,'N'),(1802,'Abruzzi',107,'N'),(1803,'Abruzzo',107,'N'),(1804,'Agrigento',107,'N'),(1805,'Alessandria',107,'N'),(1806,'Ancona',107,'N'),(1807,'Arezzo',107,'N'),(1808,'Ascoli Piceno',107,'N'),(1809,'Asti',107,'N'),(1810,'Avellino',107,'N'),(1811,'Bari',107,'N'),(1812,'Basilicata',107,'N'),(1813,'Belluno',107,'N'),(1814,'Benevento',107,'N'),(1815,'Bergamo',107,'N'),(1816,'Biella',107,'N'),(1817,'Bologna',107,'N'),(1818,'Bolzano',107,'N'),(1819,'Brescia',107,'N'),(1820,'Brindisi',107,'N'),(1821,'Calabria',107,'N'),(1822,'Campania',107,'N'),(1823,'Cartoceto',107,'N'),(1824,'Caserta',107,'N'),(1825,'Catania',107,'N'),(1826,'Chieti',107,'N'),(1827,'Como',107,'N'),(1828,'Cosenza',107,'N'),(1829,'Cremona',107,'N'),(1830,'Cuneo',107,'N'),(1831,'Emilia-Romagna',107,'N'),(1832,'Ferrara',107,'N'),(1833,'Firenze',107,'N'),(1834,'Florence',107,'N'),(1835,'Forli-Cesena ',107,'N'),(1836,'Friuli-Venezia Giulia',107,'N'),(1837,'Frosinone',107,'N'),(1838,'Genoa',107,'N'),(1839,'Gorizia',107,'N'),(1840,'L\'Aquila',107,'N'),(1841,'Lazio',107,'N'),(1842,'Lecce',107,'N'),(1843,'Lecco',107,'N'),(1844,'Lecco Province',107,'N'),(1845,'Liguria',107,'N'),(1846,'Lodi',107,'N'),(1847,'Lombardia',107,'N'),(1848,'Lombardy',107,'N'),(1849,'Macerata',107,'N'),(1850,'Mantova',107,'N'),(1851,'Marche',107,'N'),(1852,'Messina',107,'N'),(1853,'Milan',107,'N'),(1854,'Modena',107,'N'),(1855,'Molise',107,'N'),(1856,'Molteno',107,'N'),(1857,'Montenegro',107,'N'),(1858,'Monza and Brianza',107,'N'),(1859,'Naples',107,'N'),(1860,'Novara',107,'N'),(1861,'Padova',107,'N'),(1862,'Parma',107,'N'),(1863,'Pavia',107,'N'),(1864,'Perugia',107,'N'),(1865,'Pesaro-Urbino',107,'N'),(1866,'Piacenza',107,'N'),(1867,'Piedmont',107,'N'),(1868,'Piemonte',107,'N'),(1869,'Pisa',107,'N'),(1870,'Pordenone',107,'N'),(1871,'Potenza',107,'N'),(1872,'Puglia',107,'N'),(1873,'Reggio Emilia',107,'N'),(1874,'Rimini',107,'N'),(1875,'Roma',107,'N'),(1876,'Salerno',107,'N'),(1877,'Sardegna',107,'N'),(1878,'Sassari',107,'N'),(1879,'Savona',107,'N'),(1880,'Sicilia',107,'N'),(1881,'Siena',107,'N'),(1882,'Sondrio',107,'N'),(1883,'South Tyrol',107,'N'),(1884,'Taranto',107,'N'),(1885,'Teramo',107,'N'),(1886,'Torino',107,'N'),(1887,'Toscana',107,'N'),(1888,'Trapani',107,'N'),(1889,'Trentino-Alto Adige',107,'N'),(1890,'Trento',107,'N'),(1891,'Treviso',107,'N'),(1892,'Udine',107,'N'),(1893,'Umbria',107,'N'),(1894,'Valle d\'Aosta',107,'N'),(1895,'Varese',107,'N'),(1896,'Veneto',107,'N'),(1897,'Venezia',107,'N'),(1898,'Verbano-Cusio-Ossola',107,'N'),(1899,'Vercelli',107,'N'),(1900,'Verona',107,'N'),(1901,'Vicenza',107,'N'),(1902,'Viterbo',107,'N'),(1903,'Buxoro Viloyati',108,'N'),(1904,'Clarendon',108,'N'),(1905,'Hanover',108,'N'),(1906,'Kingston',108,'N'),(1907,'Manchester',108,'N'),(1908,'Portland',108,'N'),(1909,'Saint Andrews',108,'N'),(1910,'Saint Ann',108,'N'),(1911,'Saint Catherine',108,'N'),(1912,'Saint Elizabeth',108,'N'),(1913,'Saint James',108,'N'),(1914,'Saint Mary',108,'N'),(1915,'Saint Thomas',108,'N'),(1916,'Trelawney',108,'N'),(1917,'Westmoreland',108,'N'),(1918,'Aichi',109,'N'),(1919,'Akita',109,'N'),(1920,'Aomori',109,'N'),(1921,'Chiba',109,'N'),(1922,'Ehime',109,'N'),(1923,'Fukui',109,'N'),(1924,'Fukuoka',109,'N'),(1925,'Fukushima',109,'N'),(1926,'Gifu',109,'N'),(1927,'Gumma',109,'N'),(1928,'Hiroshima',109,'N'),(1929,'Hokkaido',109,'N'),(1930,'Hyogo',109,'N'),(1931,'Ibaraki',109,'N'),(1932,'Ishikawa',109,'N'),(1933,'Iwate',109,'N'),(1934,'Kagawa',109,'N'),(1935,'Kagoshima',109,'N'),(1936,'Kanagawa',109,'N'),(1937,'Kanto',109,'N'),(1938,'Kochi',109,'N'),(1939,'Kumamoto',109,'N'),(1940,'Kyoto',109,'N'),(1941,'Mie',109,'N'),(1942,'Miyagi',109,'N'),(1943,'Miyazaki',109,'N'),(1944,'Nagano',109,'N'),(1945,'Nagasaki',109,'N'),(1946,'Nara',109,'N'),(1947,'Niigata',109,'N'),(1948,'Oita',109,'N'),(1949,'Okayama',109,'N'),(1950,'Okinawa',109,'N'),(1951,'Osaka',109,'N'),(1952,'Saga',109,'N'),(1953,'Saitama',109,'N'),(1954,'Shiga',109,'N'),(1955,'Shimane',109,'N'),(1956,'Shizuoka',109,'N'),(1957,'Tochigi',109,'N'),(1958,'Tokushima',109,'N'),(1959,'Tokyo',109,'N'),(1960,'Tottori',109,'N'),(1961,'Toyama',109,'N'),(1962,'Wakayama',109,'N'),(1963,'Yamagata',109,'N'),(1964,'Yamaguchi',109,'N'),(1965,'Yamanashi',109,'N'),(1966,'Grouville',110,'N'),(1967,'Saint Brelade',110,'N'),(1968,'Saint Clement',110,'N'),(1969,'Saint Helier',110,'N'),(1970,'Saint John',110,'N'),(1971,'Saint Lawrence',110,'N'),(1972,'Saint Martin',110,'N'),(1973,'Saint Mary',110,'N'),(1974,'Saint Peter',110,'N'),(1975,'Saint Saviour',110,'N'),(1976,'Trinity',110,'N'),(1977,'\'Ajlun',111,'N'),(1978,'Amman',111,'N'),(1979,'Irbid',111,'N'),(1980,'Jarash',111,'N'),(1981,'Ma\'an',111,'N'),(1982,'Madaba',111,'N'),(1983,'al-\'Aqabah',111,'N'),(1984,'al-Balqa\'',111,'N'),(1985,'al-Karak',111,'N'),(1986,'al-Mafraq',111,'N'),(1987,'at-Tafilah',111,'N'),(1988,'az-Zarqa\'',111,'N'),(1989,'Akmecet',112,'N'),(1990,'Akmola',112,'N'),(1991,'Aktobe',112,'N'),(1992,'Almati',112,'N'),(1993,'Atirau',112,'N'),(1994,'Batis Kazakstan',112,'N'),(1995,'Burlinsky Region',112,'N'),(1996,'Karagandi',112,'N'),(1997,'Kostanay',112,'N'),(1998,'Mankistau',112,'N'),(1999,'Ontustik Kazakstan',112,'N'),(2000,'Pavlodar',112,'N'),(2001,'Sigis Kazakstan',112,'N'),(2002,'Soltustik Kazakstan',112,'N'),(2003,'Taraz',112,'N'),(2004,'Central',113,'N'),(2005,'Coast',113,'N'),(2006,'Eastern',113,'N'),(2007,'Nairobi',113,'N'),(2008,'North Eastern',113,'N'),(2009,'Nyanza',113,'N'),(2010,'Rift Valley',113,'N'),(2011,'Western',113,'N'),(2012,'Abaiang',114,'N'),(2013,'Abemana',114,'N'),(2014,'Aranuka',114,'N'),(2015,'Arorae',114,'N'),(2016,'Banaba',114,'N'),(2017,'Beru',114,'N'),(2018,'Butaritari',114,'N'),(2019,'Kiritimati',114,'N'),(2020,'Kuria',114,'N'),(2021,'Maiana',114,'N'),(2022,'Makin',114,'N'),(2023,'Marakei',114,'N'),(2024,'Nikunau',114,'N'),(2025,'Nonouti',114,'N'),(2026,'Onotoa',114,'N'),(2027,'Phoenix Islands',114,'N'),(2028,'Tabiteuea North',114,'N'),(2029,'Tabiteuea South',114,'N'),(2030,'Tabuaeran',114,'N'),(2031,'Tamana',114,'N'),(2032,'Tarawa North',114,'N'),(2033,'Tarawa South',114,'N'),(2034,'Teraina',114,'N'),(2035,'Chagangdo',115,'N'),(2036,'Hamgyeongbukto',115,'N'),(2037,'Hamgyeongnamdo',115,'N'),(2038,'Hwanghaebukto',115,'N'),(2039,'Hwanghaenamdo',115,'N'),(2040,'Kaeseong',115,'N'),(2041,'Kangweon',115,'N'),(2042,'Nampo',115,'N'),(2043,'Pyeonganbukto',115,'N'),(2044,'Pyeongannamdo',115,'N'),(2045,'Pyeongyang',115,'N'),(2046,'Yanggang',115,'N'),(2047,'Busan',116,'N'),(2048,'Cheju',116,'N'),(2049,'Chollabuk',116,'N'),(2050,'Chollanam',116,'N'),(2051,'Chungbuk',116,'N'),(2052,'Chungcheongbuk',116,'N'),(2053,'Chungcheongnam',116,'N'),(2054,'Chungnam',116,'N'),(2055,'Daegu',116,'N'),(2056,'Gangwon-do',116,'N'),(2057,'Goyang-si',116,'N'),(2058,'Gyeonggi-do',116,'N'),(2059,'Gyeongsang ',116,'N'),(2060,'Gyeongsangnam-do',116,'N'),(2061,'Incheon',116,'N'),(2062,'Jeju-Si',116,'N'),(2063,'Jeonbuk',116,'N'),(2064,'Kangweon',116,'N'),(2065,'Kwangju',116,'N'),(2066,'Kyeonggi',116,'N'),(2067,'Kyeongsangbuk',116,'N'),(2068,'Kyeongsangnam',116,'N'),(2069,'Kyonggi-do',116,'N'),(2070,'Kyungbuk-Do',116,'N'),(2071,'Kyunggi-Do',116,'N'),(2072,'Kyunggi-do',116,'N'),(2073,'Pusan',116,'N'),(2074,'Seoul',116,'N'),(2075,'Sudogwon',116,'N'),(2076,'Taegu',116,'N'),(2077,'Taejeon',116,'N'),(2078,'Taejon-gwangyoksi',116,'N'),(2079,'Ulsan',116,'N'),(2080,'Wonju',116,'N'),(2081,'gwangyoksi',116,'N'),(2082,'Al Asimah',117,'N'),(2083,'Hawalli',117,'N'),(2084,'Mishref',117,'N'),(2085,'Qadesiya',117,'N'),(2086,'Safat',117,'N'),(2087,'Salmiya',117,'N'),(2088,'al-Ahmadi',117,'N'),(2089,'al-Farwaniyah',117,'N'),(2090,'al-Jahra',117,'N'),(2091,'al-Kuwayt',117,'N'),(2092,'Batken',118,'N'),(2093,'Bishkek',118,'N'),(2094,'Chui',118,'N'),(2095,'Issyk-Kul',118,'N'),(2096,'Jalal-Abad',118,'N'),(2097,'Naryn',118,'N'),(2098,'Osh',118,'N'),(2099,'Talas',118,'N'),(2100,'Attopu',119,'N'),(2101,'Bokeo',119,'N'),(2102,'Bolikhamsay',119,'N'),(2103,'Champasak',119,'N'),(2104,'Houaphanh',119,'N'),(2105,'Khammouane',119,'N'),(2106,'Luang Nam Tha',119,'N'),(2107,'Luang Prabang',119,'N'),(2108,'Oudomxay',119,'N'),(2109,'Phongsaly',119,'N'),(2110,'Saravan',119,'N'),(2111,'Savannakhet',119,'N'),(2112,'Sekong',119,'N'),(2113,'Viangchan Prefecture',119,'N'),(2114,'Viangchan Province',119,'N'),(2115,'Xaignabury',119,'N'),(2116,'Xiang Khuang',119,'N'),(2117,'Aizkraukles',120,'N'),(2118,'Aluksnes',120,'N'),(2119,'Balvu',120,'N'),(2120,'Bauskas',120,'N'),(2121,'Cesu',120,'N'),(2122,'Daugavpils',120,'N'),(2123,'Daugavpils City',120,'N'),(2124,'Dobeles',120,'N'),(2125,'Gulbenes',120,'N'),(2126,'Jekabspils',120,'N'),(2127,'Jelgava',120,'N'),(2128,'Jelgavas',120,'N'),(2129,'Jurmala City',120,'N'),(2130,'Kraslavas',120,'N'),(2131,'Kuldigas',120,'N'),(2132,'Liepaja',120,'N'),(2133,'Liepajas',120,'N'),(2134,'Limbazhu',120,'N'),(2135,'Ludzas',120,'N'),(2136,'Madonas',120,'N'),(2137,'Ogres',120,'N'),(2138,'Preilu',120,'N'),(2139,'Rezekne',120,'N'),(2140,'Rezeknes',120,'N'),(2141,'Riga',120,'N'),(2142,'Rigas',120,'N'),(2143,'Saldus',120,'N'),(2144,'Talsu',120,'N'),(2145,'Tukuma',120,'N'),(2146,'Valkas',120,'N'),(2147,'Valmieras',120,'N'),(2148,'Ventspils',120,'N'),(2149,'Ventspils City',120,'N'),(2150,'Beirut',121,'N'),(2151,'Jabal Lubnan',121,'N'),(2152,'Mohafazat Liban-Nord',121,'N'),(2153,'Mohafazat Mont-Liban',121,'N'),(2154,'Sidon',121,'N'),(2155,'al-Biqa',121,'N'),(2156,'al-Janub',121,'N'),(2157,'an-Nabatiyah',121,'N'),(2158,'ash-Shamal',121,'N'),(2159,'Berea',122,'N'),(2160,'Butha-Buthe',122,'N'),(2161,'Leribe',122,'N'),(2162,'Mafeteng',122,'N'),(2163,'Maseru',122,'N'),(2164,'Mohale\'s Hoek',122,'N'),(2165,'Mokhotlong',122,'N'),(2166,'Qacha\'s Nek',122,'N'),(2167,'Quthing',122,'N'),(2168,'Thaba-Tseka',122,'N'),(2169,'Bomi',123,'N'),(2170,'Bong',123,'N'),(2171,'Grand Bassa',123,'N'),(2172,'Grand Cape Mount',123,'N'),(2173,'Grand Gedeh',123,'N'),(2174,'Loffa',123,'N'),(2175,'Margibi',123,'N'),(2176,'Maryland and Grand Kru',123,'N'),(2177,'Montserrado',123,'N'),(2178,'Nimba',123,'N'),(2179,'Rivercess',123,'N'),(2180,'Sinoe',123,'N'),(2181,'Ajdabiya',124,'N'),(2182,'Fezzan',124,'N'),(2183,'Banghazi',124,'N'),(2184,'Darnah',124,'N'),(2185,'Ghadamis',124,'N'),(2186,'Gharyan',124,'N'),(2187,'Misratah',124,'N'),(2188,'Murzuq',124,'N'),(2189,'Sabha',124,'N'),(2190,'Sawfajjin',124,'N'),(2191,'Surt',124,'N'),(2192,'Tarabulus',124,'N'),(2193,'Tarhunah',124,'N'),(2194,'Tripolitania',124,'N'),(2195,'Tubruq',124,'N'),(2196,'Yafran',124,'N'),(2197,'Zlitan',124,'N'),(2198,'al-\'Aziziyah',124,'N'),(2199,'al-Fatih',124,'N'),(2200,'al-Jabal al Akhdar',124,'N'),(2201,'al-Jufrah',124,'N'),(2202,'al-Khums',124,'N'),(2203,'al-Kufrah',124,'N'),(2204,'an-Nuqat al-Khams',124,'N'),(2205,'ash-Shati\'',124,'N'),(2206,'az-Zawiyah',124,'N'),(2207,'Balzers',125,'N'),(2208,'Eschen',125,'N'),(2209,'Gamprin',125,'N'),(2210,'Mauren',125,'N'),(2211,'Planken',125,'N'),(2212,'Ruggell',125,'N'),(2213,'Schaan',125,'N'),(2214,'Schellenberg',125,'N'),(2215,'Triesen',125,'N'),(2216,'Triesenberg',125,'N'),(2217,'Vaduz',125,'N'),(2218,'Alytaus',126,'N'),(2219,'Anyksciai',126,'N'),(2220,'Kauno',126,'N'),(2221,'Klaipedos',126,'N'),(2222,'Marijampoles',126,'N'),(2223,'Panevezhio',126,'N'),(2224,'Panevezys',126,'N'),(2225,'Shiauliu',126,'N'),(2226,'Taurages',126,'N'),(2227,'Telshiu',126,'N'),(2228,'Telsiai',126,'N'),(2229,'Utenos',126,'N'),(2230,'Vilniaus',126,'N'),(2231,'Capellen',127,'N'),(2232,'Clervaux',127,'N'),(2233,'Diekirch',127,'N'),(2234,'Echternach',127,'N'),(2235,'Esch-sur-Alzette',127,'N'),(2236,'Grevenmacher',127,'N'),(2237,'Luxembourg',127,'N'),(2238,'Mersch',127,'N'),(2239,'Redange',127,'N'),(2240,'Remich',127,'N'),(2241,'Vianden',127,'N'),(2242,'Wiltz',127,'N'),(2243,'Macau',128,'N'),(2244,'Berovo',129,'N'),(2245,'Bitola',129,'N'),(2246,'Brod',129,'N'),(2247,'Debar',129,'N'),(2248,'Delchevo',129,'N'),(2249,'Demir Hisar',129,'N'),(2250,'Gevgelija',129,'N'),(2251,'Gostivar',129,'N'),(2252,'Kavadarci',129,'N'),(2253,'Kichevo',129,'N'),(2254,'Kochani',129,'N'),(2255,'Kratovo',129,'N'),(2256,'Kriva Palanka',129,'N'),(2257,'Krushevo',129,'N'),(2258,'Kumanovo',129,'N'),(2259,'Negotino',129,'N'),(2260,'Ohrid',129,'N'),(2261,'Prilep',129,'N'),(2262,'Probishtip',129,'N'),(2263,'Radovish',129,'N'),(2264,'Resen',129,'N'),(2265,'Shtip',129,'N'),(2266,'Skopje',129,'N'),(2267,'Struga',129,'N'),(2268,'Strumica',129,'N'),(2269,'Sveti Nikole',129,'N'),(2270,'Tetovo',129,'N'),(2271,'Valandovo',129,'N'),(2272,'Veles',129,'N'),(2273,'Vinica',129,'N'),(2274,'Antananarivo',130,'N'),(2275,'Antsiranana',130,'N'),(2276,'Fianarantsoa',130,'N'),(2277,'Mahajanga',130,'N'),(2278,'Toamasina',130,'N'),(2279,'Toliary',130,'N'),(2280,'Balaka',131,'N'),(2281,'Blantyre City',131,'N'),(2282,'Chikwawa',131,'N'),(2283,'Chiradzulu',131,'N'),(2284,'Chitipa',131,'N'),(2285,'Dedza',131,'N'),(2286,'Dowa',131,'N'),(2287,'Karonga',131,'N'),(2288,'Kasungu',131,'N'),(2289,'Lilongwe City',131,'N'),(2290,'Machinga',131,'N'),(2291,'Mangochi',131,'N'),(2292,'Mchinji',131,'N'),(2293,'Mulanje',131,'N'),(2294,'Mwanza',131,'N'),(2295,'Mzimba',131,'N'),(2296,'Mzuzu City',131,'N'),(2297,'Nkhata Bay',131,'N'),(2298,'Nkhotakota',131,'N'),(2299,'Nsanje',131,'N'),(2300,'Ntcheu',131,'N'),(2301,'Ntchisi',131,'N'),(2302,'Phalombe',131,'N'),(2303,'Rumphi',131,'N'),(2304,'Salima',131,'N'),(2305,'Thyolo',131,'N'),(2306,'Zomba Municipality',131,'N'),(2307,'Johor',132,'N'),(2308,'Kedah',132,'N'),(2309,'Kelantan',132,'N'),(2310,'Kuala Lumpur',132,'N'),(2311,'Labuan',132,'N'),(2312,'Melaka',132,'N'),(2313,'Negeri Johor',132,'N'),(2314,'Negeri Sembilan',132,'N'),(2315,'Pahang',132,'N'),(2316,'Penang',132,'N'),(2317,'Perak',132,'N'),(2318,'Perlis',132,'N'),(2319,'Pulau Pinang',132,'N'),(2320,'Sabah',132,'N'),(2321,'Sarawak',132,'N'),(2322,'Selangor',132,'N'),(2323,'Sembilan',132,'N'),(2324,'Terengganu',132,'N'),(2325,'Alif Alif',133,'N'),(2326,'Alif Dhaal',133,'N'),(2327,'Baa',133,'N'),(2328,'Dhaal',133,'N'),(2329,'Faaf',133,'N'),(2330,'Gaaf Alif',133,'N'),(2331,'Gaaf Dhaal',133,'N'),(2332,'Ghaviyani',133,'N'),(2333,'Haa Alif',133,'N'),(2334,'Haa Dhaal',133,'N'),(2335,'Kaaf',133,'N'),(2336,'Laam',133,'N'),(2337,'Lhaviyani',133,'N'),(2338,'Male',133,'N'),(2339,'Miim',133,'N'),(2340,'Nuun',133,'N'),(2341,'Raa',133,'N'),(2342,'Shaviyani',133,'N'),(2343,'Siin',133,'N'),(2344,'Thaa',133,'N'),(2345,'Vaav',133,'N'),(2346,'Bamako',134,'N'),(2347,'Gao',134,'N'),(2348,'Kayes',134,'N'),(2349,'Kidal',134,'N'),(2350,'Koulikoro',134,'N'),(2351,'Mopti',134,'N'),(2352,'Segou',134,'N'),(2353,'Sikasso',134,'N'),(2354,'Tombouctou',134,'N'),(2355,'Gozo and Comino',135,'N'),(2356,'Inner Harbour',135,'N'),(2357,'Northern',135,'N'),(2358,'Outer Harbour',135,'N'),(2359,'South Eastern',135,'N'),(2360,'Valletta',135,'N'),(2361,'Western',135,'N'),(2362,'Castletown',136,'N'),(2363,'Douglas',136,'N'),(2364,'Laxey',136,'N'),(2365,'Onchan',136,'N'),(2366,'Peel',136,'N'),(2367,'Port Erin',136,'N'),(2368,'Port Saint Mary',136,'N'),(2369,'Ramsey',136,'N'),(2370,'Ailinlaplap',137,'N'),(2371,'Ailuk',137,'N'),(2372,'Arno',137,'N'),(2373,'Aur',137,'N'),(2374,'Bikini',137,'N'),(2375,'Ebon',137,'N'),(2376,'Enewetak',137,'N'),(2377,'Jabat',137,'N'),(2378,'Jaluit',137,'N'),(2379,'Kili',137,'N'),(2380,'Kwajalein',137,'N'),(2381,'Lae',137,'N'),(2382,'Lib',137,'N'),(2383,'Likiep',137,'N'),(2384,'Majuro',137,'N'),(2385,'Maloelap',137,'N'),(2386,'Mejit',137,'N'),(2387,'Mili',137,'N'),(2388,'Namorik',137,'N'),(2389,'Namu',137,'N'),(2390,'Rongelap',137,'N'),(2391,'Ujae',137,'N'),(2392,'Utrik',137,'N'),(2393,'Wotho',137,'N'),(2394,'Wotje',137,'N'),(2395,'Fort-de-France',138,'N'),(2396,'La Trinite',138,'N'),(2397,'Le Marin',138,'N'),(2398,'Saint-Pierre',138,'N'),(2399,'Adrar',139,'N'),(2400,'Assaba',139,'N'),(2401,'Brakna',139,'N'),(2402,'Dhakhlat Nawadibu',139,'N'),(2403,'Hudh-al-Gharbi',139,'N'),(2404,'Hudh-ash-Sharqi',139,'N'),(2405,'Inshiri',139,'N'),(2406,'Nawakshut',139,'N'),(2407,'Qidimagha',139,'N'),(2408,'Qurqul',139,'N'),(2409,'Taqant',139,'N'),(2410,'Tiris Zammur',139,'N'),(2411,'Trarza',139,'N'),(2412,'Black River',140,'N'),(2413,'Eau Coulee',140,'N'),(2414,'Flacq',140,'N'),(2415,'Floreal',140,'N'),(2416,'Grand Port',140,'N'),(2417,'Moka',140,'N'),(2418,'Pamplempousses',140,'N'),(2419,'Plaines Wilhelm',140,'N'),(2420,'Port Louis',140,'N'),(2421,'Riviere du Rempart',140,'N'),(2422,'Rodrigues',140,'N'),(2423,'Rose Hill',140,'N'),(2424,'Savanne',140,'N'),(2425,'Mayotte',141,'N'),(2426,'Pamanzi',141,'N'),(2427,'Aguascalientes',142,'N'),(2428,'Baja California',142,'N'),(2429,'Baja California Sur',142,'N'),(2430,'Campeche',142,'N'),(2431,'Chiapas',142,'N'),(2432,'Chihuahua',142,'N'),(2433,'Coahuila',142,'N'),(2434,'Colima',142,'N'),(2435,'Distrito Federal',142,'N'),(2436,'Durango',142,'N'),(2437,'Estado de Mexico',142,'N'),(2438,'Guanajuato',142,'N'),(2439,'Guerrero',142,'N'),(2440,'Hidalgo',142,'N'),(2441,'Jalisco',142,'N'),(2442,'Mexico',142,'N'),(2443,'Michoacan',142,'N'),(2444,'Morelos',142,'N'),(2445,'Nayarit',142,'N'),(2446,'Nuevo Leon',142,'N'),(2447,'Oaxaca',142,'N'),(2448,'Puebla',142,'N'),(2449,'Queretaro',142,'N'),(2450,'Quintana Roo',142,'N'),(2451,'San Luis Potosi',142,'N'),(2452,'Sinaloa',142,'N'),(2453,'Sonora',142,'N'),(2454,'Tabasco',142,'N'),(2455,'Tamaulipas',142,'N'),(2456,'Tlaxcala',142,'N'),(2457,'Veracruz',142,'N'),(2458,'Yucatan',142,'N'),(2459,'Zacatecas',142,'N'),(2460,'Chuuk',143,'N'),(2461,'Kusaie',143,'N'),(2462,'Pohnpei',143,'N'),(2463,'Yap',143,'N'),(2464,'Balti',144,'N'),(2465,'Cahul',144,'N'),(2466,'Chisinau',144,'N'),(2467,'Chisinau Oras',144,'N'),(2468,'Edinet',144,'N'),(2469,'Gagauzia',144,'N'),(2470,'Lapusna',144,'N'),(2471,'Orhei',144,'N'),(2472,'Soroca',144,'N'),(2473,'Taraclia',144,'N'),(2474,'Tighina',144,'N'),(2475,'Transnistria',144,'N'),(2476,'Ungheni',144,'N'),(2477,'Fontvieille',145,'N'),(2478,'La Condamine',145,'N'),(2479,'Monaco-Ville',145,'N'),(2480,'Monte Carlo',145,'N'),(2481,'Arhangaj',146,'N'),(2482,'Bajan-Olgij',146,'N'),(2483,'Bajanhongor',146,'N'),(2484,'Bulgan',146,'N'),(2485,'Darhan-Uul',146,'N'),(2486,'Dornod',146,'N'),(2487,'Dornogovi',146,'N'),(2488,'Dundgovi',146,'N'),(2489,'Govi-Altaj',146,'N'),(2490,'Govisumber',146,'N'),(2491,'Hentij',146,'N'),(2492,'Hovd',146,'N'),(2493,'Hovsgol',146,'N'),(2494,'Omnogovi',146,'N'),(2495,'Orhon',146,'N'),(2496,'Ovorhangaj',146,'N'),(2497,'Selenge',146,'N'),(2498,'Suhbaatar',146,'N'),(2499,'Tov',146,'N'),(2500,'Ulaanbaatar',146,'N'),(2501,'Uvs',146,'N'),(2502,'Zavhan',146,'N'),(2503,'Montserrat',147,'N'),(2504,'Agadir',148,'N'),(2505,'Casablanca',148,'N'),(2506,'Chaouia-Ouardigha',148,'N'),(2507,'Doukkala-Abda',148,'N'),(2508,'Fes-Boulemane',148,'N'),(2509,'Gharb-Chrarda-Beni Hssen',148,'N'),(2510,'Guelmim',148,'N'),(2511,'Kenitra',148,'N'),(2512,'Marrakech-Tensift-Al Haouz',148,'N'),(2513,'Meknes-Tafilalet',148,'N'),(2514,'Oriental',148,'N'),(2515,'Oujda',148,'N'),(2516,'Province de Tanger',148,'N'),(2517,'Rabat-Sale-Zammour-Zaer',148,'N'),(2518,'Sala Al Jadida',148,'N'),(2519,'Settat',148,'N'),(2520,'Souss Massa-Draa',148,'N'),(2521,'Tadla-Azilal',148,'N'),(2522,'Tangier-Tetouan',148,'N'),(2523,'Taza-Al Hoceima-Taounate',148,'N'),(2524,'Wilaya de Casablanca',148,'N'),(2525,'Wilaya de Rabat-Sale',148,'N'),(2526,'Cabo Delgado',149,'N'),(2527,'Gaza',149,'N'),(2528,'Inhambane',149,'N'),(2529,'Manica',149,'N'),(2530,'Maputo',149,'N'),(2531,'Maputo Provincia',149,'N'),(2532,'Nampula',149,'N'),(2533,'Niassa',149,'N'),(2534,'Sofala',149,'N'),(2535,'Tete',149,'N'),(2536,'Zambezia',149,'N'),(2537,'Ayeyarwady',150,'N'),(2538,'Bago',150,'N'),(2539,'Chin',150,'N'),(2540,'Kachin',150,'N'),(2541,'Kayah',150,'N'),(2542,'Kayin',150,'N'),(2543,'Magway',150,'N'),(2544,'Mandalay',150,'N'),(2545,'Mon',150,'N'),(2546,'Nay Pyi Taw',150,'N'),(2547,'Rakhine',150,'N'),(2548,'Sagaing',150,'N'),(2549,'Shan',150,'N'),(2550,'Tanintharyi',150,'N'),(2551,'Yangon',150,'N'),(2552,'Caprivi',151,'N'),(2553,'Erongo',151,'N'),(2554,'Hardap',151,'N'),(2555,'Karas',151,'N'),(2556,'Kavango',151,'N'),(2557,'Khomas',151,'N'),(2558,'Kunene',151,'N'),(2559,'Ohangwena',151,'N'),(2560,'Omaheke',151,'N'),(2561,'Omusati',151,'N'),(2562,'Oshana',151,'N'),(2563,'Oshikoto',151,'N'),(2564,'Otjozondjupa',151,'N'),(2565,'Yaren',152,'N'),(2566,'Bagmati',153,'N'),(2567,'Bheri',153,'N'),(2568,'Dhawalagiri',153,'N'),(2569,'Gandaki',153,'N'),(2570,'Janakpur',153,'N'),(2571,'Karnali',153,'N'),(2572,'Koshi',153,'N'),(2573,'Lumbini',153,'N'),(2574,'Mahakali',153,'N'),(2575,'Mechi',153,'N'),(2576,'Narayani',153,'N'),(2577,'Rapti',153,'N'),(2578,'Sagarmatha',153,'N'),(2579,'Seti',153,'N'),(2580,'Bonaire',154,'N'),(2581,'Curacao',154,'N'),(2582,'Saba',154,'N'),(2583,'Sint Eustatius',154,'N'),(2584,'Sint Maarten',154,'N'),(2585,'Amsterdam',155,'N'),(2586,'Benelux',155,'N'),(2587,'Drenthe',155,'N'),(2588,'Flevoland',155,'N'),(2589,'Friesland',155,'N'),(2590,'Gelderland',155,'N'),(2591,'Groningen',155,'N'),(2592,'Limburg',155,'N'),(2593,'Noord-Brabant',155,'N'),(2594,'Noord-Holland',155,'N'),(2595,'Overijssel',155,'N'),(2596,'South Holland',155,'N'),(2597,'Utrecht',155,'N'),(2598,'Zeeland',155,'N'),(2599,'Zuid-Holland',155,'N'),(2600,'Iles',156,'N'),(2601,'Nord',156,'N'),(2602,'Sud',156,'N'),(2603,'Area Outside Region',157,'N'),(2604,'Auckland',157,'N'),(2605,'Bay of Plenty',157,'N'),(2606,'Canterbury',157,'N'),(2607,'Christchurch',157,'N'),(2608,'Gisborne',157,'N'),(2609,'Hawke\'s Bay',157,'N'),(2610,'Manawatu-Wanganui',157,'N'),(2611,'Marlborough',157,'N'),(2612,'Nelson',157,'N'),(2613,'Northland',157,'N'),(2614,'Otago',157,'N'),(2615,'Rodney',157,'N'),(2616,'Southland',157,'N'),(2617,'Taranaki',157,'N'),(2618,'Tasman',157,'N'),(2619,'Waikato',157,'N'),(2620,'Wellington',157,'N'),(2621,'West Coast',157,'N'),(2622,'Atlantico Norte',158,'N'),(2623,'Atlantico Sur',158,'N'),(2624,'Boaco',158,'N'),(2625,'Carazo',158,'N'),(2626,'Chinandega',158,'N'),(2627,'Chontales',158,'N'),(2628,'Esteli',158,'N'),(2629,'Granada',158,'N'),(2630,'Jinotega',158,'N'),(2631,'Leon',158,'N'),(2632,'Madriz',158,'N'),(2633,'Managua',158,'N'),(2634,'Masaya',158,'N'),(2635,'Matagalpa',158,'N'),(2636,'Nueva Segovia',158,'N'),(2637,'Rio San Juan',158,'N'),(2638,'Rivas',158,'N'),(2639,'Agadez',159,'N'),(2640,'Diffa',159,'N'),(2641,'Dosso',159,'N'),(2642,'Maradi',159,'N'),(2643,'Niamey',159,'N'),(2644,'Tahoua',159,'N'),(2645,'Tillabery',159,'N'),(2646,'Zinder',159,'N'),(2647,'Abia',160,'N'),(2648,'Abuja Federal Capital Territor',160,'N'),(2649,'Adamawa',160,'N'),(2650,'Akwa Ibom',160,'N'),(2651,'Anambra',160,'N'),(2652,'Bauchi',160,'N'),(2653,'Bayelsa',160,'N'),(2654,'Benue',160,'N'),(2655,'Borno',160,'N'),(2656,'Cross River',160,'N'),(2657,'Delta',160,'N'),(2658,'Ebonyi',160,'N'),(2659,'Edo',160,'N'),(2660,'Ekiti',160,'N'),(2661,'Enugu',160,'N'),(2662,'Gombe',160,'N'),(2663,'Imo',160,'N'),(2664,'Jigawa',160,'N'),(2665,'Kaduna',160,'N'),(2666,'Kano',160,'N'),(2667,'Katsina',160,'N'),(2668,'Kebbi',160,'N'),(2669,'Kogi',160,'N'),(2670,'Kwara',160,'N'),(2671,'Lagos',160,'N'),(2672,'Nassarawa',160,'N'),(2673,'Niger',160,'N'),(2674,'Ogun',160,'N'),(2675,'Ondo',160,'N'),(2676,'Osun',160,'N'),(2677,'Oyo',160,'N'),(2678,'Plateau',160,'N'),(2679,'Rivers',160,'N'),(2680,'Sokoto',160,'N'),(2681,'Taraba',160,'N'),(2682,'Yobe',160,'N'),(2683,'Zamfara',160,'N'),(2684,'Niue',161,'N'),(2685,'Norfolk Island',162,'N'),(2686,'Northern Islands',163,'N'),(2687,'Rota',163,'N'),(2688,'Saipan',163,'N'),(2689,'Tinian',163,'N'),(2690,'Akershus',164,'N'),(2691,'Aust Agder',164,'N'),(2692,'Bergen',164,'N'),(2693,'Buskerud',164,'N'),(2694,'Finnmark',164,'N'),(2695,'Hedmark',164,'N'),(2696,'Hordaland',164,'N'),(2697,'Moere og Romsdal',164,'N'),(2698,'Nord Trondelag',164,'N'),(2699,'Nordland',164,'N'),(2700,'Oestfold',164,'N'),(2701,'Oppland',164,'N'),(2702,'Oslo',164,'N'),(2703,'Rogaland',164,'N'),(2704,'Soer Troendelag',164,'N'),(2705,'Sogn og Fjordane',164,'N'),(2706,'Stavern',164,'N'),(2707,'Sykkylven',164,'N'),(2708,'Telemark',164,'N'),(2709,'Troms',164,'N'),(2710,'Vest Agder',164,'N'),(2711,'Vestfold',164,'N'),(2712,'stfold',164,'N'),(2713,'Al Buraimi',165,'N'),(2714,'Dhufar',165,'N'),(2715,'Masqat',165,'N'),(2716,'Musandam',165,'N'),(2717,'Rusayl',165,'N'),(2718,'Wadi Kabir',165,'N'),(2719,'ad-Dakhiliyah',165,'N'),(2720,'adh-Dhahirah',165,'N'),(2721,'al-Batinah',165,'N'),(2722,'ash-Sharqiyah',165,'N'),(2723,'Baluchistan',166,'N'),(2724,'Federal Capital Area',166,'N'),(2725,'Federally administered Tribal ',166,'N'),(2726,'North-West Frontier',166,'N'),(2727,'Northern Areas',166,'N'),(2728,'Punjab',166,'N'),(2729,'Sind',166,'N'),(2730,'Aimeliik',167,'N'),(2731,'Airai',167,'N'),(2732,'Angaur',167,'N'),(2733,'Hatobohei',167,'N'),(2734,'Kayangel',167,'N'),(2735,'Koror',167,'N'),(2736,'Melekeok',167,'N'),(2737,'Ngaraard',167,'N'),(2738,'Ngardmau',167,'N'),(2739,'Ngaremlengui',167,'N'),(2740,'Ngatpang',167,'N'),(2741,'Ngchesar',167,'N'),(2742,'Ngerchelong',167,'N'),(2743,'Ngiwal',167,'N'),(2744,'Peleliu',167,'N'),(2745,'Sonsorol',167,'N'),(2746,'Ariha',168,'N'),(2747,'Bayt Lahm',168,'N'),(2748,'Bethlehem',168,'N'),(2749,'Dayr-al-Balah',168,'N'),(2750,'Ghazzah',168,'N'),(2751,'Ghazzah ash-Shamaliyah',168,'N'),(2752,'Janin',168,'N'),(2753,'Khan Yunis',168,'N'),(2754,'Nabulus',168,'N'),(2755,'Qalqilyah',168,'N'),(2756,'Rafah',168,'N'),(2757,'Ram Allah wal-Birah',168,'N'),(2758,'Salfit',168,'N'),(2759,'Tubas',168,'N'),(2760,'Tulkarm',168,'N'),(2761,'al-Khalil',168,'N'),(2762,'al-Quds',168,'N'),(2763,'Bocas del Toro',169,'N'),(2764,'Chiriqui',169,'N'),(2765,'Cocle',169,'N'),(2766,'Colon',169,'N'),(2767,'Darien',169,'N'),(2768,'Embera',169,'N'),(2769,'Herrera',169,'N'),(2770,'Kuna Yala',169,'N'),(2771,'Los Santos',169,'N'),(2772,'Ngobe Bugle',169,'N'),(2773,'Panama',169,'N'),(2774,'Veraguas',169,'N'),(2775,'East New Britain',170,'N'),(2776,'East Sepik',170,'N'),(2777,'Eastern Highlands',170,'N'),(2778,'Enga',170,'N'),(2779,'Fly River',170,'N'),(2780,'Gulf',170,'N'),(2781,'Madang',170,'N'),(2782,'Manus',170,'N'),(2783,'Milne Bay',170,'N'),(2784,'Morobe',170,'N'),(2785,'National Capital District',170,'N'),(2786,'New Ireland',170,'N'),(2787,'North Solomons',170,'N'),(2788,'Oro',170,'N'),(2789,'Sandaun',170,'N'),(2790,'Simbu',170,'N'),(2791,'Southern Highlands',170,'N'),(2792,'West New Britain',170,'N'),(2793,'Western Highlands',170,'N'),(2794,'Alto Paraguay',171,'N'),(2795,'Alto Parana',171,'N'),(2796,'Amambay',171,'N'),(2797,'Asuncion',171,'N'),(2798,'Boqueron',171,'N'),(2799,'Caaguazu',171,'N'),(2800,'Caazapa',171,'N'),(2801,'Canendiyu',171,'N'),(2802,'Central',171,'N'),(2803,'Concepcion',171,'N'),(2804,'Cordillera',171,'N'),(2805,'Guaira',171,'N'),(2806,'Itapua',171,'N'),(2807,'Misiones',171,'N'),(2808,'Neembucu',171,'N'),(2809,'Paraguari',171,'N'),(2810,'Presidente Hayes',171,'N'),(2811,'San Pedro',171,'N'),(2812,'Amazonas',172,'N'),(2813,'Ancash',172,'N'),(2814,'Apurimac',172,'N'),(2815,'Arequipa',172,'N'),(2816,'Ayacucho',172,'N'),(2817,'Cajamarca',172,'N'),(2818,'Cusco',172,'N'),(2819,'Huancavelica',172,'N'),(2820,'Huanuco',172,'N'),(2821,'Ica',172,'N'),(2822,'Junin',172,'N'),(2823,'La Libertad',172,'N'),(2824,'Lambayeque',172,'N'),(2825,'Lima y Callao',172,'N'),(2826,'Loreto',172,'N'),(2827,'Madre de Dios',172,'N'),(2828,'Moquegua',172,'N'),(2829,'Pasco',172,'N'),(2830,'Piura',172,'N'),(2831,'Puno',172,'N'),(2832,'San Martin',172,'N'),(2833,'Tacna',172,'N'),(2834,'Tumbes',172,'N'),(2835,'Ucayali',172,'N'),(2836,'Batangas',173,'N'),(2837,'Bicol',173,'N'),(2838,'Bulacan',173,'N'),(2839,'Cagayan',173,'N'),(2840,'Caraga',173,'N'),(2841,'Central Luzon',173,'N'),(2842,'Central Mindanao',173,'N'),(2843,'Central Visayas',173,'N'),(2844,'Cordillera',173,'N'),(2845,'Davao',173,'N'),(2846,'Eastern Visayas',173,'N'),(2847,'Greater Metropolitan Area',173,'N'),(2848,'Ilocos',173,'N'),(2849,'Laguna',173,'N'),(2850,'Luzon',173,'N'),(2851,'Mactan',173,'N'),(2852,'Metropolitan Manila Area',173,'N'),(2853,'Muslim Mindanao',173,'N'),(2854,'Northern Mindanao',173,'N'),(2855,'Southern Mindanao',173,'N'),(2856,'Southern Tagalog',173,'N'),(2857,'Western Mindanao',173,'N'),(2858,'Western Visayas',173,'N'),(2859,'Pitcairn Island',174,'N'),(2860,'Biale Blota',175,'N'),(2861,'Dobroszyce',175,'N'),(2862,'Dolnoslaskie',175,'N'),(2863,'Dziekanow Lesny',175,'N'),(2864,'Hopowo',175,'N'),(2865,'Kartuzy',175,'N'),(2866,'Koscian',175,'N'),(2867,'Krakow',175,'N'),(2868,'Kujawsko-Pomorskie',175,'N'),(2869,'Lodzkie',175,'N'),(2870,'Lubelskie',175,'N'),(2871,'Lubuskie',175,'N'),(2872,'Malomice',175,'N'),(2873,'Malopolskie',175,'N'),(2874,'Mazowieckie',175,'N'),(2875,'Mirkow',175,'N'),(2876,'Opolskie',175,'N'),(2877,'Ostrowiec',175,'N'),(2878,'Podkarpackie',175,'N'),(2879,'Podlaskie',175,'N'),(2880,'Polska',175,'N'),(2881,'Pomorskie',175,'N'),(2882,'Poznan',175,'N'),(2883,'Pruszkow',175,'N'),(2884,'Rymanowska',175,'N'),(2885,'Rzeszow',175,'N'),(2886,'Slaskie',175,'N'),(2887,'Stare Pole',175,'N'),(2888,'Swietokrzyskie',175,'N'),(2889,'Warminsko-Mazurskie',175,'N'),(2890,'Warsaw',175,'N'),(2891,'Wejherowo',175,'N'),(2892,'Wielkopolskie',175,'N'),(2893,'Wroclaw',175,'N'),(2894,'Zachodnio-Pomorskie',175,'N'),(2895,'Zukowo',175,'N'),(2896,'Abrantes',176,'N'),(2897,'Acores',176,'N'),(2898,'Alentejo',176,'N'),(2899,'Algarve',176,'N'),(2900,'Braga',176,'N'),(2901,'Centro',176,'N'),(2902,'Distrito de Leiria',176,'N'),(2903,'Distrito de Viana do Castelo',176,'N'),(2904,'Distrito de Vila Real',176,'N'),(2905,'Distrito do Porto',176,'N'),(2906,'Lisboa e Vale do Tejo',176,'N'),(2907,'Madeira',176,'N'),(2908,'Norte',176,'N'),(2909,'Paivas',176,'N'),(2910,'Arecibo',177,'N'),(2911,'Bayamon',177,'N'),(2912,'Carolina',177,'N'),(2913,'Florida',177,'N'),(2914,'Guayama',177,'N'),(2915,'Humacao',177,'N'),(2916,'Mayaguez-Aguadilla',177,'N'),(2917,'Ponce',177,'N'),(2918,'Salinas',177,'N'),(2919,'San Juan',177,'N'),(2920,'Doha',178,'N'),(2921,'Jarian-al-Batnah',178,'N'),(2922,'Umm Salal',178,'N'),(2923,'ad-Dawhah',178,'N'),(2924,'al-Ghuwayriyah',178,'N'),(2925,'al-Jumayliyah',178,'N'),(2926,'al-Khawr',178,'N'),(2927,'al-Wakrah',178,'N'),(2928,'ar-Rayyan',178,'N'),(2929,'ash-Shamal',178,'N'),(2930,'Saint-Benoit',179,'N'),(2931,'Saint-Denis',179,'N'),(2932,'Saint-Paul',179,'N'),(2933,'Saint-Pierre',179,'N'),(2934,'Alba',180,'N'),(2935,'Arad',180,'N'),(2936,'Arges',180,'N'),(2937,'Bacau',180,'N'),(2938,'Bihor',180,'N'),(2939,'Bistrita-Nasaud',180,'N'),(2940,'Botosani',180,'N'),(2941,'Braila',180,'N'),(2942,'Brasov',180,'N'),(2943,'Bucuresti',180,'N'),(2944,'Buzau',180,'N'),(2945,'Calarasi',180,'N'),(2946,'Caras-Severin',180,'N'),(2947,'Cluj',180,'N'),(2948,'Constanta',180,'N'),(2949,'Covasna',180,'N'),(2950,'Dambovita',180,'N'),(2951,'Dolj',180,'N'),(2952,'Galati',180,'N'),(2953,'Giurgiu',180,'N'),(2954,'Gorj',180,'N'),(2955,'Harghita',180,'N'),(2956,'Hunedoara',180,'N'),(2957,'Ialomita',180,'N'),(2958,'Iasi',180,'N'),(2959,'Ilfov',180,'N'),(2960,'Maramures',180,'N'),(2961,'Mehedinti',180,'N'),(2962,'Mures',180,'N'),(2963,'Neamt',180,'N'),(2964,'Olt',180,'N'),(2965,'Prahova',180,'N'),(2966,'Salaj',180,'N'),(2967,'Satu Mare',180,'N'),(2968,'Sibiu',180,'N'),(2969,'Sondelor',180,'N'),(2970,'Suceava',180,'N'),(2971,'Teleorman',180,'N'),(2972,'Timis',180,'N'),(2973,'Tulcea',180,'N'),(2974,'Valcea',180,'N'),(2975,'Vaslui',180,'N'),(2976,'Vrancea',180,'N'),(2977,'Adygeja',181,'N'),(2978,'Aga',181,'N'),(2979,'Alanija',181,'N'),(2980,'Altaj',181,'N'),(2981,'Amur',181,'N'),(2982,'Arhangelsk',181,'N'),(2983,'Astrahan',181,'N'),(2984,'Bashkortostan',181,'N'),(2985,'Belgorod',181,'N'),(2986,'Brjansk',181,'N'),(2987,'Burjatija',181,'N'),(2988,'Chechenija',181,'N'),(2989,'Cheljabinsk',181,'N'),(2990,'Chita',181,'N'),(2991,'Chukotka',181,'N'),(2992,'Chuvashija',181,'N'),(2993,'Dagestan',181,'N'),(2994,'Evenkija',181,'N'),(2995,'Gorno-Altaj',181,'N'),(2996,'Habarovsk',181,'N'),(2997,'Hakasija',181,'N'),(2998,'Hanty-Mansija',181,'N'),(2999,'Ingusetija',181,'N'),(3000,'Irkutsk',181,'N'),(3001,'Ivanovo',181,'N'),(3002,'Jamalo-Nenets',181,'N'),(3003,'Jaroslavl',181,'N'),(3004,'Jevrej',181,'N'),(3005,'Kabardino-Balkarija',181,'N'),(3006,'Kaliningrad',181,'N'),(3007,'Kalmykija',181,'N'),(3008,'Kaluga',181,'N'),(3009,'Kamchatka',181,'N'),(3010,'Karachaj-Cherkessija',181,'N'),(3011,'Karelija',181,'N'),(3012,'Kemerovo',181,'N'),(3013,'Khabarovskiy Kray',181,'N'),(3014,'Kirov',181,'N'),(3015,'Komi',181,'N'),(3016,'Komi-Permjakija',181,'N'),(3017,'Korjakija',181,'N'),(3018,'Kostroma',181,'N'),(3019,'Krasnodar',181,'N'),(3020,'Krasnojarsk',181,'N'),(3021,'Krasnoyarskiy Kray',181,'N'),(3022,'Kurgan',181,'N'),(3023,'Kursk',181,'N'),(3024,'Leningrad',181,'N'),(3025,'Lipeck',181,'N'),(3026,'Magadan',181,'N'),(3027,'Marij El',181,'N'),(3028,'Mordovija',181,'N'),(3029,'Moscow',181,'N'),(3030,'Moskovskaja Oblast',181,'N'),(3031,'Moskovskaya Oblast',181,'N'),(3032,'Moskva',181,'N'),(3033,'Murmansk',181,'N'),(3034,'Nenets',181,'N'),(3035,'Nizhnij Novgorod',181,'N'),(3036,'Novgorod',181,'N'),(3037,'Novokusnezk',181,'N'),(3038,'Novosibirsk',181,'N'),(3039,'Omsk',181,'N'),(3040,'Orenburg',181,'N'),(3041,'Orjol',181,'N'),(3042,'Penza',181,'N'),(3043,'Perm',181,'N'),(3044,'Primorje',181,'N'),(3045,'Pskov',181,'N'),(3046,'Pskovskaya Oblast',181,'N'),(3047,'Rjazan',181,'N'),(3048,'Rostov',181,'N'),(3049,'Saha',181,'N'),(3050,'Sahalin',181,'N'),(3051,'Samara',181,'N'),(3052,'Samarskaya',181,'N'),(3053,'Sankt-Peterburg',181,'N'),(3054,'Saratov',181,'N'),(3055,'Smolensk',181,'N'),(3056,'Stavropol',181,'N'),(3057,'Sverdlovsk',181,'N'),(3058,'Tajmyrija',181,'N'),(3059,'Tambov',181,'N'),(3060,'Tatarstan',181,'N'),(3061,'Tjumen',181,'N'),(3062,'Tomsk',181,'N'),(3063,'Tula',181,'N'),(3064,'Tver',181,'N'),(3065,'Tyva',181,'N'),(3066,'Udmurtija',181,'N'),(3067,'Uljanovsk',181,'N'),(3068,'Ulyanovskaya Oblast',181,'N'),(3069,'Ust-Orda',181,'N'),(3070,'Vladimir',181,'N'),(3071,'Volgograd',181,'N'),(3072,'Vologda',181,'N'),(3073,'Voronezh',181,'N'),(3074,'Butare',182,'N'),(3075,'Byumba',182,'N'),(3076,'Cyangugu',182,'N'),(3077,'Gikongoro',182,'N'),(3078,'Gisenyi',182,'N'),(3079,'Gitarama',182,'N'),(3080,'Kibungo',182,'N'),(3081,'Kibuye',182,'N'),(3082,'Kigali-ngali',182,'N'),(3083,'Ruhengeri',182,'N'),(3084,'Ascension',183,'N'),(3085,'Gough Island',183,'N'),(3086,'Saint Helena',183,'N'),(3087,'Tristan da Cunha',183,'N'),(3088,'Christ Church Nichola Town',184,'N'),(3089,'Saint Anne Sandy Point',184,'N'),(3090,'Saint George Basseterre',184,'N'),(3091,'Saint George Gingerland',184,'N'),(3092,'Saint James Windward',184,'N'),(3093,'Saint John Capesterre',184,'N'),(3094,'Saint John Figtree',184,'N'),(3095,'Saint Mary Cayon',184,'N'),(3096,'Saint Paul Capesterre',184,'N'),(3097,'Saint Paul Charlestown',184,'N'),(3098,'Saint Peter Basseterre',184,'N'),(3099,'Saint Thomas Lowland',184,'N'),(3100,'Saint Thomas Middle Island',184,'N'),(3101,'Trinity Palmetto Point',184,'N'),(3102,'Anse-la-Raye',185,'N'),(3103,'Canaries',185,'N'),(3104,'Castries',185,'N'),(3105,'Choiseul',185,'N'),(3106,'Dennery',185,'N'),(3107,'Gros Inlet',185,'N'),(3108,'Laborie',185,'N'),(3109,'Micoud',185,'N'),(3110,'Soufriere',185,'N'),(3111,'Vieux Fort',185,'N'),(3112,'Miquelon-Langlade',186,'N'),(3113,'Saint-Pierre',186,'N'),(3114,'Charlotte',187,'N'),(3115,'Grenadines',187,'N'),(3116,'Saint Andrew',187,'N'),(3117,'Saint David',187,'N'),(3118,'Saint George',187,'N'),(3119,'Saint Patrick',187,'N'),(3120,'A\'ana',188,'N'),(3121,'Aiga-i-le-Tai',188,'N'),(3122,'Atua',188,'N'),(3123,'Fa\'asaleleaga',188,'N'),(3124,'Gaga\'emauga',188,'N'),(3125,'Gagaifomauga',188,'N'),(3126,'Palauli',188,'N'),(3127,'Satupa\'itea',188,'N'),(3128,'Tuamasaga',188,'N'),(3129,'Va\'a-o-Fonoti',188,'N'),(3130,'Vaisigano',188,'N'),(3131,'Acquaviva',189,'N'),(3132,'Borgo Maggiore',189,'N'),(3133,'Chiesanuova',189,'N'),(3134,'Domagnano',189,'N'),(3135,'Faetano',189,'N'),(3136,'Fiorentino',189,'N'),(3137,'Montegiardino',189,'N'),(3138,'San Marino',189,'N'),(3139,'Serravalle',189,'N'),(3140,'Agua Grande',190,'N'),(3141,'Cantagalo',190,'N'),(3142,'Lemba',190,'N'),(3143,'Lobata',190,'N'),(3144,'Me-Zochi',190,'N'),(3145,'Pague',190,'N'),(3146,'Al Khobar',191,'N'),(3147,'Aseer',191,'N'),(3148,'Ash Sharqiyah',191,'N'),(3149,'Asir',191,'N'),(3150,'Central Province',191,'N'),(3151,'Eastern Province',191,'N'),(3152,'Ha\'il',191,'N'),(3153,'Jawf',191,'N'),(3154,'Jizan',191,'N'),(3155,'Makkah',191,'N'),(3156,'Najran',191,'N'),(3157,'Qasim',191,'N'),(3158,'Tabuk',191,'N'),(3159,'Western Province',191,'N'),(3160,'al-Bahah',191,'N'),(3161,'al-Hudud-ash-Shamaliyah',191,'N'),(3162,'al-Madinah',191,'N'),(3163,'ar-Riyad',191,'N'),(3164,'Dakar',192,'N'),(3165,'Diourbel',192,'N'),(3166,'Fatick',192,'N'),(3167,'Kaolack',192,'N'),(3168,'Kolda',192,'N'),(3169,'Louga',192,'N'),(3170,'Saint-Louis',192,'N'),(3171,'Tambacounda',192,'N'),(3172,'Thies',192,'N'),(3173,'Ziguinchor',192,'N'),(3174,'Central Serbia',193,'N'),(3175,'Kosovo and Metohija',193,'N'),(3176,'Vojvodina',193,'N'),(3177,'Anse Boileau',194,'N'),(3178,'Anse Royale',194,'N'),(3179,'Cascade',194,'N'),(3180,'Takamaka',194,'N'),(3181,'Victoria',194,'N'),(3182,'Eastern',195,'N'),(3183,'Northern',195,'N'),(3184,'Southern',195,'N'),(3185,'Western',195,'N'),(3186,'Singapore',196,'N'),(3187,'Banskobystricky',197,'N'),(3188,'Bratislavsky',197,'N'),(3189,'Kosicky',197,'N'),(3190,'Nitriansky',197,'N'),(3191,'Presovsky',197,'N'),(3192,'Trenciansky',197,'N'),(3193,'Trnavsky',197,'N'),(3194,'Zilinsky',197,'N'),(3195,'Benedikt',198,'N'),(3196,'Gorenjska',198,'N'),(3197,'Gorishka',198,'N'),(3198,'Jugovzhodna Slovenija',198,'N'),(3199,'Koroshka',198,'N'),(3200,'Notranjsko-krashka',198,'N'),(3201,'Obalno-krashka',198,'N'),(3202,'Obcina Domzale',198,'N'),(3203,'Obcina Vitanje',198,'N'),(3204,'Osrednjeslovenska',198,'N'),(3205,'Podravska',198,'N'),(3206,'Pomurska',198,'N'),(3207,'Savinjska',198,'N'),(3208,'Slovenian Littoral',198,'N'),(3209,'Spodnjeposavska',198,'N'),(3210,'Zasavska',198,'N'),(3211,'Pitcairn',199,'N'),(3212,'Central',200,'N'),(3213,'Choiseul',200,'N'),(3214,'Guadalcanal',200,'N'),(3215,'Isabel',200,'N'),(3216,'Makira and Ulawa',200,'N'),(3217,'Malaita',200,'N'),(3218,'Rennell and Bellona',200,'N'),(3219,'Temotu',200,'N'),(3220,'Western',200,'N'),(3221,'Awdal',201,'N'),(3222,'Bakol',201,'N'),(3223,'Banadir',201,'N'),(3224,'Bari',201,'N'),(3225,'Bay',201,'N'),(3226,'Galgudug',201,'N'),(3227,'Gedo',201,'N'),(3228,'Hiran',201,'N'),(3229,'Jubbada Hose',201,'N'),(3230,'Jubbadha Dexe',201,'N'),(3231,'Mudug',201,'N'),(3232,'Nugal',201,'N'),(3233,'Sanag',201,'N'),(3234,'Shabellaha Dhexe',201,'N'),(3235,'Shabellaha Hose',201,'N'),(3236,'Togdher',201,'N'),(3237,'Woqoyi Galbed',201,'N'),(3238,'Eastern Cape',202,'N'),(3239,'Free State',202,'N'),(3240,'Gauteng',202,'N'),(3241,'Kempton Park',202,'N'),(3242,'Kramerville',202,'N'),(3243,'KwaZulu Natal',202,'N'),(3244,'Limpopo',202,'N'),(3245,'Mpumalanga',202,'N'),(3246,'North West',202,'N'),(3247,'Northern Cape',202,'N'),(3248,'Parow',202,'N'),(3249,'Table View',202,'N'),(3250,'Umtentweni',202,'N'),(3251,'Western Cape',202,'N'),(3252,'South Georgia',203,'N'),(3253,'Central Equatoria',204,'N'),(3254,'A Coruna',205,'N'),(3255,'Alacant',205,'N'),(3256,'Alava',205,'N'),(3257,'Albacete',205,'N'),(3258,'Almeria',205,'N'),(3259,'Andalucia',205,'N'),(3260,'Asturias',205,'N'),(3261,'Avila',205,'N'),(3262,'Badajoz',205,'N'),(3263,'Balears',205,'N'),(3264,'Barcelona',205,'N'),(3265,'Bertamirans',205,'N'),(3266,'Biscay',205,'N'),(3267,'Burgos',205,'N'),(3268,'Caceres',205,'N'),(3269,'Cadiz',205,'N'),(3270,'Cantabria',205,'N'),(3271,'Castello',205,'N'),(3272,'Catalunya',205,'N'),(3273,'Ceuta',205,'N'),(3274,'Ciudad Real',205,'N'),(3275,'Comunidad Autonoma de Canarias',205,'N'),(3276,'Comunidad Autonoma de Cataluna',205,'N'),(3277,'Comunidad Autonoma de Galicia',205,'N'),(3278,'Comunidad Autonoma de las Isla',205,'N'),(3279,'Comunidad Autonoma del Princip',205,'N'),(3280,'Comunidad Valenciana',205,'N'),(3281,'Cordoba',205,'N'),(3282,'Cuenca',205,'N'),(3283,'Gipuzkoa',205,'N'),(3284,'Girona',205,'N'),(3285,'Granada',205,'N'),(3286,'Guadalajara',205,'N'),(3287,'Guipuzcoa',205,'N'),(3288,'Huelva',205,'N'),(3289,'Huesca',205,'N'),(3290,'Jaen',205,'N'),(3291,'La Rioja',205,'N'),(3292,'Las Palmas',205,'N'),(3293,'Leon',205,'N'),(3294,'Lerida',205,'N'),(3295,'Lleida',205,'N'),(3296,'Lugo',205,'N'),(3297,'Madrid',205,'N'),(3298,'Malaga',205,'N'),(3299,'Melilla',205,'N'),(3300,'Murcia',205,'N'),(3301,'Navarra',205,'N'),(3302,'Ourense',205,'N'),(3303,'Pais Vasco',205,'N'),(3304,'Palencia',205,'N'),(3305,'Pontevedra',205,'N'),(3306,'Salamanca',205,'N'),(3307,'Santa Cruz de Tenerife',205,'N'),(3308,'Segovia',205,'N'),(3309,'Sevilla',205,'N'),(3310,'Soria',205,'N'),(3311,'Tarragona',205,'N'),(3312,'Tenerife',205,'N'),(3313,'Teruel',205,'N'),(3314,'Toledo',205,'N'),(3315,'Valencia',205,'N'),(3316,'Valladolid',205,'N'),(3317,'Vizcaya',205,'N'),(3318,'Zamora',205,'N'),(3319,'Zaragoza',205,'N'),(3320,'Amparai',206,'N'),(3321,'Anuradhapuraya',206,'N'),(3322,'Badulla',206,'N'),(3323,'Boralesgamuwa',206,'N'),(3324,'Colombo',206,'N'),(3325,'Galla',206,'N'),(3326,'Gampaha',206,'N'),(3327,'Hambantota',206,'N'),(3328,'Kalatura',206,'N'),(3329,'Kegalla',206,'N'),(3330,'Kilinochchi',206,'N'),(3331,'Kurunegala',206,'N'),(3332,'Madakalpuwa',206,'N'),(3333,'Maha Nuwara',206,'N'),(3334,'Malwana',206,'N'),(3335,'Mannarama',206,'N'),(3336,'Matale',206,'N'),(3337,'Matara',206,'N'),(3338,'Monaragala',206,'N'),(3339,'Mullaitivu',206,'N'),(3340,'North Eastern Province',206,'N'),(3341,'North Western Province',206,'N'),(3342,'Nuwara Eliya',206,'N'),(3343,'Polonnaruwa',206,'N'),(3344,'Puttalama',206,'N'),(3345,'Ratnapuraya',206,'N'),(3346,'Southern Province',206,'N'),(3347,'Tirikunamalaya',206,'N'),(3348,'Tuscany',206,'N'),(3349,'Vavuniyawa',206,'N'),(3350,'Western Province',206,'N'),(3351,'Yapanaya',206,'N'),(3352,'kadawatha',206,'N'),(3353,'A\'ali-an-Nil',207,'N'),(3354,'Bahr-al-Jabal',207,'N'),(3355,'Central Equatoria',207,'N'),(3356,'Gharb Bahr-al-Ghazal',207,'N'),(3357,'Gharb Darfur',207,'N'),(3358,'Gharb Kurdufan',207,'N'),(3359,'Gharb-al-Istiwa\'iyah',207,'N'),(3360,'Janub Darfur',207,'N'),(3361,'Janub Kurdufan',207,'N'),(3362,'Junqali',207,'N'),(3363,'Kassala',207,'N'),(3364,'Nahr-an-Nil',207,'N'),(3365,'Shamal Bahr-al-Ghazal',207,'N'),(3366,'Shamal Darfur',207,'N'),(3367,'Shamal Kurdufan',207,'N'),(3368,'Sharq-al-Istiwa\'iyah',207,'N'),(3369,'Sinnar',207,'N'),(3370,'Warab',207,'N'),(3371,'Wilayat al Khartum',207,'N'),(3372,'al-Bahr-al-Ahmar',207,'N'),(3373,'al-Buhayrat',207,'N'),(3374,'al-Jazirah',207,'N'),(3375,'al-Khartum',207,'N'),(3376,'al-Qadarif',207,'N'),(3377,'al-Wahdah',207,'N'),(3378,'an-Nil-al-Abyad',207,'N'),(3379,'an-Nil-al-Azraq',207,'N'),(3380,'ash-Shamaliyah',207,'N'),(3381,'Brokopondo',208,'N'),(3382,'Commewijne',208,'N'),(3383,'Coronie',208,'N'),(3384,'Marowijne',208,'N'),(3385,'Nickerie',208,'N'),(3386,'Para',208,'N'),(3387,'Paramaribo',208,'N'),(3388,'Saramacca',208,'N'),(3389,'Wanica',208,'N'),(3390,'Svalbard',209,'N'),(3391,'Hhohho',210,'N'),(3392,'Lubombo',210,'N'),(3393,'Manzini',210,'N'),(3394,'Shiselweni',210,'N'),(3395,'Alvsborgs Lan',211,'N'),(3396,'Angermanland',211,'N'),(3397,'Blekinge',211,'N'),(3398,'Bohuslan',211,'N'),(3399,'Dalarna',211,'N'),(3400,'Gavleborg',211,'N'),(3401,'Gaza',211,'N'),(3402,'Gotland',211,'N'),(3403,'Halland',211,'N'),(3404,'Jamtland',211,'N'),(3405,'Jonkoping',211,'N'),(3406,'Kalmar',211,'N'),(3407,'Kristianstads',211,'N'),(3408,'Kronoberg',211,'N'),(3409,'Norrbotten',211,'N'),(3410,'Orebro',211,'N'),(3411,'Ostergotland',211,'N'),(3412,'Saltsjo-Boo',211,'N'),(3413,'Skane',211,'N'),(3414,'Smaland',211,'N'),(3415,'Sodermanland',211,'N'),(3416,'Stockholm',211,'N'),(3417,'Uppsala',211,'N'),(3418,'Varmland',211,'N'),(3419,'Vasterbotten',211,'N'),(3420,'Vastergotland',211,'N'),(3421,'Vasternorrland',211,'N'),(3422,'Vastmanland',211,'N'),(3423,'Vastra Gotaland',211,'N'),(3424,'Aargau',212,'N'),(3425,'Appenzell Inner-Rhoden',212,'N'),(3426,'Appenzell-Ausser Rhoden',212,'N'),(3427,'Basel-Landschaft',212,'N'),(3428,'Basel-Stadt',212,'N'),(3429,'Bern',212,'N'),(3430,'Canton Ticino',212,'N'),(3431,'Fribourg',212,'N'),(3432,'Geneve',212,'N'),(3433,'Glarus',212,'N'),(3434,'Graubunden',212,'N'),(3435,'Heerbrugg',212,'N'),(3436,'Jura',212,'N'),(3437,'Kanton Aargau',212,'N'),(3438,'Luzern',212,'N'),(3439,'Morbio Inferiore',212,'N'),(3440,'Muhen',212,'N'),(3441,'Neuchatel',212,'N'),(3442,'Nidwalden',212,'N'),(3443,'Obwalden',212,'N'),(3444,'Sankt Gallen',212,'N'),(3445,'Schaffhausen',212,'N'),(3446,'Schwyz',212,'N'),(3447,'Solothurn',212,'N'),(3448,'Thurgau',212,'N'),(3449,'Ticino',212,'N'),(3450,'Uri',212,'N'),(3451,'Valais',212,'N'),(3452,'Vaud',212,'N'),(3453,'Vauffelin',212,'N'),(3454,'Zug',212,'N'),(3455,'Zurich',212,'N'),(3456,'Aleppo',213,'N'),(3457,'Dar\'a',213,'N'),(3458,'Dayr-az-Zawr',213,'N'),(3459,'Dimashq',213,'N'),(3460,'Halab',213,'N'),(3461,'Hamah',213,'N'),(3462,'Hims',213,'N'),(3463,'Idlib',213,'N'),(3464,'Madinat Dimashq',213,'N'),(3465,'Tartus',213,'N'),(3466,'al-Hasakah',213,'N'),(3467,'al-Ladhiqiyah',213,'N'),(3468,'al-Qunaytirah',213,'N'),(3469,'ar-Raqqah',213,'N'),(3470,'as-Suwayda',213,'N'),(3471,'Changhwa',214,'N'),(3472,'Chiayi Hsien',214,'N'),(3473,'Chiayi Shih',214,'N'),(3474,'Eastern Taipei',214,'N'),(3475,'Hsinchu Hsien',214,'N'),(3476,'Hsinchu Shih',214,'N'),(3477,'Hualien',214,'N'),(3478,'Ilan',214,'N'),(3479,'Kaohsiung Hsien',214,'N'),(3480,'Kaohsiung Shih',214,'N'),(3481,'Keelung Shih',214,'N'),(3482,'Kinmen',214,'N'),(3483,'Miaoli',214,'N'),(3484,'Nantou',214,'N'),(3485,'Northern Taiwan',214,'N'),(3486,'Penghu',214,'N'),(3487,'Pingtung',214,'N'),(3488,'Taichung',214,'N'),(3489,'Taichung Hsien',214,'N'),(3490,'Taichung Shih',214,'N'),(3491,'Tainan Hsien',214,'N'),(3492,'Tainan Shih',214,'N'),(3493,'Taipei Hsien',214,'N'),(3494,'Taipei Shih / Taipei Hsien',214,'N'),(3495,'Taitung',214,'N'),(3496,'Taoyuan',214,'N'),(3497,'Yilan',214,'N'),(3498,'Yun-Lin Hsien',214,'N'),(3499,'Yunlin',214,'N'),(3500,'Dushanbe',215,'N'),(3501,'Gorno-Badakhshan',215,'N'),(3502,'Karotegin',215,'N'),(3503,'Khatlon',215,'N'),(3504,'Sughd',215,'N'),(3505,'Arusha',216,'N'),(3506,'Dar es Salaam',216,'N'),(3507,'Dodoma',216,'N'),(3508,'Iringa',216,'N'),(3509,'Kagera',216,'N'),(3510,'Kigoma',216,'N'),(3511,'Kilimanjaro',216,'N'),(3512,'Lindi',216,'N'),(3513,'Mara',216,'N'),(3514,'Mbeya',216,'N'),(3515,'Morogoro',216,'N'),(3516,'Mtwara',216,'N'),(3517,'Mwanza',216,'N'),(3518,'Pwani',216,'N'),(3519,'Rukwa',216,'N'),(3520,'Ruvuma',216,'N'),(3521,'Shinyanga',216,'N'),(3522,'Singida',216,'N'),(3523,'Tabora',216,'N'),(3524,'Tanga',216,'N'),(3525,'Zanzibar and Pemba',216,'N'),(3526,'Amnat Charoen',217,'N'),(3527,'Ang Thong',217,'N'),(3528,'Bangkok',217,'N'),(3529,'Buri Ram',217,'N'),(3530,'Chachoengsao',217,'N'),(3531,'Chai Nat',217,'N'),(3532,'Chaiyaphum',217,'N'),(3533,'Changwat Chaiyaphum',217,'N'),(3534,'Chanthaburi',217,'N'),(3535,'Chiang Mai',217,'N'),(3536,'Chiang Rai',217,'N'),(3537,'Chon Buri',217,'N'),(3538,'Chumphon',217,'N'),(3539,'Kalasin',217,'N'),(3540,'Kamphaeng Phet',217,'N'),(3541,'Kanchanaburi',217,'N'),(3542,'Khon Kaen',217,'N'),(3543,'Krabi',217,'N'),(3544,'Krung Thep',217,'N'),(3545,'Lampang',217,'N'),(3546,'Lamphun',217,'N'),(3547,'Loei',217,'N'),(3548,'Lop Buri',217,'N'),(3549,'Mae Hong Son',217,'N'),(3550,'Maha Sarakham',217,'N'),(3551,'Mukdahan',217,'N'),(3552,'Nakhon Nayok',217,'N'),(3553,'Nakhon Pathom',217,'N'),(3554,'Nakhon Phanom',217,'N'),(3555,'Nakhon Ratchasima',217,'N'),(3556,'Nakhon Sawan',217,'N'),(3557,'Nakhon Si Thammarat',217,'N'),(3558,'Nan',217,'N'),(3559,'Narathiwat',217,'N'),(3560,'Nong Bua Lam Phu',217,'N'),(3561,'Nong Khai',217,'N'),(3562,'Nonthaburi',217,'N'),(3563,'Pathum Thani',217,'N'),(3564,'Pattani',217,'N'),(3565,'Phangnga',217,'N'),(3566,'Phatthalung',217,'N'),(3567,'Phayao',217,'N'),(3568,'Phetchabun',217,'N'),(3569,'Phetchaburi',217,'N'),(3570,'Phichit',217,'N'),(3571,'Phitsanulok',217,'N'),(3572,'Phra Nakhon Si Ayutthaya',217,'N'),(3573,'Phrae',217,'N'),(3574,'Phuket',217,'N'),(3575,'Prachin Buri',217,'N'),(3576,'Prachuap Khiri Khan',217,'N'),(3577,'Ranong',217,'N'),(3578,'Ratchaburi',217,'N'),(3579,'Rayong',217,'N'),(3580,'Roi Et',217,'N'),(3581,'Sa Kaeo',217,'N'),(3582,'Sakon Nakhon',217,'N'),(3583,'Samut Prakan',217,'N'),(3584,'Samut Sakhon',217,'N'),(3585,'Samut Songkhran',217,'N'),(3586,'Saraburi',217,'N'),(3587,'Satun',217,'N'),(3588,'Si Sa Ket',217,'N'),(3589,'Sing Buri',217,'N'),(3590,'Songkhla',217,'N'),(3591,'Sukhothai',217,'N'),(3592,'Suphan Buri',217,'N'),(3593,'Surat Thani',217,'N'),(3594,'Surin',217,'N'),(3595,'Tak',217,'N'),(3596,'Trang',217,'N'),(3597,'Trat',217,'N'),(3598,'Ubon Ratchathani',217,'N'),(3599,'Udon Thani',217,'N'),(3600,'Uthai Thani',217,'N'),(3601,'Uttaradit',217,'N'),(3602,'Yala',217,'N'),(3603,'Yasothon',217,'N'),(3604,'Centre',218,'N'),(3605,'Kara',218,'N'),(3606,'Maritime',218,'N'),(3607,'Plateaux',218,'N'),(3608,'Savanes',218,'N'),(3609,'Atafu',219,'N'),(3610,'Fakaofo',219,'N'),(3611,'Nukunonu',219,'N'),(3612,'Eua',220,'N'),(3613,'Ha\'apai',220,'N'),(3614,'Niuas',220,'N'),(3615,'Tongatapu',220,'N'),(3616,'Vava\'u',220,'N'),(3617,'Arima-Tunapuna-Piarco',221,'N'),(3618,'Caroni',221,'N'),(3619,'Chaguanas',221,'N'),(3620,'Couva-Tabaquite-Talparo',221,'N'),(3621,'Diego Martin',221,'N'),(3622,'Glencoe',221,'N'),(3623,'Penal Debe',221,'N'),(3624,'Point Fortin',221,'N'),(3625,'Port of Spain',221,'N'),(3626,'Princes Town',221,'N'),(3627,'Saint George',221,'N'),(3628,'San Fernando',221,'N'),(3629,'San Juan',221,'N'),(3630,'Sangre Grande',221,'N'),(3631,'Siparia',221,'N'),(3632,'Tobago',221,'N'),(3633,'Aryanah',222,'N'),(3634,'Bajah',222,'N'),(3635,'Bin \'Arus',222,'N'),(3636,'Binzart',222,'N'),(3637,'Gouvernorat de Ariana',222,'N'),(3638,'Gouvernorat de Nabeul',222,'N'),(3639,'Gouvernorat de Sousse',222,'N'),(3640,'Hammamet Yasmine',222,'N'),(3641,'Jundubah',222,'N'),(3642,'Madaniyin',222,'N'),(3643,'Manubah',222,'N'),(3644,'Monastir',222,'N'),(3645,'Nabul',222,'N'),(3646,'Qabis',222,'N'),(3647,'Qafsah',222,'N'),(3648,'Qibili',222,'N'),(3649,'Safaqis',222,'N'),(3650,'Sfax',222,'N'),(3651,'Sidi Bu Zayd',222,'N'),(3652,'Silyanah',222,'N'),(3653,'Susah',222,'N'),(3654,'Tatawin',222,'N'),(3655,'Tawzar',222,'N'),(3656,'Tunis',222,'N'),(3657,'Zaghwan',222,'N'),(3658,'al-Kaf',222,'N'),(3659,'al-Mahdiyah',222,'N'),(3660,'al-Munastir',222,'N'),(3661,'al-Qasrayn',222,'N'),(3662,'al-Qayrawan',222,'N'),(3663,'Adana',223,'N'),(3664,'Adiyaman',223,'N'),(3665,'Afyon',223,'N'),(3666,'Agri',223,'N'),(3667,'Aksaray',223,'N'),(3668,'Amasya',223,'N'),(3669,'Ankara',223,'N'),(3670,'Antalya',223,'N'),(3671,'Ardahan',223,'N'),(3672,'Artvin',223,'N'),(3673,'Aydin',223,'N'),(3674,'Balikesir',223,'N'),(3675,'Bartin',223,'N'),(3676,'Batman',223,'N'),(3677,'Bayburt',223,'N'),(3678,'Bilecik',223,'N'),(3679,'Bingol',223,'N'),(3680,'Bitlis',223,'N'),(3681,'Bolu',223,'N'),(3682,'Burdur',223,'N'),(3683,'Bursa',223,'N'),(3684,'Canakkale',223,'N'),(3685,'Cankiri',223,'N'),(3686,'Corum',223,'N'),(3687,'Denizli',223,'N'),(3688,'Diyarbakir',223,'N'),(3689,'Duzce',223,'N'),(3690,'Edirne',223,'N'),(3691,'Elazig',223,'N'),(3692,'Erzincan',223,'N'),(3693,'Erzurum',223,'N'),(3694,'Eskisehir',223,'N'),(3695,'Gaziantep',223,'N'),(3696,'Giresun',223,'N'),(3697,'Gumushane',223,'N'),(3698,'Hakkari',223,'N'),(3699,'Hatay',223,'N'),(3700,'Icel',223,'N'),(3701,'Igdir',223,'N'),(3702,'Isparta',223,'N'),(3703,'Istanbul',223,'N'),(3704,'Izmir',223,'N'),(3705,'Kahramanmaras',223,'N'),(3706,'Karabuk',223,'N'),(3707,'Karaman',223,'N'),(3708,'Kars',223,'N'),(3709,'Karsiyaka',223,'N'),(3710,'Kastamonu',223,'N'),(3711,'Kayseri',223,'N'),(3712,'Kilis',223,'N'),(3713,'Kirikkale',223,'N'),(3714,'Kirklareli',223,'N'),(3715,'Kirsehir',223,'N'),(3716,'Kocaeli',223,'N'),(3717,'Konya',223,'N'),(3718,'Kutahya',223,'N'),(3719,'Lefkosa',223,'N'),(3720,'Malatya',223,'N'),(3721,'Manisa',223,'N'),(3722,'Mardin',223,'N'),(3723,'Mugla',223,'N'),(3724,'Mus',223,'N'),(3725,'Nevsehir',223,'N'),(3726,'Nigde',223,'N'),(3727,'Ordu',223,'N'),(3728,'Osmaniye',223,'N'),(3729,'Rize',223,'N'),(3730,'Sakarya',223,'N'),(3731,'Samsun',223,'N'),(3732,'Sanliurfa',223,'N'),(3733,'Siirt',223,'N'),(3734,'Sinop',223,'N'),(3735,'Sirnak',223,'N'),(3736,'Sivas',223,'N'),(3737,'Tekirdag',223,'N'),(3738,'Tokat',223,'N'),(3739,'Trabzon',223,'N'),(3740,'Tunceli',223,'N'),(3741,'Usak',223,'N'),(3742,'Van',223,'N'),(3743,'Yalova',223,'N'),(3744,'Yozgat',223,'N'),(3745,'Zonguldak',223,'N'),(3746,'Ahal',224,'N'),(3747,'Asgabat',224,'N'),(3748,'Balkan',224,'N'),(3749,'Dasoguz',224,'N'),(3750,'Lebap',224,'N'),(3751,'Mari',224,'N'),(3752,'Grand Turk',225,'N'),(3753,'South Caicos and East Caicos',225,'N'),(3754,'Funafuti',226,'N'),(3755,'Nanumanga',226,'N'),(3756,'Nanumea',226,'N'),(3757,'Niutao',226,'N'),(3758,'Nui',226,'N'),(3759,'Nukufetau',226,'N'),(3760,'Nukulaelae',226,'N'),(3761,'Vaitupu',226,'N'),(3762,'Central',227,'N'),(3763,'Eastern',227,'N'),(3764,'Northern',227,'N'),(3765,'Western',227,'N'),(3766,'Cherkas\'ka',228,'N'),(3767,'Chernihivs\'ka',228,'N'),(3768,'Chernivets\'ka',228,'N'),(3769,'Crimea',228,'N'),(3770,'Dnipropetrovska',228,'N'),(3771,'Donets\'ka',228,'N'),(3772,'Ivano-Frankivs\'ka',228,'N'),(3773,'Kharkiv',228,'N'),(3774,'Kharkov',228,'N'),(3775,'Khersonska',228,'N'),(3776,'Khmel\'nyts\'ka',228,'N'),(3777,'Kirovohrad',228,'N'),(3778,'Krym',228,'N'),(3779,'Kyyiv',228,'N'),(3780,'Kyyivs\'ka',228,'N'),(3781,'L\'vivs\'ka',228,'N'),(3782,'Luhans\'ka',228,'N'),(3783,'Mykolayivs\'ka',228,'N'),(3784,'Odes\'ka',228,'N'),(3785,'Odessa',228,'N'),(3786,'Poltavs\'ka',228,'N'),(3787,'Rivnens\'ka',228,'N'),(3788,'Sevastopol\'',228,'N'),(3789,'Sums\'ka',228,'N'),(3790,'Ternopil\'s\'ka',228,'N'),(3791,'Volyns\'ka',228,'N'),(3792,'Vynnyts\'ka',228,'N'),(3793,'Zakarpats\'ka',228,'N'),(3794,'Zaporizhia',228,'N'),(3795,'Zhytomyrs\'ka',228,'N'),(3796,'Abu Zabi',229,'N'),(3797,'Ajman',229,'N'),(3798,'Dubai',229,'N'),(3799,'Ras al-Khaymah',229,'N'),(3800,'Sharjah',229,'N'),(3801,'Sharjha',229,'N'),(3802,'Umm al Qaywayn',229,'N'),(3803,'al-Fujayrah',229,'N'),(3804,'ash-Shariqah',229,'N'),(3805,'Aberdeen',230,'N'),(3806,'Aberdeenshire',230,'N'),(3807,'Argyll',230,'N'),(3808,'Armagh',230,'N'),(3809,'Bedfordshire',230,'N'),(3810,'Belfast',230,'N'),(3811,'Berkshire',230,'N'),(3812,'Birmingham',230,'N'),(3813,'Brechin',230,'N'),(3814,'Bridgnorth',230,'N'),(3815,'Bristol',230,'N'),(3816,'Buckinghamshire',230,'N'),(3817,'Cambridge',230,'N'),(3818,'Cambridgeshire',230,'N'),(3819,'Channel Islands',230,'N'),(3820,'Cheshire',230,'N'),(3821,'Cleveland',230,'N'),(3822,'Co Fermanagh',230,'N'),(3823,'Conwy',230,'N'),(3824,'Cornwall',230,'N'),(3825,'Coventry',230,'N'),(3826,'Craven Arms',230,'N'),(3827,'Cumbria',230,'N'),(3828,'Denbighshire',230,'N'),(3829,'Derby',230,'N'),(3830,'Derbyshire',230,'N'),(3831,'Devon',230,'N'),(3832,'Dial Code Dungannon',230,'N'),(3833,'Didcot',230,'N'),(3834,'Dorset',230,'N'),(3835,'Dunbartonshire',230,'N'),(3836,'Durham',230,'N'),(3837,'East Dunbartonshire',230,'N'),(3838,'East Lothian',230,'N'),(3839,'East Midlands',230,'N'),(3840,'East Sussex',230,'N'),(3841,'East Yorkshire',230,'N'),(3842,'England',230,'N'),(3843,'Essex',230,'N'),(3844,'Fermanagh',230,'N'),(3845,'Fife',230,'N'),(3846,'Flintshire',230,'N'),(3847,'Fulham',230,'N'),(3848,'Gainsborough',230,'N'),(3849,'Glocestershire',230,'N'),(3850,'Gwent',230,'N'),(3851,'Hampshire',230,'N'),(3852,'Hants',230,'N'),(3853,'Herefordshire',230,'N'),(3854,'Hertfordshire',230,'N'),(3855,'Ireland',230,'N'),(3856,'Isle Of Man',230,'N'),(3857,'Isle of Wight',230,'N'),(3858,'Kenford',230,'N'),(3859,'Kent',230,'N'),(3860,'Kilmarnock',230,'N'),(3861,'Lanarkshire',230,'N'),(3862,'Lancashire',230,'N'),(3863,'Leicestershire',230,'N'),(3864,'Lincolnshire',230,'N'),(3865,'Llanymynech',230,'N'),(3866,'London',230,'N'),(3867,'Ludlow',230,'N'),(3868,'Manchester',230,'N'),(3869,'Mayfair',230,'N'),(3870,'Merseyside',230,'N'),(3871,'Mid Glamorgan',230,'N'),(3872,'Middlesex',230,'N'),(3873,'Mildenhall',230,'N'),(3874,'Monmouthshire',230,'N'),(3875,'Newton Stewart',230,'N'),(3876,'Norfolk',230,'N'),(3877,'North Humberside',230,'N'),(3878,'North Yorkshire',230,'N'),(3879,'Northamptonshire',230,'N'),(3880,'Northants',230,'N'),(3881,'Northern Ireland',230,'N'),(3882,'Northumberland',230,'N'),(3883,'Nottinghamshire',230,'N'),(3884,'Oxford',230,'N'),(3885,'Powys',230,'N'),(3886,'Roos-shire',230,'N'),(3887,'SUSSEX',230,'N'),(3888,'Sark',230,'N'),(3889,'Scotland',230,'N'),(3890,'Scottish Borders',230,'N'),(3891,'Shropshire',230,'N'),(3892,'Somerset',230,'N'),(3893,'South Glamorgan',230,'N'),(3894,'South Wales',230,'N'),(3895,'South Yorkshire',230,'N'),(3896,'Southwell',230,'N'),(3897,'Staffordshire',230,'N'),(3898,'Strabane',230,'N'),(3899,'Suffolk',230,'N'),(3900,'Surrey',230,'N'),(3901,'Sussex',230,'N'),(3902,'Twickenham',230,'N'),(3903,'Tyne and Wear',230,'N'),(3904,'Tyrone',230,'N'),(3905,'Utah',230,'N'),(3906,'Wales',230,'N'),(3907,'Warwickshire',230,'N'),(3908,'West Lothian',230,'N'),(3909,'West Midlands',230,'N'),(3910,'West Sussex',230,'N'),(3911,'West Yorkshire',230,'N'),(3912,'Whissendine',230,'N'),(3913,'Wiltshire',230,'N'),(3914,'Wokingham',230,'N'),(3915,'Worcestershire',230,'N'),(3916,'Wrexham',230,'N'),(3917,'Wurttemberg',230,'N'),(3918,'Yorkshire',230,'N'),(3919,'Alabama',231,'N'),(3920,'Alaska',231,'N'),(3921,'Arizona',231,'N'),(3922,'Arkansas',231,'N'),(3923,'Byram',231,'N'),(3924,'California',231,'N'),(3925,'Cokato',231,'N'),(3926,'Colorado',231,'N'),(3927,'Connecticut',231,'N'),(3928,'Delaware',231,'N'),(3929,'District of Columbia',231,'N'),(3930,'Florida',231,'N'),(3931,'Georgia',231,'N'),(3932,'Hawaii',231,'N'),(3933,'Idaho',231,'N'),(3934,'Illinois',231,'N'),(3935,'Indiana',231,'N'),(3936,'Iowa',231,'N'),(3937,'Kansas',231,'N'),(3938,'Kentucky',231,'N'),(3939,'Louisiana',231,'N'),(3940,'Lowa',231,'N'),(3941,'Maine',231,'N'),(3942,'Maryland',231,'N'),(3943,'Massachusetts',231,'N'),(3944,'Medfield',231,'N'),(3945,'Michigan',231,'N'),(3946,'Minnesota',231,'N'),(3947,'Mississippi',231,'N'),(3948,'Missouri',231,'N'),(3949,'Montana',231,'N'),(3950,'Nebraska',231,'N'),(3951,'Nevada',231,'N'),(3952,'New Hampshire',231,'N'),(3953,'New Jersey',231,'N'),(3954,'New Jersy',231,'N'),(3955,'New Mexico',231,'N'),(3956,'New York',231,'N'),(3957,'North Carolina',231,'N'),(3958,'North Dakota',231,'N'),(3959,'Ohio',231,'N'),(3960,'Oklahoma',231,'N'),(3961,'Ontario',231,'N'),(3962,'Oregon',231,'N'),(3963,'Pennsylvania',231,'N'),(3964,'Ramey',231,'N'),(3965,'Rhode Island',231,'N'),(3966,'South Carolina',231,'N'),(3967,'South Dakota',231,'N'),(3968,'Sublimity',231,'N'),(3969,'Tennessee',231,'N'),(3970,'Texas',231,'N'),(3971,'Trimble',231,'N'),(3972,'Utah',231,'N'),(3973,'Vermont',231,'N'),(3974,'Virginia',231,'N'),(3975,'Washington',231,'N'),(3976,'West Virginia',231,'N'),(3977,'Wisconsin',231,'N'),(3978,'Wyoming',231,'N'),(3979,'United States Minor Outlying I',232,'N'),(3980,'Artigas',233,'N'),(3981,'Canelones',233,'N'),(3982,'Cerro Largo',233,'N'),(3983,'Colonia',233,'N'),(3984,'Durazno',233,'N'),(3985,'FLorida',233,'N'),(3986,'Flores',233,'N'),(3987,'Lavalleja',233,'N'),(3988,'Maldonado',233,'N'),(3989,'Montevideo',233,'N'),(3990,'Paysandu',233,'N'),(3991,'Rio Negro',233,'N'),(3992,'Rivera',233,'N'),(3993,'Rocha',233,'N'),(3994,'Salto',233,'N'),(3995,'San Jose',233,'N'),(3996,'Soriano',233,'N'),(3997,'Tacuarembo',233,'N'),(3998,'Treinta y Tres',233,'N'),(3999,'Andijon',234,'N'),(4000,'Buhoro',234,'N'),(4001,'Buxoro Viloyati',234,'N'),(4002,'Cizah',234,'N'),(4003,'Fargona',234,'N'),(4004,'Horazm',234,'N'),(4005,'Kaskadar',234,'N'),(4006,'Korakalpogiston',234,'N'),(4007,'Namangan',234,'N'),(4008,'Navoi',234,'N'),(4009,'Samarkand',234,'N'),(4010,'Sirdare',234,'N'),(4011,'Surhondar',234,'N'),(4012,'Toskent',234,'N'),(4013,'Malampa',235,'N'),(4014,'Penama',235,'N'),(4015,'Sanma',235,'N'),(4016,'Shefa',235,'N'),(4017,'Tafea',235,'N'),(4018,'Torba',235,'N'),(4019,'Vatican City State (Holy See)',236,'N'),(4020,'Amazonas',237,'N'),(4021,'Anzoategui',237,'N'),(4022,'Apure',237,'N'),(4023,'Aragua',237,'N'),(4024,'Barinas',237,'N'),(4025,'Bolivar',237,'N'),(4026,'Carabobo',237,'N'),(4027,'Cojedes',237,'N'),(4028,'Delta Amacuro',237,'N'),(4029,'Distrito Federal',237,'N'),(4030,'Falcon',237,'N'),(4031,'Guarico',237,'N'),(4032,'Lara',237,'N'),(4033,'Merida',237,'N'),(4034,'Miranda',237,'N'),(4035,'Monagas',237,'N'),(4036,'Nueva Esparta',237,'N'),(4037,'Portuguesa',237,'N'),(4038,'Sucre',237,'N'),(4039,'Tachira',237,'N'),(4040,'Trujillo',237,'N'),(4041,'Vargas',237,'N'),(4042,'Yaracuy',237,'N'),(4043,'Zulia',237,'N'),(4044,'Bac Giang',238,'N'),(4045,'Binh Dinh',238,'N'),(4046,'Binh Duong',238,'N'),(4047,'Da Nang',238,'N'),(4048,'Dong Bang Song Cuu Long',238,'N'),(4049,'Dong Bang Song Hong',238,'N'),(4050,'Dong Nai',238,'N'),(4051,'Dong Nam Bo',238,'N'),(4052,'Duyen Hai Mien Trung',238,'N'),(4053,'Hanoi',238,'N'),(4054,'Hung Yen',238,'N'),(4055,'Khu Bon Cu',238,'N'),(4056,'Long An',238,'N'),(4057,'Mien Nui Va Trung Du',238,'N'),(4058,'Thai Nguyen',238,'N'),(4059,'Thanh Pho Ho Chi Minh',238,'N'),(4060,'Thu Do Ha Noi',238,'N'),(4061,'Tinh Can Tho',238,'N'),(4062,'Tinh Da Nang',238,'N'),(4063,'Tinh Gia Lai',238,'N'),(4064,'Anegada',239,'N'),(4065,'Jost van Dyke',239,'N'),(4066,'Tortola',239,'N'),(4067,'Saint Croix',240,'N'),(4068,'Saint John',240,'N'),(4069,'Saint Thomas',240,'N'),(4070,'Alo',241,'N'),(4071,'Singave',241,'N'),(4072,'Wallis',241,'N'),(4073,'Bu Jaydur',242,'N'),(4074,'Wad-adh-Dhahab',242,'N'),(4075,'al-\'Ayun',242,'N'),(4076,'as-Samarah',242,'N'),(4077,'\'Adan',243,'N'),(4078,'Abyan',243,'N'),(4079,'Dhamar',243,'N'),(4080,'Hadramaut',243,'N'),(4081,'Hajjah',243,'N'),(4082,'Hudaydah',243,'N'),(4083,'Ibb',243,'N'),(4084,'Lahij',243,'N'),(4085,'Ma\'rib',243,'N'),(4086,'Madinat San\'a',243,'N'),(4087,'Sa\'dah',243,'N'),(4088,'Sana',243,'N'),(4089,'Shabwah',243,'N'),(4090,'Ta\'izz',243,'N'),(4091,'al-Bayda',243,'N'),(4092,'al-Hudaydah',243,'N'),(4093,'al-Jawf',243,'N'),(4094,'al-Mahrah',243,'N'),(4095,'al-Mahwit',243,'N'),(4096,'Central Serbia',244,'N'),(4097,'Kosovo and Metohija',244,'N'),(4098,'Montenegro',244,'N'),(4099,'Republic of Serbia',244,'N'),(4100,'Serbia',244,'N'),(4101,'Vojvodina',244,'N'),(4102,'Central',245,'N'),(4103,'Copperbelt',245,'N'),(4104,'Eastern',245,'N'),(4105,'Luapala',245,'N'),(4106,'Lusaka',245,'N'),(4107,'North-Western',245,'N'),(4108,'Northern',245,'N'),(4109,'Southern',245,'N'),(4110,'Western',245,'N'),(4111,'Bulawayo',246,'N'),(4112,'Harare',246,'N'),(4113,'Manicaland',246,'N'),(4114,'Mashonaland Central',246,'N'),(4115,'Mashonaland East',246,'N'),(4116,'Mashonaland West',246,'N'),(4117,'Masvingo',246,'N'),(4118,'Matabeleland North',246,'N'),(4119,'Matabeleland South',246,'N'),(4120,'Midlands',246,'N'),(4121,'Bangladesh',18,'Y');

/*Table structure for table `student_master` */

CREATE TABLE `student_master` (
  `student_id` int(10) NOT NULL AUTO_INCREMENT,
  `reg_no` varchar(255) DEFAULT NULL,
  `form_sl_no` varchar(255) DEFAULT NULL,
  `admission_dt` datetime DEFAULT NULL,
  `dob` datetime DEFAULT NULL,
  `name` varchar(255) DEFAULT NULL,
  `account_id` int(10) NOT NULL,
  `gender_id` int(10) DEFAULT NULL,
  `blood_gr_id` int(10) DEFAULT NULL,
  `caste_id` int(10) DEFAULT NULL,
  `religion_id` int(10) DEFAULT NULL,
  `father_name` varchar(255) DEFAULT NULL,
  `father_contact_no` varchar(25) DEFAULT NULL,
  `father_occupation_id` int(10) DEFAULT NULL,
  `fathers_income` varchar(255) DEFAULT NULL,
  `mother_name` varchar(255) DEFAULT NULL,
  `mother_contact_no` varchar(25) DEFAULT NULL,
  `mother_occupation_id` int(10) DEFAULT NULL,
  `mother_income` varchar(255) DEFAULT NULL,
  `guardian_name` varchar(225) DEFAULT NULL,
  `relationship_id` int(10) DEFAULT NULL,
  `present_area` varchar(255) DEFAULT NULL,
  `present_town` varchar(255) DEFAULT NULL,
  `present_po` varchar(255) DEFAULT NULL,
  `present_ps` varchar(255) DEFAULT NULL,
  `present_pin` varchar(20) DEFAULT NULL,
  `present_state_id` int(10) DEFAULT NULL,
  `present_dist_id` int(10) DEFAULT NULL,
  `area` varchar(255) DEFAULT NULL,
  `town` varchar(255) DEFAULT NULL,
  `post_office` varchar(255) DEFAULT NULL COMMENT 'Post Office',
  `police_station` varchar(255) DEFAULT NULL COMMENT 'Police Station',
  `pin_code` varchar(255) DEFAULT NULL,
  `state_id` int(10) DEFAULT NULL,
  `dist_id` int(10) DEFAULT NULL,
  `is_file_uploaded` enum('Y','N') DEFAULT NULL,
  `created_by` int(10) DEFAULT NULL,
  `is_active` tinyint(10) DEFAULT NULL,
  `created_on` timestamp NULL DEFAULT CURRENT_TIMESTAMP,
  `last_modified` datetime DEFAULT NULL,
  PRIMARY KEY (`student_id`),
  UNIQUE KEY `reg_no` (`reg_no`)
) ENGINE=InnoDB AUTO_INCREMENT=36 DEFAULT CHARSET=utf8;

/*Data for the table `student_master` */

insert  into `student_master`(`student_id`,`reg_no`,`form_sl_no`,`admission_dt`,`dob`,`name`,`account_id`,`gender_id`,`blood_gr_id`,`caste_id`,`religion_id`,`father_name`,`father_contact_no`,`father_occupation_id`,`fathers_income`,`mother_name`,`mother_contact_no`,`mother_occupation_id`,`mother_income`,`guardian_name`,`relationship_id`,`present_area`,`present_town`,`present_po`,`present_ps`,`present_pin`,`present_state_id`,`present_dist_id`,`area`,`town`,`post_office`,`police_station`,`pin_code`,`state_id`,`dist_id`,`is_file_uploaded`,`created_by`,`is_active`,`created_on`,`last_modified`) values (11,'123','F12','2003-02-10 00:00:00','2003-02-10 00:00:00','Shankha Ghosh',12,1,0,0,0,'Sriram','9153575808',0,'','','',0,'','Sriram Ghosh',1,'','','','','',41,0,'','','','','',41,0,'Y',1,1,'2019-01-04 15:23:09',NULL),(31,'N16S','12','1970-01-01 00:00:00','1970-01-01 00:00:00','Sandipan Sarkar',14,1,0,NULL,NULL,'Shib Sankar Sarkar','9165487320',0,'','','',0,'','Shib Sankar Sarkar',1,'','','','','',41,0,'','','','','',41,0,'Y',1,1,'2019-01-29 11:59:12',NULL),(32,'sdfsdf','sdfsdf',NULL,NULL,'xxxxxx',20,1,0,0,0,'sdfsdf','sdfsdf',0,'','','',0,'','sdfsd',1,'','','','','',41,0,'','','','','',41,0,'N',1,1,'2019-01-29 17:24:27',NULL),(33,'student','student',NULL,NULL,'student',29,1,0,0,0,'studentf','xxxx',0,'','','',0,'','studentf',1,'','','','','',41,0,'','','','','',41,0,'N',1,1,'2019-01-30 13:31:50',NULL),(34,'NEW/01-02-19','NEW/01-02-19','2011-11-11 00:00:00','1970-01-01 00:00:00','Student',32,1,0,NULL,NULL,'test','test',1,'','','',0,'','test',1,'','','','','',41,0,'','','','','',41,0,'N',1,1,'2019-02-01 12:02:12',NULL),(35,'1','1',NULL,NULL,'sandip',45,1,0,NULL,NULL,'shib','9286777777',0,'','','',0,'','shib',1,'','','','','',41,0,'','','','','',41,0,'N',1,1,'2019-02-18 13:54:02',NULL);

/*Table structure for table `temp_table_payment` */

CREATE TABLE `temp_table_payment` (
  `payment_master_id` varchar(20) DEFAULT NULL COMMENT 'fees payment history dakhar somoy ekhane data generate hoche',
  `classname` varchar(255) DEFAULT NULL,
  `studentname` varchar(255) DEFAULT NULL,
  `section` varchar(20) DEFAULT NULL,
  `roll` varchar(20) DEFAULT NULL,
  `payment_date` varchar(255) DEFAULT NULL,
  `memono` varchar(255) DEFAULT NULL,
  `amount` varchar(255) DEFAULT NULL
) ENGINE=InnoDB DEFAULT CHARSET=utf8;

/*Data for the table `temp_table_payment` */

insert  into `temp_table_payment`(`payment_master_id`,`classname`,`studentname`,`section`,`roll`,`payment_date`,`memono`,`amount`) values ('1','LN','Shankha Ghosh','A','1','28-02-2019',NULL,'1450.00'),('2','LN','Shankha Ghosh','A','1','05-03-2019',NULL,'1450.00'),('4','LN','Shankha Ghosh','A','1','07-03-2019',NULL,'1450.00');

/*Table structure for table `uploaded_documents_all` */

CREATE TABLE `uploaded_documents_all` (
  `id` int(10) NOT NULL AUTO_INCREMENT,
  `document_type_id` int(10) DEFAULT NULL,
  `random_file_name` varchar(255) DEFAULT NULL,
  `user_file_name` varchar(255) DEFAULT NULL,
  `uploaded_file_desc` varchar(255) DEFAULT NULL,
  `uploaded_on` datetime DEFAULT NULL,
  `modified_on` datetime DEFAULT NULL,
  `upload_from_module` varchar(255) DEFAULT NULL,
  `upload_from_module_id` int(10) DEFAULT NULL,
  `upload_srl_no` int(10) DEFAULT NULL,
  `created_by` int(10) DEFAULT NULL,
  `is_active` enum('Y','N') DEFAULT NULL,
  `uploaded_by_user` int(10) DEFAULT NULL,
  PRIMARY KEY (`id`)
) ENGINE=InnoDB AUTO_INCREMENT=43 DEFAULT CHARSET=utf8;

/*Data for the table `uploaded_documents_all` */

insert  into `uploaded_documents_all`(`id`,`document_type_id`,`random_file_name`,`user_file_name`,`uploaded_file_desc`,`uploaded_on`,`modified_on`,`upload_from_module`,`upload_from_module_id`,`upload_srl_no`,`created_by`,`is_active`,`uploaded_by_user`) values (17,NULL,'270469be18218631bb63ab301277dd14.jpg','shankha (1).jpg',NULL,'2019-01-07 00:00:00','2019-01-07 00:00:00','Admission',12,1,NULL,'Y',1),(18,NULL,'','',NULL,'2019-01-07 00:00:00','2019-01-07 00:00:00','Admission',14,1,NULL,'Y',1),(19,NULL,'1e16fef6ac0abe2a07c86327b3870850.png','notfounddd.png',NULL,'2019-01-24 00:00:00','2019-01-24 00:00:00','Admission',17,1,NULL,'Y',1),(20,NULL,NULL,NULL,NULL,'2019-01-24 00:00:00','2019-01-24 00:00:00','Admission',17,2,NULL,'Y',1),(21,NULL,'a9bf6a9c9c49d7107cb919c1ea932f0a.jpg','21339.jpg',NULL,'2019-01-24 00:00:00','2019-01-24 00:00:00','Admission',11,1,NULL,'Y',1),(22,NULL,'21339.jpg','21339.jpg',NULL,'2019-01-24 00:00:00','2019-01-24 00:00:00','Admission',11,2,NULL,'Y',1),(23,NULL,'c2dc8866b8cca7506e34f56205eeb725.png','rsz_new_vista_logo(1).png',NULL,'2019-01-24 00:00:00','2019-01-24 00:00:00','Admission',19,1,NULL,'Y',1),(24,NULL,NULL,NULL,NULL,'2019-01-24 00:00:00','2019-01-24 00:00:00','Admission',19,2,NULL,'Y',1),(25,NULL,'d55c18d6846cd6955811b6c42eb53d1d.png','rsz_new_vista_logo(1).png',NULL,'2019-01-24 00:00:00','2019-01-24 00:00:00','Admission',21,1,NULL,'Y',1),(26,NULL,NULL,NULL,NULL,'2019-01-24 00:00:00','2019-01-24 00:00:00','Admission',21,2,NULL,'Y',1),(27,NULL,'17c7707f76e2a87a05f011e2054f94fa.png','rsz_new_vista_logo.png',NULL,'2019-01-24 00:00:00','2019-01-24 00:00:00','Admission',23,1,NULL,'Y',1),(28,NULL,'rsz_new_vista_logo.png',NULL,NULL,'2019-01-24 00:00:00','2019-01-24 00:00:00','Admission',23,2,NULL,'Y',1),(31,NULL,'c3bba8fac5c7ffe5cb7ef153f1cdcf80.png','Screen Shot 2018-12-18 at 12.52.42.png',NULL,'2019-01-24 00:00:00','2019-01-24 00:00:00','Admission',25,1,NULL,'Y',1),(32,NULL,'c3bba8fac5c7ffe5cb7ef153f1cdcf80.png','Screen Shot 2018-12-18 at 12.52.42.png',NULL,'2019-01-24 00:00:00','2019-01-24 00:00:00','Admission',25,2,NULL,'Y',1),(33,NULL,'1880691620e783275fa92c1437b9dccb.jpg','1689_example.jpg',NULL,'2019-01-24 00:00:00','2019-01-24 00:00:00','Admission',26,1,NULL,'Y',1),(34,NULL,'1880691620e783275fa92c1437b9dccb.jpg','1689_example.jpg',NULL,'2019-01-24 00:00:00','2019-01-24 00:00:00','Admission',26,2,NULL,'Y',1),(35,NULL,'58d70e08e079ffe4fbfff9767252b022.jpg','template_internal.jpg',NULL,'2019-01-24 00:00:00','2019-01-24 00:00:00','Admission',24,1,NULL,'Y',1),(36,NULL,'58d70e08e079ffe4fbfff9767252b022.jpg','template_internal.jpg',NULL,'2019-01-24 00:00:00','2019-01-24 00:00:00','Admission',24,2,NULL,'Y',1),(41,NULL,'cf19fc56f374a404539222fdfc93a559.png','notfounddd.png',NULL,'2019-02-02 00:00:00','2019-02-02 00:00:00','Admission',31,1,NULL,'Y',1),(42,NULL,'cf19fc56f374a404539222fdfc93a559.png','notfounddd.png',NULL,'2019-02-02 00:00:00','2019-02-02 00:00:00','Admission',31,2,NULL,'Y',1);

/*Table structure for table `vendor_master` */

CREATE TABLE `vendor_master` (
  `id` int(10) NOT NULL AUTO_INCREMENT,
  `name` varchar(100) NOT NULL,
  `address` varchar(225) DEFAULT NULL,
  `gst_no` varchar(50) DEFAULT NULL,
  `contact_no` varchar(10) DEFAULT NULL,
  `contact_persone` varchar(50) DEFAULT NULL,
  `state_id` int(10) DEFAULT NULL,
  `account_master_id` int(10) DEFAULT NULL,
  `bank_ifsc` varchar(50) DEFAULT NULL,
  `bank_ac_no` varchar(50) DEFAULT NULL,
  `bank_address` varchar(255) DEFAULT NULL,
  `bank_branch` varchar(50) DEFAULT NULL,
  `is_active` enum('Y','N') DEFAULT NULL,
  `create_dt` timestamp NOT NULL DEFAULT CURRENT_TIMESTAMP ON UPDATE CURRENT_TIMESTAMP,
  PRIMARY KEY (`id`)
) ENGINE=InnoDB AUTO_INCREMENT=15 DEFAULT CHARSET=latin1;

/*Data for the table `vendor_master` */

insert  into `vendor_master`(`id`,`name`,`address`,`gst_no`,`contact_no`,`contact_persone`,`state_id`,`account_master_id`,`bank_ifsc`,`bank_ac_no`,`bank_address`,`bank_branch`,`is_active`,`create_dt`) values (6,'Sandipan sarkar','Garia','123','123456789','abc',41,25,NULL,NULL,NULL,NULL,'Y','2019-01-30 11:27:27'),(7,'sandy','xxx','xxx','xxx','xxxx',4,26,NULL,NULL,NULL,NULL,'Y','2019-01-30 11:41:33'),(8,'Ram','Kolkata','xxx','xxxxxxxxxx','xxx',1,27,NULL,NULL,NULL,NULL,'Y','2019-01-30 11:43:46'),(9,'Sarkar','Garia','','','',41,28,NULL,NULL,NULL,NULL,'Y','2019-01-30 12:05:14'),(10,'Test Vendor','test address','TEST00NO','0000000000','Test Name',41,31,NULL,NULL,NULL,NULL,'Y','2019-01-30 13:38:13'),(11,'aaaaaaa','','','','',10,33,NULL,NULL,NULL,NULL,'Y','2019-02-06 12:24:00'),(12,'Sandipans','','','','',10,34,NULL,NULL,NULL,NULL,'Y','2019-02-06 12:28:38'),(14,'vendor sandy','xyz','1234','123456789','sandy',41,47,'1a5sd54asd','1234','garia','garia','Y','2019-02-27 13:51:31');

/*Table structure for table `voucher_detail` */

CREATE TABLE `voucher_detail` (
  `id` int(11) NOT NULL AUTO_INCREMENT,
  `voucher_master_id` int(11) DEFAULT NULL,
  `account_master_id` int(11) DEFAULT NULL,
  `tran_type` enum('D','C') DEFAULT NULL COMMENT 'transaction type.D-debit,C-credit',
  `voucher_amount` double(10,2) DEFAULT NULL,
  `is_master` enum('Y','N') DEFAULT NULL,
  `is_debit` enum('Y','N') DEFAULT 'N',
  `subledger_id` int(10) DEFAULT NULL,
  PRIMARY KEY (`id`),
  KEY `FK_voucherdetail_voucher_master_id` (`voucher_master_id`),
  KEY `FK_voucherdetail_account_master_id` (`account_master_id`),
  CONSTRAINT `FK_voucherdetail_account_master_id` FOREIGN KEY (`account_master_id`) REFERENCES `account_master` (`account_id`),
  CONSTRAINT `FK_voucherdetail_voucher_master_id` FOREIGN KEY (`voucher_master_id`) REFERENCES `voucher_master` (`id`)
) ENGINE=InnoDB AUTO_INCREMENT=341 DEFAULT CHARSET=utf8;

/*Data for the table `voucher_detail` */

insert  into `voucher_detail`(`id`,`voucher_master_id`,`account_master_id`,`tran_type`,`voucher_amount`,`is_master`,`is_debit`,`subledger_id`) values (237,86,43,NULL,5000.00,'Y','N',NULL),(238,86,41,NULL,1000.00,'N','Y',NULL),(239,86,25,NULL,4000.00,'N','Y',NULL),(285,96,40,NULL,888.00,NULL,'Y',NULL),(286,96,26,NULL,888.00,NULL,'N',NULL),(287,96,42,NULL,500.00,NULL,'Y',NULL),(288,96,45,NULL,500.00,NULL,'N',NULL),(293,97,12,NULL,1450.00,NULL,'Y',NULL),(294,97,41,NULL,400.00,NULL,'N',NULL),(295,97,40,NULL,550.00,NULL,'N',NULL),(296,97,42,NULL,500.00,NULL,'N',NULL),(297,98,12,NULL,1450.00,NULL,'N',NULL),(298,98,43,NULL,1450.00,NULL,'Y',NULL),(299,99,43,NULL,500.00,NULL,'Y',NULL),(300,99,1,NULL,500.00,NULL,'N',NULL),(305,101,12,NULL,1450.00,NULL,'N',NULL),(306,101,43,NULL,1450.00,NULL,'Y',NULL),(311,103,29,NULL,1000.00,NULL,'N',NULL),(312,103,43,NULL,1000.00,NULL,'Y',NULL),(313,104,12,NULL,1450.00,NULL,'Y',NULL),(314,104,41,NULL,400.00,NULL,'N',NULL),(315,104,40,NULL,550.00,NULL,'N',NULL),(316,104,42,NULL,500.00,NULL,'N',NULL),(317,105,12,NULL,1000.00,NULL,'N',NULL),(318,105,43,NULL,1000.00,NULL,'Y',NULL),(323,107,43,NULL,5000.00,NULL,'Y',NULL),(324,107,1,NULL,5000.00,NULL,'N',NULL),(329,108,40,NULL,500.00,NULL,'Y',NULL),(330,108,25,NULL,500.00,NULL,'N',NULL),(331,108,41,NULL,500.00,NULL,'Y',NULL),(332,108,45,NULL,500.00,NULL,'N',NULL),(333,109,40,NULL,500.00,NULL,'Y',NULL),(334,109,25,NULL,500.00,NULL,'N',NULL),(338,110,1,NULL,5000.00,'Y','N',NULL),(339,110,41,NULL,1000.00,'N','Y',NULL),(340,110,25,NULL,4000.00,'N','Y',NULL);

/*Table structure for table `voucher_master` */

CREATE TABLE `voucher_master` (
  `id` int(11) NOT NULL AUTO_INCREMENT,
  `voucher_number` varchar(255) DEFAULT NULL,
  `voucher_date` date DEFAULT NULL,
  `narration` varchar(255) DEFAULT NULL,
  `cheque_number` varchar(255) DEFAULT NULL,
  `cheque_date` date DEFAULT NULL,
  `chq_clear_on` datetime DEFAULT NULL,
  `is_chq_clear` enum('N','Y') DEFAULT NULL,
  `transaction_type` varchar(50) DEFAULT NULL COMMENT 'CN- Contra,JV-Journal,GV-General,COL-Collection(fees Receipt)',
  `created_by` int(11) DEFAULT NULL,
  `school_id` int(11) DEFAULT NULL,
  `acdm_session_id` int(11) DEFAULT NULL,
  `accnt_year_id` int(11) DEFAULT NULL,
  `serial_number` int(11) NOT NULL,
  `vouchertype` varchar(10) DEFAULT NULL,
  `paid_to` varchar(100) DEFAULT NULL,
  `total_debit` float(10,2) DEFAULT NULL,
  `total_credit` float(10,2) DEFAULT NULL,
  PRIMARY KEY (`id`),
  KEY `FK_voucher_created_by` (`created_by`),
  KEY `FK_voucher_school_id` (`school_id`),
  KEY `FK_voucher_acdm_session_id` (`acdm_session_id`),
  KEY `FK_voucher_accnt_year_id` (`accnt_year_id`),
  CONSTRAINT `FK_voucher_accnt_year_id` FOREIGN KEY (`accnt_year_id`) REFERENCES `accounting_year_master` (`id`),
  CONSTRAINT `FK_voucher_acdm_session_id` FOREIGN KEY (`acdm_session_id`) REFERENCES `academic_session_master` (`id`),
  CONSTRAINT `FK_voucher_created_by` FOREIGN KEY (`created_by`) REFERENCES `admin_user` (`user_id`),
  CONSTRAINT `FK_voucher_school_id` FOREIGN KEY (`school_id`) REFERENCES `school_master` (`id`)
) ENGINE=InnoDB AUTO_INCREMENT=111 DEFAULT CHARSET=utf8;

/*Data for the table `voucher_master` */

insert  into `voucher_master`(`id`,`voucher_number`,`voucher_date`,`narration`,`cheque_number`,`cheque_date`,`chq_clear_on`,`is_chq_clear`,`transaction_type`,`created_by`,`school_id`,`acdm_session_id`,`accnt_year_id`,`serial_number`,`vouchertype`,`paid_to`,`total_debit`,`total_credit`) values (86,'PY/000110/18-19','2019-02-25','Payment','123','2019-02-28','0000-00-00 00:00:00','','PY',1,1,1,1,0,'GV','sandy',5000.00,5000.00),(96,'JV/000120/18-19','2019-02-14','sdgsg','sf',NULL,'0000-00-00 00:00:00','','JV',1,1,1,1,0,'JV',NULL,1388.00,1388.00),(97,'JV/000121/18-19','2019-02-28','ertgery','',NULL,'0000-00-00 00:00:00','','JV',1,1,1,1,0,NULL,NULL,1450.00,1450.00),(98,'RC/000122/18-19','2019-02-28','ertgery','',NULL,'0000-00-00 00:00:00','','RC',1,1,1,1,0,NULL,NULL,1000.00,1000.00),(99,'CN/000123/18-19','2019-03-21','contra','',NULL,'0000-00-00 00:00:00','','CN',1,1,1,1,0,NULL,NULL,500.00,500.00),(101,'RC/000126/18-19','2019-03-05','test fees','',NULL,'0000-00-00 00:00:00','','RC',1,1,1,1,0,NULL,NULL,1450.00,1450.00),(103,'RC/000128/18-19','2019-03-07','AAAAAAAAAAAA','',NULL,'0000-00-00 00:00:00','','RC',1,1,1,1,0,NULL,NULL,1000.00,1000.00),(104,'JV/000129/18-19','2019-03-07','h','',NULL,'0000-00-00 00:00:00','','JV',1,1,1,1,0,NULL,NULL,1450.00,1450.00),(105,'RC/000130/18-19','2019-03-07','h','',NULL,'0000-00-00 00:00:00','','RC',1,1,1,1,0,NULL,NULL,1000.00,1000.00),(107,'CN/000132/18-19','2019-03-08','contra with accnt_year_id','',NULL,'0000-00-00 00:00:00','','CN',1,1,1,1,0,NULL,NULL,5000.00,5000.00),(108,'JV/000133/18-19','2019-03-08','journal with accnt_year_id','',NULL,'0000-00-00 00:00:00','','JV',1,1,1,1,0,'JV',NULL,1000.00,1000.00),(109,'JV/000134/18-19','2019-03-01','accnt_year_id jv','',NULL,'0000-00-00 00:00:00','','JV',1,1,1,1,0,'JV',NULL,500.00,500.00),(110,'RC/000135/18-19','2019-03-08','accnt_year_id general',NULL,NULL,'0000-00-00 00:00:00','','RC',1,1,1,1,0,'GV','sandy',5000.00,5000.00);

/*Table structure for table `voucher_srl_master` */

CREATE TABLE `voucher_srl_master` (
  `id` int(11) NOT NULL AUTO_INCREMENT,
  `srl_no` int(11) DEFAULT NULL,
  `school_id` int(11) DEFAULT NULL,
  `acd_session_id` int(11) DEFAULT NULL,
  `create_dt` timestamp NOT NULL DEFAULT CURRENT_TIMESTAMP ON UPDATE CURRENT_TIMESTAMP,
  PRIMARY KEY (`id`)
) ENGINE=InnoDB AUTO_INCREMENT=2 DEFAULT CHARSET=latin1;

/*Data for the table `voucher_srl_master` */

insert  into `voucher_srl_master`(`id`,`srl_no`,`school_id`,`acd_session_id`,`create_dt`) values (1,136,1,1,'2019-03-08 12:05:24');

/*Table structure for table `week_master` */

CREATE TABLE `week_master` (
  `id` int(10) NOT NULL AUTO_INCREMENT,
  `days_name` varchar(15) DEFAULT NULL,
  `short_name` varchar(3) DEFAULT NULL,
  PRIMARY KEY (`id`)
) ENGINE=InnoDB AUTO_INCREMENT=8 DEFAULT CHARSET=utf8;

/*Data for the table `week_master` */

insert  into `week_master`(`id`,`days_name`,`short_name`) values (1,'Monday','Mon'),(2,'Tuesday','Tue'),(3,'Wednesday','Wed'),(4,'Thursday','Thu'),(5,'Friday','Fri'),(6,'Saturday','Sat'),(7,'Sunday','Sun');

/* Procedure structure for procedure `st_payment_history` */

DELIMITER $$

/*!50003 CREATE DEFINER=`root`@`localhost` PROCEDURE `st_payment_history`(IN frmdt date,IN todt DATE,in classid int,
    in section int,in studentid int,in schoolid int,in acd_sesid int)
BEGIN
   
	DELETE FROM temp_table_payment;
  if studentid != 0 
  then
  INSERT INTO temp_table_payment(payment_master_id,classname,studentname,section,roll,payment_date,memono,amount) 
    
    SELECT 
	payment_master.payment_id,
	class_master.classname,
	student_master.name,
	section_master.section,
	academic_details.rollno,
	#payment_master.payment_date,
	DATE_FORMAT(payment_master.payment_date, '%d-%m-%Y'),
	payment_master.memono,
	payment_master.total_amount
	FROM payment_master
	INNER JOIN student_master
	ON student_master.student_id=payment_master.student_id
	INNER JOIN academic_details
	ON academic_details.student_id=payment_master.student_id
	INNER JOIN class_master
	ON class_master.id=academic_details.class_id
	INNER JOIN section_master
	ON section_master.id=academic_details.section_id
	WHERE payment_master.student_id=studentid
	and payment_master.`acdm_session_id`=acd_sesid;
else if classid != 0 and section != 0
     THEN
  INSERT INTO temp_table_payment(payment_master_id,classname,studentname,section,roll,payment_date,memono,amount) 
    
    SELECT 
	payment_master.payment_id,
	class_master.classname,
	student_master.name,
	section_master.section,
	academic_details.rollno,
	#payment_master.payment_date,
	DATE_FORMAT(payment_master.payment_date, '%d-%m-%Y'),
	payment_master.memono,
	payment_master.total_amount
	FROM payment_master
	INNER JOIN student_master
	ON student_master.student_id=payment_master.student_id
	INNER JOIN academic_details
	ON academic_details.student_id=payment_master.student_id
	INNER JOIN class_master
	ON class_master.id=academic_details.class_id
	INNER JOIN section_master
	ON section_master.id=academic_details.section_id
	WHERE academic_details.class_id = classid
	and academic_details.section_id = section
	AND payment_master.`acdm_session_id`=acd_sesid;
ELSE IF classid != 0
     THEN
  INSERT INTO temp_table_payment(payment_master_id,classname,studentname,section,roll,payment_date,memono,amount) 
    
    SELECT 
	payment_master.payment_id,
	class_master.classname,
	student_master.name,
	section_master.section,
	academic_details.rollno,
	#payment_master.payment_date,
	DATE_FORMAT(payment_master.payment_date, '%d-%m-%Y'),
	payment_master.memono,
	payment_master.total_amount
	FROM payment_master
	INNER JOIN student_master
	ON student_master.student_id=payment_master.student_id
	INNER JOIN academic_details
	ON academic_details.student_id=payment_master.student_id
	INNER JOIN class_master
	ON class_master.id=academic_details.class_id
	INNER JOIN section_master
	ON section_master.id=academic_details.section_id
	WHERE academic_details.class_id = classid
	AND payment_master.`acdm_session_id`=acd_sesid;
	
	
else
	
	INSERT INTO temp_table_payment(payment_master_id,classname,studentname,section,roll,payment_date,memono,amount) 
    
        SELECT 
	payment_master.payment_id,
	class_master.classname,
	student_master.name,
	section_master.section,
	academic_details.rollno,
	#payment_master.payment_date,
	DATE_FORMAT(payment_master.payment_date, '%d-%m-%Y'),
	payment_master.memono,
	payment_master.total_amount
	FROM payment_master
	INNER JOIN student_master
	ON student_master.student_id=payment_master.student_id
	INNER JOIN academic_details
	ON academic_details.student_id=payment_master.student_id
	INNER JOIN class_master
	ON class_master.id=academic_details.class_id
	INNER JOIN section_master
	ON section_master.id=academic_details.section_id
	WHERE payment_master.`acdm_session_id`=acd_sesid
	and payment_master.payment_date BETWEEN frmdt AND todt;
	
	
    
        end if;
        END IF;
        END IF;
    
  
    END */$$
DELIMITER ;

/* Procedure structure for procedure `usp_generalLedgerStyle3` */

DELIMITER $$

/*!50003 CREATE DEFINER=`root`@`localhost` PROCEDURE `usp_generalLedgerStyle3`(
fromdate DATE,todate DATE,companyid INT,yearid INT,accountid INT,fiscalStartDate DATE)
BEGIN
DECLARE m_opening_balance DECIMAL(18,2) DEFAULT 0;
DECLARE m_account_opening_master_opening DECIMAL(18,2)DEFAULT 0;
DECLARE balance DECIMAL(18,2)DEFAULT 0;
DECLARE totcredit DECIMAL(18,2)DEFAULT 0;
DECLARE totdebit DECIMAL(18,2)DEFAULT 0;
DECLARE creditBalance DECIMAL(18,2)DEFAULT 0;
DECLARE debitBalance DECIMAL(18,2)DEFAULT 0;
DECLARE v_openingdebitbalance DECIMAL(18,2);
DECLARE v_openingcreditbalance DECIMAL(18,2);
DROP TEMPORARY TABLE IF EXISTS TempTable1;	
CREATE TEMPORARY TABLE TempTable1
(
	vchId INT,
	vchNumber VARCHAR(50),
	debitamount DECIMAL(12,2),
	creditamount DECIMAL(12,2),
	isdebit CHAR(1),
	Naration TEXT,
	VchType VARCHAR(50),
	VchDate DATE,
	VchAccountDetailscrdrtag TEXT,
	VchAccountDetailsAccountName TEXT,
	VchAccountDetailsAmount TEXT
);
BEGIN
SET v_openingdebitbalance := 0;
SET v_openingcreditbalance :=0;
	
SET m_account_opening_master_opening= (
SELECT `account_opening_master`.`opening_balance`
FROM `account_opening_master`
INNER JOIN 
`account_master` ON `account_opening_master`.`account_master_id` = `account_master`.`account_id`
WHERE `account_master`.`school_id` =companyid
AND `account_opening_master`.`acdm_session_id` =yearid AND `account_master`.`account_id` = accountid);
IF fromdate > fiscalStartDate THEN
SELECT SUM(IFNULL(vd.`voucher_amount`,0)) INTO v_openingdebitbalance
	FROM voucher_detail vd
	INNER JOIN voucher_master vm
	ON vm.id=vd.`voucher_master_id` 
	WHERE vd.`account_master_id` =accountId AND (vm.`voucher_date`>=fiscalStartDate AND vm.`voucher_date` < fromdate)
	AND vm.`school_id` = companyid AND vm.`acdm_session_id` = yearid AND vd.`is_debit` ='Y'
	GROUP BY vd.`account_master_id` ORDER BY vd.`account_master_id`;
	
SELECT SUM(IFNULL(vd.`voucher_amount`,0)) INTO v_openingcreditbalance
	FROM voucher_detail vd
	INNER JOIN voucher_master vm
	ON vm.id=vd.`voucher_master_id` 
	WHERE vd.`account_master_id` =accountId AND (vm.`voucher_date`>=fiscalStartDate AND vm.`voucher_date` < fromdate)
	AND vm.`school_id` = companyid AND vm.`acdm_session_id` = yearid AND vd.`is_debit` ='N'
	GROUP BY vd.`account_master_id` ORDER BY vd.`account_master_id`;
END IF;
SET m_opening_balance :=0;
SET m_opening_balance := m_account_opening_master_opening + (v_openingdebitbalance - v_openingcreditbalance);
IF m_opening_balance>0 THEN
INSERT INTO `TempTable1`
            (`vchId`,`vchNumber`,`debitamount`,`creditamount`,
             `isdebit`,`Naration`,`VchType`,`VchDate`,`VchAccountDetailscrdrtag`,
             `VchAccountDetailsAccountName`,`VchAccountDetailsAmount`)
VALUES (0, 'Opening', m_opening_balance,0,
        'Y','Opening','Opening',fromdate,'Dr',
        '','');
ELSE
SET m_opening_balance = m_opening_balance * -1;
INSERT INTO `TempTable1`
            (`vchId`,`vchNumber`,`debitamount`,`creditamount`,
             `isdebit`,`Naration`,`VchType`,`VchDate`,`VchAccountDetailscrdrtag`,
             `VchAccountDetailsAccountName`,`VchAccountDetailsAmount`)
VALUES (0, 'Opening', 0,m_opening_balance,
        'N','Opening','Opening',fromdate,'Cr',
        '','');
   
END IF;
END;
INSERT INTO `TempTable1`
            (`vchId`,`vchNumber`,`debitamount`,`creditamount`,
             `isdebit`,`Naration`,`VchType`,`VchDate`,`VchAccountDetailscrdrtag`,
             `VchAccountDetailsAccountName`,`VchAccountDetailsAmount`)
SELECT
 vm.id,
 vm.`voucher_number`,
 (CASE 
	WHEN vd.`is_debit` = 'Y' THEN vd.`voucher_amount`
	ELSE 0
	END
 )AS debitedamount, 
 (
	CASE 
	WHEN vd.`is_debit` = 'N' THEN vd.`voucher_amount`
	ELSE 0
	END
 )AS creditedamount, 
 vd.`is_debit`, 
 vm.`narration`, 
 CASE
				  WHEN vm.`transaction_type` = 'PY' 
                                  THEN 'Payment'
                                  WHEN vm.transaction_type = 'SL' 
                                  THEN 'Sales' 
                                  WHEN vm.transaction_type = 'PR' 
                                  THEN 'Purchase' 
                                  WHEN vm.transaction_type = 'RC' 
                                  THEN 'Receipt' 
                                  WHEN vm.transaction_type = 'CN' 
                                  THEN 'Contra' 
                                  WHEN vm.transaction_type = 'JV' 
                                  THEN 'Journal' 
                                  WHEN vm.transaction_type = 'GV' 
                                  THEN 'General' 
                                  WHEN vm.transaction_type = 'RP' 
                                  THEN 'Purchase' 
                                  WHEN vm.transaction_type = 'RS' 
                                  THEN 'Sales' 
                                  WHEN vm.transaction_type = 'VADV' 
                                  THEN 'Advance' 
                                  WHEN vm.transaction_type = 'CADV' 
                                  THEN 'Advance' 
                      END AS trantype,
  vm.`voucher_date`,
 (SELECT GROUP_CONCAT( voucher_detail.`is_debit`)   FROM voucher_detail 
WHERE voucher_detail.`voucher_master_id` = vm.id AND voucher_detail.`account_master_id` <>accountid   )AS crDrTag,
 (SELECT GROUP_CONCAT( account_master.`account_name`)   FROM voucher_detail
 INNER JOIN `account_master` ON  voucher_detail.`account_master_id` = account_master.`account_id` 
WHERE voucher_detail.`voucher_master_id` = vm.id AND voucher_detail.`account_master_id` <>accountid   )AS associate_assoc,
(SELECT GROUP_CONCAT( voucher_detail.`voucher_amount`)   FROM voucher_detail 
WHERE voucher_detail.`voucher_master_id` = vm.id AND voucher_detail.`account_master_id` <>accountid  )AS amount_assoc
FROM
`voucher_master` vm
INNER JOIN
`voucher_detail` vd ON `vm`.`id` = `vd`.`voucher_master_id`
WHERE `vd`.`account_master_id` = accountid AND vm.`school_id`=companyid AND vm.`acdm_session_id`=yearid
AND vm.`voucher_date` BETWEEN fromdate AND todate;
SELECT * FROM TempTable1;
END */$$
DELIMITER ;

/* Procedure structure for procedure `usp_TrialBalance` */

DELIMITER $$

/*!50003 CREATE DEFINER=`root`@`localhost` PROCEDURE `usp_TrialBalance`(
		CompanyId INT,
		YearId INT,
		fromDate DATETIME,
		toDate DATETIME,
		fiscalstartdate DATETIME
    )
BEGIN
	  DECLARE totdebit DECIMAL(12,2);
	  DECLARE totcredit DECIMAL(12,2);
	  DECLARE AccountId INT;
	  DECLARE AccountName VARCHAR(50);
	  DECLARE OpeningBalance DECIMAL(12,2);
	  DECLARE ClosingBalance DECIMAL(12,2);
	  DECLARE amount DECIMAL(12,2);
	  DECLARE isdebit BIT;
	  DECLARE balance DECIMAL(12,2);
	  DECLARE ismaster BIT;
	  
	  DECLARE totdebit_String VARCHAR(50);
	  DECLARE totcredit_String VARCHAR(50);
	  DECLARE balance_String DECIMAL(12,2);
	  DECLARE opbal DECIMAL(12,2);
	  -- closing balance variable 01-12-2016
	    DECLARE debitBalance DECIMAL(12,2);
	    DECLARE creditBalance DECIMAL(12,2);
	  -- closing balance variable 01-12-2016
	  DECLARE exit_loop BOOLEAN;
	DECLARE MYCURSOR CURSOR FOR
		SELECT AM.account_name, IFNULL(account_opening_master.opening_balance,0) AS opening,AM.account_id
		FROM account_master AM
		LEFT JOIN account_opening_master ON  AM.account_id = account_opening_master.account_master_id 
		AND account_opening_master.acdm_session_id =YearId
		WHERE AM.school_id=CompanyId 
		ORDER BY AM.account_name;
        
	DECLARE CONTINUE HANDLER FOR NOT FOUND SET exit_loop = TRUE;
	
	DROP TEMPORARY TABLE IF EXISTS finaltab;
	CREATE TEMPORARY TABLE IF NOT EXISTS finaltab
	( 
	_totalOpening DECIMAL(12,2),
	_totalTransDebit DECIMAL(12,2),
	_totalTransCredit DECIMAL(12,2),
	_totalClosingDebit DECIMAL(12,2),
	_totalClosingCredit DECIMAL(12,2),
	_AccountName VARCHAR(100)
	);
	
	   
	OPEN MYCURSOR;
	account_master: LOOP
	FETCH  MYCURSOR INTO AccountName,OpeningBalance,AccountId;
	  SET balance :=OpeningBalance;
	  SET opbal := OpeningBalance;
	  
	   IF fromDate > fiscalstartdate THEN
	      SET totdebit:=  (SELECT  IFNULL(SUM(VD.voucher_amount ),0) 
						FROM voucher_detail VD
						INNER JOIN voucher_master VM
						ON VD.voucher_master_id =VM.id
						AND VD.is_debit ='Y' AND VD.account_master_id =AccountId
						AND VM.voucher_date >= fiscalstartdate AND VM.voucher_date < fromDate
						AND VM.school_id =CompanyId
						AND VM.acdm_session_id =YearId);
	      
	      SET totcredit:=  (SELECT  IFNULL(SUM(VD.voucher_amount),0) 
						FROM voucher_detail VD
						INNER JOIN voucher_master VM
						ON VD.voucher_master_id =VM.id
						AND VD.is_debit ='N' AND VD.account_master_id =AccountId
						AND VM.voucher_date >= fiscalstartdate AND VM.voucher_date < fromDate
						AND VM.school_id =CompanyId
						AND VM.acdm_session_id =YearId);
		  
		  SET balance := balance + totdebit - totcredit;
						SET totcredit:=0;
						SET totdebit:=0;
	      
	   
	   END IF;
	   
	   SET totdebit:=  (SELECT  IFNULL(SUM(VD.voucher_amount),0) 
						FROM voucher_detail VD
						INNER JOIN voucher_master VM
						ON VD.voucher_master_id =VM.id
						AND VD.is_debit ='Y' AND VD.account_master_id =AccountId
						AND VM.voucher_date  BETWEEN fromDate AND toDate
						AND VM.school_id =CompanyId
						AND VM.acdm_session_id =YearId);
		  
	     SET totcredit:=  (SELECT  IFNULL(SUM(VD.voucher_amount),0) 
						FROM voucher_detail VD
						INNER JOIN voucher_master VM
						ON VD.voucher_master_id =VM.id
						AND VD.is_debit ='N' AND VD.account_master_id =AccountId
						AND VM.voucher_date  BETWEEN fromDate AND toDate
						AND VM.school_id =CompanyId
						AND VM.acdm_session_id =YearId);      
		  
	    SET balance:= balance + totdebit - totcredit;
	    IF exit_loop THEN
		 CLOSE MYCURSOR;
		 LEAVE account_master;
	     END IF;
		 
		 
	    IF balance < 0
		THEN
					SET creditBalance:= (balance) *(-1);
					SET debitBalance:=0 ;
		ELSE
				
					SET debitBalance:= balance;
					SET creditBalance:=0;
	    END IF;
			INSERT INTO finaltab (_AccountName,_totalOpening ,_totalTransDebit,_totalTransCredit ,_totalClosingDebit,_totalClosingCredit)
			VALUES(AccountName,OpeningBalance,totdebit,totcredit,debitBalance,creditBalance);
				
			SET totcredit:=0;
			SET totdebit:=0;
		SET balance:=0;
	   
	   
	    
	END LOOP account_master;
	SELECT finaltab._AccountName AS Account,finaltab._totalOpening AS Opening,
		finaltab._totalTransDebit AS Debit,finaltab._totalTransCredit AS Credit,finaltab._totalClosingDebit AS closingDebit,
		finaltab._totalClosingCredit AS closingCredit
	FROM finaltab
	WHERE (finaltab._totalOpening <> 0 OR finaltab._totalTransDebit<>0 OR finaltab._totalTransCredit<>0 OR finaltab._totalClosingDebit <>0
	OR finaltab._totalClosingCredit<>0);
  
    END */$$
DELIMITER ;

/*Table structure for table `v_csvdata` */

DROP TABLE IF EXISTS `v_csvdata`;

/*!50001 CREATE TABLE  `v_csvdata`(
 `Changedate` varchar(10) ,
 `Changecomment` varchar(255) ,
 `Createddate` varchar(10) ,
 `NPUcode` varchar(255) ,
 `Shortdefinition` varchar(255) ,
 `System` varchar(100) ,
 `Prefix` varchar(255) ,
 `Component` varchar(255) ,
 `Kindofproperty` varchar(255) ,
 `Unit` varchar(50) ,
 `TYPE` varchar(255) ,
 `Scaletype` varchar(255) ,
 `Active` varchar(7) 
)*/;

/*View structure for view v_csvdata */

/*!50001 DROP TABLE IF EXISTS `v_csvdata` */;
/*!50001 CREATE ALGORITHM=UNDEFINED DEFINER=`root`@`localhost` SQL SECURITY DEFINER VIEW `v_csvdata` AS select date_format(`csvdata`.`Changedate`,'%d-%m-%Y') AS `Changedate`,`csvdata`.`Changecomment` AS `Changecomment`,date_format(`csvdata`.`Createddate`,'%d-%m-%Y') AS `Createddate`,`csvdata`.`NPUcode` AS `NPUcode`,`csvdata`.`Shortdefinition` AS `Shortdefinition`,`csvdata`.`System` AS `System`,`csvdata`.`Prefix` AS `Prefix`,`csvdata`.`Component` AS `Component`,`csvdata`.`Kindofproperty` AS `Kindofproperty`,`csvdata`.`Unit` AS `Unit`,`csvdata`.`Type` AS `TYPE`,`csvdata`.`Scaletype` AS `Scaletype`,(case `csvdata`.`Active` when (`csvdata`.`Active` = 1) then 'active' else 'retired' end) AS `Active` from `csvdata` order by `csvdata`.`Changedate` desc */;

/*!40101 SET SQL_MODE=@OLD_SQL_MODE */;
/*!40014 SET FOREIGN_KEY_CHECKS=@OLD_FOREIGN_KEY_CHECKS */;
/*!40014 SET UNIQUE_CHECKS=@OLD_UNIQUE_CHECKS */;
/*!40111 SET SQL_NOTES=@OLD_SQL_NOTES */;
