/*
SQLyog Ultimate v10.00 Beta1
MySQL - 10.0.38-MariaDB : Database - newvistaacademy_dbadm
*********************************************************************
*/

/*!40101 SET NAMES utf8 */;

/*!40101 SET SQL_MODE=''*/;

/*!40014 SET @OLD_UNIQUE_CHECKS=@@UNIQUE_CHECKS, UNIQUE_CHECKS=0 */;
/*!40014 SET @OLD_FOREIGN_KEY_CHECKS=@@FOREIGN_KEY_CHECKS, FOREIGN_KEY_CHECKS=0 */;
/*!40101 SET @OLD_SQL_MODE=@@SQL_MODE, SQL_MODE='NO_AUTO_VALUE_ON_ZERO' */;
/*!40111 SET @OLD_SQL_NOTES=@@SQL_NOTES, SQL_NOTES=0 */;
CREATE DATABASE /*!32312 IF NOT EXISTS*/`newvistaacademy_dbadm` /*!40100 DEFAULT CHARACTER SET latin1 */;

/*Table structure for table `academic_details` */

CREATE TABLE `academic_details` (
  `id` int(10) NOT NULL AUTO_INCREMENT,
  `student_id` int(10) DEFAULT NULL,
  `acdm_session_id` int(10) DEFAULT NULL COMMENT 'Table:academic_session_master',
  `class_id` int(10) DEFAULT NULL COMMENT 'Table:class_master',
  `school_id` int(10) DEFAULT NULL,
  `section_id` int(10) DEFAULT NULL COMMENT 'Table:section_master',
  `rollno` varchar(20) DEFAULT NULL,
  `created_on` timestamp NULL DEFAULT CURRENT_TIMESTAMP,
  `created_by` int(10) DEFAULT NULL,
  `last_modified` datetime DEFAULT NULL,
  PRIMARY KEY (`id`)
) ENGINE=InnoDB AUTO_INCREMENT=142 DEFAULT CHARSET=utf8;

/*Data for the table `academic_details` */

insert  into `academic_details`(`id`,`student_id`,`acdm_session_id`,`class_id`,`school_id`,`section_id`,`rollno`,`created_on`,`created_by`,`last_modified`) values ('24','25','1','1','1','0','','2019-01-29 08:17:37','1',NULL),('25','26','1','1','1','0','','2019-01-29 08:28:11','1',NULL),('26','27','1','1','1','0','','2019-01-29 08:41:01','1',NULL),('28','29','1','6','1','0','','2019-01-30 05:54:35','1',NULL),('29','30','1','4','1','0','','2019-01-30 06:06:15','1',NULL),('30','31','1','8','1','0','','2019-01-30 06:11:34','1',NULL),('31','32','1','5','1','0','','2019-01-30 06:20:24','1',NULL),('32','33','1','2','1','0','','2019-01-30 07:16:24','1',NULL),('33','34','1','2','1','0','','2019-01-30 07:47:14','1',NULL),('34','35','1','5','1','0','','2019-01-30 07:54:57','1',NULL),('35','36','1','3','1','0','','2019-01-30 08:01:08','1',NULL),('36','37','1','2','1','0','','2019-01-30 08:11:06','1',NULL),('37','38','1','4','1','0','','2019-01-30 08:21:32','1',NULL),('38','39','1','8','1','0','','2019-01-30 08:29:02','1',NULL),('39','40','1','10','1','0','','2019-01-30 08:35:22','1',NULL),('40','41','1','5','1','0','','2019-01-30 08:41:23','1',NULL),('41','42','1','2','1','0','','2019-01-30 08:47:35','1',NULL),('42','43','1','5','1','0','','2019-01-30 09:24:34','1',NULL),('43','44','1','10','1','0','','2019-01-30 09:30:47','1',NULL),('44','45','1','3','1','0','','2019-01-30 09:39:30','1',NULL),('45','46','1','6','1','0','','2019-01-30 09:49:12','1',NULL),('46','47','1','3','1','0','','2019-01-30 09:55:59','1',NULL),('47','48','1','7','1','0','','2019-01-30 10:01:18','1',NULL),('48','49','1','5','1','0','','2019-01-30 10:06:06','1',NULL),('49','50','1','5','1','0','','2019-01-30 10:18:46','1',NULL),('50','51','1','8','1','0','','2019-01-30 10:27:33','1',NULL),('51','52','1','8','1','0','','2019-01-30 10:32:16','1',NULL),('52','53','1','5','1','0','','2019-01-30 10:37:11','1',NULL),('53','54','1','1','1','0','','2019-01-30 10:44:33','1',NULL),('54','55','1','4','1','0','','2019-01-30 10:49:34','1',NULL),('55','56','1','5','1','0','','2019-01-30 10:56:19','1',NULL),('56','57','1','7','1','0','','2019-01-30 11:03:14','1',NULL),('57','58','1','1','1','0','','2019-01-30 11:12:12','1',NULL),('58','59','1','1','1','0','','2019-01-30 11:20:26','1',NULL),('59','60','1','5','1','0','','2019-01-30 11:32:39','1',NULL),('60','61','1','8','1','0','','2019-01-30 11:43:18','1',NULL),('61','62','1','8','1','0','','2019-01-30 11:51:24','1',NULL),('62','63','1','4','1','0','','2019-01-30 11:56:32','1',NULL),('63','64','1','5','1','0','','2019-02-08 09:47:48','1',NULL),('64','65','1','8','1','0','','2019-02-08 09:56:21','1',NULL),('65','66','1','6','1','0','','2019-02-08 10:13:01','1',NULL),('66','67','1','2','1','0','','2019-02-08 10:23:27','1',NULL),('67','68','1','4','1','0','','2019-02-11 12:05:20','1',NULL),('68','69','1','2','1','0','','2019-02-12 05:30:52','1',NULL),('69','70','1','2','1','0','','2019-02-12 05:36:34','1',NULL),('70','71','1','4','1','0','','2019-02-12 05:44:17','1',NULL),('71','72','1','4','1','0','','2019-02-20 08:40:03','1',NULL),('72','73','1','2','1','0','','2019-02-20 08:46:51','1',NULL),('73','74','1','4','1','0','','2019-02-20 08:54:36','1',NULL),('74','75','1','4','1','0','','2019-02-23 05:41:09','1',NULL),('75','76','1','6','1','0','','2019-03-06 06:01:30','1',NULL),('76','77','1','5','1','0','','2019-03-06 06:15:19','1',NULL),('77','78','1','5','1','0','','2019-03-06 10:56:24','1',NULL),('78','79','1','1','1','0','','2019-03-09 08:11:22','1',NULL),('79','80','2','4','1','0','','2019-03-11 05:06:52','1',NULL),('80','81','1','1','1','0','','2019-03-12 08:17:09','1',NULL),('81','82','1','7','1','0','','2019-03-15 10:00:34','1',NULL),('82','83','1','4','1','0','','2019-03-18 10:16:09','1',NULL),('83','84','1','4','1','0','','2019-03-18 10:26:07','1',NULL),('84','85','1','8','1','0','','2019-03-18 11:21:41','1',NULL),('85','86','1','5','1','0','','2019-03-19 10:11:08','1',NULL),('86','88','2','7','1','0','','2019-03-19 11:28:05','1',NULL),('87','89','2','1','1','0','','2019-03-19 11:33:15','1',NULL),('88','90','2','7','1','0','','2019-03-19 11:37:35','1',NULL),('89','91','1','1','1','0','','2019-03-20 08:36:30','1',NULL),('90','92','1','3','1','0','','2019-03-20 08:50:41','1',NULL),('91','93','1','8','1','0','','2019-03-20 08:54:32','1',NULL),('92','94','1','7','1','0','','2019-03-22 07:37:48','1',NULL),('93','95','1','7','1','0','','2019-03-27 11:05:10','1',NULL),('94','96','1','10','1','0','','2019-03-27 11:13:58','1',NULL),('95','97','1','10','1','0','','2019-03-27 11:20:23','1',NULL),('96','98','1','4','1','0','','2019-03-27 11:23:16','1',NULL),('97','99','1','11','1','0','','2019-03-27 11:27:52','1',NULL),('98','100','1','4','1','0','','2019-03-27 11:30:35','1',NULL),('99','101','1','6','1','0','','2019-03-27 11:33:35','1',NULL),('100','102','1','2','1','0','','2019-03-29 08:55:52','1',NULL),('101','103','1','11','1','0','','2019-03-30 08:56:47','1',NULL),('102','104','1','11','1','0','','2019-03-30 08:59:16','1',NULL),('103','105','1','10','1','0','','2019-03-30 09:02:47','1',NULL),('104','106','1','5','1','0','','2019-04-01 12:36:36','1',NULL),('105','107','1','10','1','0','','2019-04-01 12:45:21','1',NULL),('106','108','1','11','1','0','','2019-04-01 12:49:04','1',NULL),('107','109','1','10','1','0','','2019-04-02 10:17:09','1',NULL),('108','110','1','6','1','0','','2019-04-02 10:19:55','1',NULL),('109','111','1','8','1','0','','2019-04-04 06:07:58','1',NULL),('110','112','1','7','1','0','','2019-04-05 07:58:20','1',NULL),('111','113','1','4','1','0','','2019-04-05 10:52:49','1',NULL),('112','114','1','7','1','0','','2019-04-10 08:36:34','1',NULL),('113','115','1','7','1','0','','2019-04-10 08:42:46','1',NULL),('114','116','1','11','1','0','','2019-04-10 08:49:15','1',NULL),('115','117','1','5','1','0','','2019-04-10 08:54:59','1',NULL),('116','118','1','7','1','0','','2019-04-10 08:58:54','1',NULL),('117','119','1','1','1','0','','2019-04-10 11:26:36','1',NULL),('118','120','1','8','1','0','','2019-04-10 11:33:20','1',NULL),('119','121','1','7','1','0','','2019-04-10 11:36:39','1',NULL),('120','122','1','6','1','0','','2019-04-10 11:40:16','1',NULL),('121','123','1','4','1','0','','2019-04-10 11:44:00','1',NULL),('122','124','1','4','1','0','','2019-04-12 07:47:29','1',NULL),('123','125','1','3','1','0','','2019-04-12 07:50:06','1',NULL),('124','126','1','10','1','0','','2019-04-12 08:05:44','1',NULL),('125','127','1','11','1','0','','2019-04-12 08:08:31','1',NULL),('126','128','1','6','1','0','','2019-04-12 08:11:22','1',NULL),('127','129','1','6','1','0','','2019-04-12 08:21:03','1',NULL),('128','130','1','4','1','0','','2019-04-12 08:23:43','1',NULL),('129','131','1','4','1','0','','2019-04-12 09:12:04','1',NULL),('130','132','1','7','1','0','','2019-04-12 09:15:43','1',NULL),('131','133','1','4','1','0','','2019-04-12 09:20:09','1',NULL),('132','134','1','10','1','0','','2019-04-16 11:30:53','1',NULL),('133','135','1','3','1','0','','2019-04-16 11:33:43','1',NULL),('134','136','1','4','1','0','','2019-04-16 11:38:18','1',NULL),('135','138','1','8','1','0','','2019-04-19 12:17:49','1',NULL),('136','139','1','6','1','0','','2019-04-20 11:13:39','1',NULL),('137','140','1','2','1','0','','2019-04-20 11:19:29','1',NULL),('138','141','1','4','1','0','','2019-04-22 11:11:22','1',NULL),('139','142','1','4','1','0','','2019-04-22 11:18:45','1',NULL),('140','143','1','1','1','0','','2019-04-23 08:26:45','1',NULL),('141','144','1','6','1','0','','2019-04-23 10:11:35','1',NULL);

/*Table structure for table `academic_session_master` */

CREATE TABLE `academic_session_master` (
  `id` int(10) NOT NULL AUTO_INCREMENT,
  `start_yr` varchar(20) DEFAULT NULL,
  `end_yr` varchar(20) DEFAULT NULL,
  `fiscal_start_date` date NOT NULL,
  `fiscal_end_date` date NOT NULL,
  `is_active` tinyint(1) DEFAULT NULL,
  `created_on` timestamp NOT NULL DEFAULT CURRENT_TIMESTAMP,
  `created_by` int(10) DEFAULT NULL,
  `last_modified` datetime DEFAULT NULL,
  PRIMARY KEY (`id`)
) ENGINE=InnoDB AUTO_INCREMENT=3 DEFAULT CHARSET=utf8;

/*Data for the table `academic_session_master` */

insert  into `academic_session_master`(`id`,`start_yr`,`end_yr`,`fiscal_start_date`,`fiscal_end_date`,`is_active`,`created_on`,`created_by`,`last_modified`) values ('1','2019','2020','2018-04-01','2019-03-31','1','2018-12-28 14:15:40','1',NULL),('2','2020','2021','2019-04-01','2020-03-31','1','2019-03-09 14:42:14','1',NULL);

/*Table structure for table `account_master` */

CREATE TABLE `account_master` (
  `account_id` int(10) NOT NULL AUTO_INCREMENT,
  `account_name` varchar(255) DEFAULT NULL,
  `group_id` int(10) DEFAULT NULL,
  `bank_ifsc` varchar(50) DEFAULT NULL,
  `bank_ac_no` varchar(50) DEFAULT NULL,
  `bank_address` varchar(255) DEFAULT NULL,
  `bank_branch` varchar(100) DEFAULT NULL,
  `school_id` int(10) DEFAULT NULL,
  `created_on` timestamp NOT NULL DEFAULT CURRENT_TIMESTAMP,
  `is_special` enum('Y','N') DEFAULT NULL,
  `is_active` enum('Y','N') DEFAULT NULL,
  `from_where` enum('S','O') NOT NULL,
  `created_by` int(10) DEFAULT NULL,
  `last_modified` datetime DEFAULT NULL,
  PRIMARY KEY (`account_id`)
) ENGINE=InnoDB AUTO_INCREMENT=178 DEFAULT CHARSET=utf8;

/*Data for the table `account_master` */

insert  into `account_master`(`account_id`,`account_name`,`group_id`,`bank_ifsc`,`bank_ac_no`,`bank_address`,`bank_branch`,`school_id`,`created_on`,`is_special`,`is_active`,`from_where`,`created_by`,`last_modified`) values ('14','Bank Charges','35','','','','','1','2019-01-24 12:32:49','Y','Y','S','1',NULL),('15','Bank Interest','35','','','','','1','2019-01-24 12:33:18','Y','Y','S','1',NULL),('16','Cash In Hand','33','','','','','1','2019-01-24 12:33:42','Y','Y','S','1',NULL),('18','Bandhan Bank','34','','','','','1','2019-01-25 08:24:27','N','Y','S','1',NULL),('19','Tution Fees','43','','','','','1','2019-01-25 08:27:42','N','Y','S','1',NULL),('20','Exam Fees','43','','','','','1','2019-01-25 08:29:20','N','Y','S','1',NULL),('21','Session Fees','43','','','','','1','2019-01-25 08:57:27','N','Y','S','1',NULL),('22','Registration Fees','43','','','','','1','2019-01-25 08:57:44','N','Y','S','1',NULL),('24','Hreet Sardar','31','','','','','1','2019-01-29 08:17:37','Y','Y','O','1',NULL),('25','Ritika Sha','31','','','','','1','2019-01-29 08:28:11','Y','Y','O','1',NULL),('26','Meyan Sardar','31','','','','','1','2019-01-29 08:41:01','Y','Y','O','1',NULL),('28','Subhajit Kayal','31','','','','','1','2019-01-30 05:54:35','Y','Y','O','1',NULL),('29','Aniket Gupta','31','','','','','1','2019-01-30 06:06:15','Y','Y','O','1',NULL),('30','Raj Gupta','31','','','','','1','2019-01-30 06:11:34','Y','Y','O','1',NULL),('31','Arpita Naskar','31','','','','','1','2019-01-30 06:20:24','Y','Y','O','1',NULL),('32','Shreyan Nath','31','','','','','1','2019-01-30 07:16:24','Y','Y','O','1',NULL),('33','Adrija Biswas','31','','','','','1','2019-01-30 07:47:14','Y','Y','O','1',NULL),('34','Barsha Mondal','31','','','','','1','2019-01-30 07:54:57','Y','Y','O','1',NULL),('35','Prapti Halder','31','','','','','1','2019-01-30 08:01:08','Y','Y','O','1',NULL),('36','Shraddha Singh','31','','','','','1','2019-01-30 08:11:06','Y','Y','O','1',NULL),('37','Anuradha Sikder','31','','','','','1','2019-01-30 08:21:32','Y','Y','O','1',NULL),('38','Sagar Kumar Shaw','31','','','','','1','2019-01-30 08:29:02','Y','Y','O','1',NULL),('39','Nandini Kumari Shaw','31','','','','','1','2019-01-30 08:35:22','Y','Y','O','1',NULL),('40','Anuvhab Sardar','31','','','','','1','2019-01-30 08:41:23','Y','Y','O','1',NULL),('41','Soumallo Aditya','31','','','','','1','2019-01-30 08:47:35','Y','Y','O','1',NULL),('42','Somosree Mondal','31','','','','','1','2019-01-30 09:24:34','Y','Y','O','1',NULL),('43','Avijit Dey','31','','','','','1','2019-01-30 09:30:47','Y','Y','O','1',NULL),('44','Ayesha Bose','31','','','','','1','2019-01-30 09:39:30','Y','Y','O','1',NULL),('45','Sayan Mistri','31','','','','','1','2019-01-30 09:49:12','Y','Y','O','1',NULL),('46','Sraddhya Tripathi','31','','','','','1','2019-01-30 09:55:59','Y','Y','O','1',NULL),('47','Ashish Kumar Sah','31','','','','','1','2019-01-30 10:01:18','Y','Y','O','1',NULL),('48','Shilpa Sah','31','','','','','1','2019-01-30 10:06:06','Y','Y','O','1',NULL),('49','Raunak Roy','31','','','','','1','2019-01-30 10:18:46','Y','Y','O','1',NULL),('50','Diptanshu Bhattacharjee','31','','','','','1','2019-01-30 10:27:33','Y','Y','O','1',NULL),('51','Diptendu Bhattacharjee','31','','','','','1','2019-01-30 10:32:16','Y','Y','O','1',NULL),('52','Ishan Biswas','31','','','','','1','2019-01-30 10:37:11','Y','Y','O','1',NULL),('53','Divyanshi Ray','31','','','','','1','2019-01-30 10:44:33','Y','Y','O','1',NULL),('54','Swarnadipta Kar','31','','','','','1','2019-01-30 10:49:34','Y','Y','O','1',NULL),('55','Rupam Ghosh','31','','','','','1','2019-01-30 10:56:19','Y','Y','O','1',NULL),('56','Swarup Chanda','31','','','','','1','2019-01-30 11:03:14','Y','Y','O','1',NULL),('57','Bidushi Roy','31','','','','','1','2019-01-30 11:12:12','Y','Y','O','1',NULL),('58','Sujatro Mandal','31','','','','','1','2019-01-30 11:20:26','Y','Y','O','1',NULL),('59','Ronit Kumar Mahato','31','','','','','1','2019-01-30 11:32:39','Y','Y','O','1',NULL),('60','Smriti Mahato','31','','','','','1','2019-01-30 11:43:18','Y','Y','O','1',NULL),('61','Ayush Anand','31','','','','','1','2019-01-30 11:51:24','Y','Y','O','1',NULL),('62','Rajveer Singh','31','','','','','1','2019-01-30 11:56:32','Y','Y','O','1',NULL),('63','Pratik Kumar Pandey','31','','','','','1','2019-02-08 09:47:48','Y','Y','O','1',NULL),('64','Swarnadeep Bhore','31','','','','','1','2019-02-08 09:56:21','Y','Y','O','1',NULL),('65','Ankur Sarkar','31','','','','','1','2019-02-08 10:13:01','Y','Y','O','1',NULL),('66','Aditi Shaw','31','','','','','1','2019-02-08 10:23:27','Y','Y','O','1',NULL),('67','Shreyan Sarkar','31','','','','','1','2019-02-11 12:05:20','Y','Y','O','1',NULL),('68','Swaraj Shaw','31','','','','','1','2019-02-12 05:30:52','Y','Y','O','1',NULL),('69','Arnav Mitra','31','','','','','1','2019-02-12 05:36:34','Y','Y','O','1',NULL),('70','Urchisman Aich','31','','','','','1','2019-02-12 05:44:17','Y','Y','O','1',NULL),('71','State Bank of India','34','','','','','1','2019-02-12 09:36:50','N','Y','S','1',NULL),('73','Printing & Stationery','35',NULL,NULL,NULL,NULL,'1','2019-02-20 05:07:18','N','Y','S','1',NULL),('74','Anurag Mukherjee','31',NULL,NULL,NULL,NULL,'1','2019-02-20 08:40:03','Y','Y','O','1',NULL),('75','Rajdeep Roy Naskar','31',NULL,NULL,NULL,NULL,'1','2019-02-20 08:46:51','Y','Y','O','1',NULL),('76','Swarnadeep Das','31',NULL,NULL,NULL,NULL,'1','2019-02-20 08:54:36','Y','Y','O','1',NULL),('77','Puja Expenses','35',NULL,NULL,NULL,NULL,'1','2019-02-20 09:04:02','N','Y','S','1',NULL),('78','Incentive','35',NULL,NULL,NULL,NULL,'1','2019-02-20 09:04:39','N','Y','S','1',NULL),('79','Misc. Expenses','35',NULL,NULL,NULL,NULL,'1','2019-02-20 09:05:19','N','Y','S','1',NULL),('80','Motorbike Expenses','35',NULL,NULL,NULL,NULL,'1','2019-02-20 09:05:53','N','Y','S','1',NULL),('81','Security Charges','35',NULL,NULL,NULL,NULL,'1','2019-02-20 09:06:27','N','Y','S','1',NULL),('82','Sweeper Charges','35',NULL,NULL,NULL,NULL,'1','2019-02-20 09:06:54','N','Y','S','1',NULL),('83','Water Expenses','35',NULL,NULL,NULL,NULL,'1','2019-02-20 09:07:24','N','Y','S','1',NULL),('84','Telephone Expenses','35',NULL,NULL,NULL,NULL,'1','2019-02-20 09:08:10','N','Y','S','1',NULL),('85','Repair & Maitanance','35',NULL,NULL,NULL,NULL,'1','2019-02-20 09:08:51','N','Y','S','1',NULL),('86','Service Charges','35',NULL,NULL,NULL,NULL,'1','2019-02-20 09:09:19','N','Y','S','1',NULL),('87','Rabi Mondal','44',NULL,NULL,NULL,NULL,'1','2019-02-21 10:50:37','N','Y','S','1',NULL),('88','Moushumi Chakraborty','44',NULL,NULL,NULL,NULL,'1','2019-02-21 11:40:06','N','Y','S','1',NULL),('89','Diya Banerjee','44',NULL,NULL,NULL,NULL,'1','2019-02-21 11:41:53','N','Y','S','1',NULL),('90','Subrata Patra','44',NULL,NULL,NULL,NULL,'1','2019-02-21 11:43:15','N','Y','S','1',NULL),('91','Srabani Das','44',NULL,NULL,NULL,NULL,'1','2019-02-21 11:44:11','N','Y','S','1',NULL),('92','Puspa Mondal','44',NULL,NULL,NULL,NULL,'1','2019-02-21 11:44:50','N','Y','S','1',NULL),('93','Abhijit Roy','44',NULL,NULL,NULL,NULL,'1','2019-02-21 11:45:31','N','Y','S','1',NULL),('94','Site Expenses','35',NULL,NULL,NULL,NULL,'1','2019-02-21 11:55:48','N','Y','S','1',NULL),('95','Jishnu Das','31',NULL,NULL,NULL,NULL,'1','2019-02-23 05:41:09','Y','Y','O','1',NULL),('96','Advertisement Expenses','35',NULL,NULL,NULL,NULL,'1','2019-02-25 10:37:19','N','Y','S','1',NULL),('97','Audit Fees','35',NULL,NULL,NULL,NULL,'1','2019-02-25 10:41:42','N','Y','S','1',NULL),('98','Legal Charges','35',NULL,NULL,NULL,NULL,'1','2019-02-25 10:42:45','N','Y','S','1',NULL),('99','Postage & Courier Expenses','35',NULL,NULL,NULL,NULL,'1','2019-02-25 10:44:55','N','Y','S','1',NULL),('100','Travelling Expenses','35',NULL,NULL,NULL,NULL,'1','2019-02-25 10:45:55','N','Y','S','1',NULL),('101','Professional Expenses','35',NULL,NULL,NULL,NULL,'1','2019-02-25 11:02:02','N','Y','S','1',NULL),('102','Staff Welfare','35',NULL,NULL,NULL,NULL,'1','2019-02-25 11:12:47','N','Y','S','1',NULL),('103','Admission Fees','43',NULL,NULL,NULL,NULL,'1','2019-02-26 07:38:35','N','Y','S','1',NULL),('106','Sreejita Pradhan','31',NULL,NULL,NULL,NULL,'1','2019-03-06 06:01:30','Y','Y','O','1',NULL),('107','Rishiraj Seal','31',NULL,NULL,NULL,NULL,'1','2019-03-06 06:15:18','Y','Y','O','1',NULL),('108','Rajdeep Saha','31',NULL,NULL,NULL,NULL,'1','2019-03-06 10:56:24','Y','Y','O','1',NULL),('109','Ashutosh Parida','31',NULL,NULL,NULL,NULL,'1','2019-03-09 08:11:22','Y','Y','O','1',NULL),('110','Arya Gayen','31',NULL,NULL,NULL,NULL,'1','2019-03-11 05:06:52','Y','Y','O','1',NULL),('111','Ronak Barnawal','31',NULL,NULL,NULL,NULL,'1','2019-03-12 08:17:09','Y','Y','O','1',NULL),('112','Text Books Fee','38',NULL,NULL,NULL,NULL,'1','2019-03-13 09:11:43','N','Y','S','1',NULL),('113','Naitik Shaw','31',NULL,NULL,NULL,NULL,'1','2019-03-15 10:00:34','Y','Y','O','1',NULL),('114','Md. Aman Kabir','31',NULL,NULL,NULL,NULL,'1','2019-03-18 10:16:09','Y','Y','O','1',NULL),('115','Ayush Kumar Gupta','31',NULL,NULL,NULL,NULL,'1','2019-03-18 10:26:07','Y','Y','O','1',NULL),('116','Dipayan Roy','31',NULL,NULL,NULL,NULL,'1','2019-03-18 11:21:41','Y','Y','O','1',NULL),('117','Aaradhya Rajak','31',NULL,NULL,NULL,NULL,'1','2019-03-19 10:11:08','Y','Y','O','1',NULL),('119','Samridh Barnwal','31',NULL,NULL,NULL,NULL,'1','2019-03-19 11:28:05','Y','Y','O','1',NULL),('120','Souhardya Saha','31',NULL,NULL,NULL,NULL,'1','2019-03-19 11:33:15','Y','Y','O','1',NULL),('121','Soujanya Saha','31',NULL,NULL,NULL,NULL,'1','2019-03-19 11:37:35','Y','Y','O','1',NULL),('122','Pranit Naskar','31',NULL,NULL,NULL,NULL,'1','2019-03-20 08:36:30','Y','Y','O','1',NULL),('123','Nilava Dutta','31',NULL,NULL,NULL,NULL,'1','2019-03-20 08:50:41','Y','Y','O','1',NULL),('124','Soumyodip Maity','31',NULL,NULL,NULL,NULL,'1','2019-03-20 08:54:32','Y','Y','O','1',NULL),('125','Supratim Halder','31',NULL,NULL,NULL,NULL,'1','2019-03-22 07:37:48','Y','Y','O','1',NULL),('126','Faizan Ali Khan','31',NULL,NULL,NULL,NULL,'1','2019-03-27 11:05:10','Y','Y','O','1',NULL),('127','Neer Shaw','31',NULL,NULL,NULL,NULL,'1','2019-03-27 11:13:58','Y','Y','O','1',NULL),('128','Suryanshu Seal','31',NULL,NULL,NULL,NULL,'1','2019-03-27 11:20:23','Y','Y','O','1',NULL),('129','Adrija Bose','31',NULL,NULL,NULL,NULL,'1','2019-03-27 11:23:16','Y','Y','O','1',NULL),('130','Ishika Sen','31',NULL,NULL,NULL,NULL,'1','2019-03-27 11:27:52','Y','Y','O','1',NULL),('131','Sunidhi Sah','31',NULL,NULL,NULL,NULL,'1','2019-03-27 11:30:35','Y','Y','O','1',NULL),('132','Ramajay Das','31',NULL,NULL,NULL,NULL,'1','2019-03-27 11:33:35','Y','Y','O','1',NULL),('133','Discount Allowed','35',NULL,NULL,NULL,NULL,'1','2019-03-28 08:49:11','N','Y','S','1',NULL),('134','Adrija Chowdhury','31',NULL,NULL,NULL,NULL,'1','2019-03-29 08:55:52','Y','Y','O','1',NULL),('135','Shlok Saha','31',NULL,NULL,NULL,NULL,'1','2019-03-30 08:56:47','Y','Y','O','1',NULL),('136','Kaushal Shah','31',NULL,NULL,NULL,NULL,'1','2019-03-30 08:59:16','Y','Y','O','1',NULL),('137','Rajdeep chakraborty','31',NULL,NULL,NULL,NULL,'1','2019-03-30 09:02:47','Y','Y','O','1',NULL),('138','Abir Biswas','31',NULL,NULL,NULL,NULL,'1','2019-04-01 12:36:36','Y','Y','O','1',NULL),('139','Bhavika Khandelwal','31',NULL,NULL,NULL,NULL,'1','2019-04-01 12:45:21','Y','Y','O','1',NULL),('140','Prasenjit Parida','31',NULL,NULL,NULL,NULL,'1','2019-04-01 12:49:04','Y','Y','O','1',NULL),('141','Anushka Banerjee','31',NULL,NULL,NULL,NULL,'1','2019-04-02 10:17:09','Y','Y','O','1',NULL),('142','Krish Das','31',NULL,NULL,NULL,NULL,'1','2019-04-02 10:19:55','Y','Y','O','1',NULL),('143','Supratim Ghosh','31',NULL,NULL,NULL,NULL,'1','2019-04-04 06:07:58','Y','Y','O','1',NULL),('144','Saanvi Bhakat','31',NULL,NULL,NULL,NULL,'1','2019-04-05 07:58:20','Y','Y','O','1',NULL),('145','Alankit Moitra','31',NULL,NULL,NULL,NULL,'1','2019-04-05 10:52:49','Y','Y','O','1',NULL),('146','Arnadip Manna','31',NULL,NULL,NULL,NULL,'1','2019-04-10 08:36:34','Y','Y','O','1',NULL),('147','Anishka Hela','31',NULL,NULL,NULL,NULL,'1','2019-04-10 08:42:46','Y','Y','O','1',NULL),('148','Debargha Chatterjee','31',NULL,NULL,NULL,NULL,'1','2019-04-10 08:49:15','Y','Y','O','1',NULL),('149','Tamalika Halder','31',NULL,NULL,NULL,NULL,'1','2019-04-10 08:54:59','Y','Y','O','1',NULL),('150','Pracheeta Das','31',NULL,NULL,NULL,NULL,'1','2019-04-10 08:58:54','Y','Y','O','1',NULL),('151','Srinivash Majumder','31',NULL,NULL,NULL,NULL,'1','2019-04-10 11:26:36','Y','Y','O','1',NULL),('152','Rajdeep Chatterjee','31',NULL,NULL,NULL,NULL,'1','2019-04-10 11:33:20','Y','Y','O','1',NULL),('153','Simrita Chatterjee','31',NULL,NULL,NULL,NULL,'1','2019-04-10 11:36:39','Y','Y','O','1',NULL),('154','Dibyanshu Mallick','31',NULL,NULL,NULL,NULL,'1','2019-04-10 11:40:16','Y','Y','O','1',NULL),('155','Nilabha Karmakar','31',NULL,NULL,NULL,NULL,'1','2019-04-10 11:44:00','Y','Y','O','1',NULL),('156','Shreyanshu Das','31',NULL,NULL,NULL,NULL,'1','2019-04-12 07:47:29','Y','Y','O','1',NULL),('157','Krittika Paul','31',NULL,NULL,NULL,NULL,'1','2019-04-12 07:50:06','Y','Y','O','1',NULL),('158','Alkantik Jana','31',NULL,NULL,NULL,NULL,'1','2019-04-12 08:05:44','Y','Y','O','1',NULL),('159','Kishan Lal Gupta','31',NULL,NULL,NULL,NULL,'1','2019-04-12 08:08:31','Y','Y','O','1',NULL),('160','Kunal Paul','31',NULL,NULL,NULL,NULL,'1','2019-04-12 08:11:22','Y','Y','O','1',NULL),('161','Ritesh Das','31',NULL,NULL,NULL,NULL,'1','2019-04-12 08:21:03','Y','Y','O','1',NULL),('162','Soumya Kayal','31',NULL,NULL,NULL,NULL,'1','2019-04-12 08:23:43','Y','Y','O','1',NULL),('163','Satyaki Ghosh','31',NULL,NULL,NULL,NULL,'1','2019-04-12 09:12:04','Y','Y','O','1',NULL),('164','Aashka Srivastava','31',NULL,NULL,NULL,NULL,'1','2019-04-12 09:15:43','Y','Y','O','1',NULL),('165','Sagnik Karmakar','31',NULL,NULL,NULL,NULL,'1','2019-04-12 09:20:09','Y','Y','O','1',NULL),('166','Solomon Shalom Lijo','31',NULL,NULL,NULL,NULL,'1','2019-04-16 11:30:53','Y','Y','O','1',NULL),('167','Sayanto Halder','31',NULL,NULL,NULL,NULL,'1','2019-04-16 11:33:43','Y','Y','O','1',NULL),('168','Asmit Bhattacharya','31',NULL,NULL,NULL,NULL,'1','2019-04-16 11:38:18','Y','Y','O','1',NULL),('170','Rachit Das','31',NULL,NULL,NULL,NULL,'1','2019-04-19 12:17:49','Y','Y','O','1',NULL),('171','Didrika Roy','31',NULL,NULL,NULL,NULL,'1','2019-04-20 11:13:39','Y','Y','O','1',NULL),('172','Aadrika Roy','31',NULL,NULL,NULL,NULL,'1','2019-04-20 11:19:29','Y','Y','O','1',NULL),('173','Monthly Fees','43',NULL,NULL,NULL,NULL,'1','2019-04-22 08:02:33','N','Y','S','1',NULL),('174','Jainil Mukherjee','31',NULL,NULL,NULL,NULL,'1','2019-04-22 11:11:22','Y','Y','O','1',NULL),('175','Rashi Sharma','31',NULL,NULL,NULL,NULL,'1','2019-04-22 11:18:45','Y','Y','O','1',NULL),('176','Atrayee Mishra','31',NULL,NULL,NULL,NULL,'1','2019-04-23 08:26:45','Y','Y','O','1',NULL),('177','Taniya Dey','31',NULL,NULL,NULL,NULL,'1','2019-04-23 10:11:35','Y','Y','O','1',NULL);

/*Table structure for table `account_opening_master` */

CREATE TABLE `account_opening_master` (
  `id` int(10) NOT NULL AUTO_INCREMENT,
  `account_master_id` int(10) DEFAULT NULL,
  `opening_balance` decimal(10,2) DEFAULT NULL,
  `school_id` int(11) DEFAULT NULL,
  `acdm_session_id` int(10) DEFAULT NULL,
  `accnt_year_id` int(11) DEFAULT NULL,
  `created_on` timestamp NOT NULL DEFAULT CURRENT_TIMESTAMP,
  `created_by` int(10) DEFAULT NULL,
  `last_modified` datetime DEFAULT NULL,
  PRIMARY KEY (`id`)
) ENGINE=InnoDB AUTO_INCREMENT=2336 DEFAULT CHARSET=utf8;

/*Data for the table `account_opening_master` */

insert  into `account_opening_master`(`id`,`account_master_id`,`opening_balance`,`school_id`,`acdm_session_id`,`accnt_year_id`,`created_on`,`created_by`,`last_modified`) values ('24','14','0.00','1','1','1','2019-01-24 12:32:49','1',NULL),('25','15','0.00','1','1','1','2019-01-24 12:33:18','1',NULL),('26','16','0.00','1','1','1','2019-01-24 12:33:42','1',NULL),('27','17','0.00','1','1','1','2019-01-24 14:35:33','1',NULL),('28','18','0.00','1','1','1','2019-01-25 08:24:27','1',NULL),('29','19','0.00','1','1','1','2019-01-25 08:27:42','1',NULL),('30','20','0.00','1','1','1','2019-01-25 08:29:20','1',NULL),('32','22','0.00','1','1','1','2019-01-25 08:57:44','1',NULL),('33','21','0.00','1','1','1','2019-01-28 08:58:20','1',NULL),('35','71','0.00','1','1','1','2019-02-18 06:50:37','1',NULL),('37','73','0.00','1','1','1','2019-02-20 05:07:18','1',NULL),('38','77','0.00','1','1','1','2019-02-20 09:04:02','1',NULL),('39','78','0.00','1','1','1','2019-02-20 09:04:39','1',NULL),('40','79','0.00','1','1','1','2019-02-20 09:05:19','1',NULL),('41','80','0.00','1','1','1','2019-02-20 09:05:53','1',NULL),('42','81','0.00','1','1','1','2019-02-20 09:06:27','1',NULL),('43','82','0.00','1','1','1','2019-02-20 09:06:54','1',NULL),('44','83','0.00','1','1','1','2019-02-20 09:07:24','1',NULL),('45','84','0.00','1','1','1','2019-02-20 09:08:10','1',NULL),('46','85','0.00','1','1','1','2019-02-20 09:08:51','1',NULL),('47','86','0.00','1','1','1','2019-02-20 09:09:19','1',NULL),('48','87','0.00','1','1','1','2019-02-21 10:50:37','1',NULL),('49','88','0.00','1','1','1','2019-02-21 11:40:06','1',NULL),('50','89','0.00','1','1','1','2019-02-21 11:41:53','1',NULL),('51','90','0.00','1','1','1','2019-02-21 11:43:15','1',NULL),('52','91','0.00','1','1','1','2019-02-21 11:44:11','1',NULL),('53','92','0.00','1','1','1','2019-02-21 11:44:50','1',NULL),('54','93','0.00','1','1','1','2019-02-21 11:45:31','1',NULL),('55','94','0.00','1','1','1','2019-02-21 11:55:48','1',NULL),('56','96','0.00','1','1','1','2019-02-25 10:37:19','1',NULL),('57','97','0.00','1','1','1','2019-02-25 10:41:42','1',NULL),('58','98','0.00','1','1','1','2019-02-25 10:42:45','1',NULL),('60','100','0.00','1','1','1','2019-02-25 10:45:55','1',NULL),('61','101','0.00','1','1','1','2019-02-25 11:02:02','1',NULL),('62','102','0.00','1','1','1','2019-02-25 11:12:47','1',NULL),('63','103','0.00','1','1','1','2019-02-26 07:38:35','1',NULL),('64','104','0.00','1','1','1','2019-02-26 07:39:00','1',NULL),('65','99','0.00','1','1','1','2019-03-13 07:36:22','1',NULL),('66','112','0.00','1','1','1','2019-03-13 09:11:43','1',NULL),('67','133','0.00','1','1','1','2019-03-28 08:49:11','1',NULL),('2215','172','0.00','1','1','2','2019-04-23 11:39:15','1',NULL),('2216','117','10500.00','1','1','2','2019-04-23 11:39:15','1',NULL),('2217','164','0.00','1','1','2','2019-04-23 11:39:15','1',NULL),('2218','138','0.00','1','1','2','2019-04-23 11:39:15','1',NULL),('2219','66','5000.00','1','1','2','2019-04-23 11:39:15','1',NULL),('2220','33','4000.00','1','1','2','2019-04-23 11:39:15','1',NULL),('2221','129','0.00','1','1','2','2019-04-23 11:39:15','1',NULL),('2222','134','0.00','1','1','2','2019-04-23 11:39:15','1',NULL),('2223','145','0.00','1','1','2','2019-04-23 11:39:15','1',NULL),('2224','158','0.00','1','1','2','2019-04-23 11:39:15','1',NULL),('2225','29','6000.00','1','1','2','2019-04-23 11:39:15','1',NULL),('2226','147','0.00','1','1','2','2019-04-23 11:39:15','1',NULL),('2227','65','5000.00','1','1','2','2019-04-23 11:39:15','1',NULL),('2228','37','0.00','1','1','2','2019-04-23 11:39:15','1',NULL),('2229','74','4000.00','1','1','2','2019-04-23 11:39:15','1',NULL),('2230','141','0.00','1','1','2','2019-04-23 11:39:15','1',NULL),('2231','40','0.00','1','1','2','2019-04-23 11:39:15','1',NULL),('2232','146','0.00','1','1','2','2019-04-23 11:39:15','1',NULL),('2233','69','5000.00','1','1','2','2019-04-23 11:39:15','1',NULL),('2234','31','0.00','1','1','2','2019-04-23 11:39:15','1',NULL),('2235','110','11000.00','1','1','2','2019-04-23 11:39:15','1',NULL),('2236','47','0.00','1','1','2','2019-04-23 11:39:15','1',NULL),('2237','109','11000.00','1','1','2','2019-04-23 11:39:15','1',NULL),('2238','168','0.00','1','1','2','2019-04-23 11:39:15','1',NULL),('2239','176','0.00','1','1','2','2019-04-23 11:39:15','1',NULL),('2240','43','0.00','1','1','2','2019-04-23 11:39:15','1',NULL),('2241','44','5000.00','1','1','2','2019-04-23 11:39:16','1',NULL),('2242','61','0.00','1','1','2','2019-04-23 11:39:16','1',NULL),('2243','115','0.00','1','1','2','2019-04-23 11:39:16','1',NULL),('2244','18','621600.00','1','1','2','2019-04-23 11:39:16','1',NULL),('2245','34','0.00','1','1','2','2019-04-23 11:39:16','1',NULL),('2246','139','0.00','1','1','2','2019-04-23 11:39:16','1',NULL),('2247','57','0.00','1','1','2','2019-04-23 11:39:16','1',NULL),('2248','16','201500.00','1','1','2','2019-04-23 11:39:16','1',NULL),('2249','148','0.00','1','1','2','2019-04-23 11:39:16','1',NULL),('2250','154','0.00','1','1','2','2019-04-23 11:39:16','1',NULL),('2251','171','0.00','1','1','2','2019-04-23 11:39:16','1',NULL),('2252','116','0.00','1','1','2','2019-04-23 11:39:16','1',NULL),('2253','50','5000.00','1','1','2','2019-04-23 11:39:16','1',NULL),('2254','51','5000.00','1','1','2','2019-04-23 11:39:16','1',NULL),('2255','53','5000.00','1','1','2','2019-04-23 11:39:16','1',NULL),('2256','126','0.00','1','1','2','2019-04-23 11:39:16','1',NULL),('2257','24','0.00','1','1','2','2019-04-23 11:39:16','1',NULL),('2258','52','4000.00','1','1','2','2019-04-23 11:39:16','1',NULL),('2259','130','0.00','1','1','2','2019-04-23 11:39:16','1',NULL),('2260','174','0.00','1','1','2','2019-04-23 11:39:16','1',NULL),('2261','95','6000.00','1','1','2','2019-04-23 11:39:16','1',NULL),('2262','136','0.00','1','1','2','2019-04-23 11:39:16','1',NULL),('2263','159','0.00','1','1','2','2019-04-23 11:39:16','1',NULL),('2264','142','0.00','1','1','2','2019-04-23 11:39:16','1',NULL),('2265','157','0.00','1','1','2','2019-04-23 11:39:16','1',NULL),('2266','160','0.00','1','1','2','2019-04-23 11:39:16','1',NULL),('2267','114','14000.00','1','1','2','2019-04-23 11:39:16','1',NULL),('2268','26','4000.00','1','1','2','2019-04-23 11:39:16','1',NULL),('2269','113','0.00','1','1','2','2019-04-23 11:39:16','1',NULL),('2270','39','0.00','1','1','2','2019-04-23 11:39:16','1',NULL),('2271','127','0.00','1','1','2','2019-04-23 11:39:16','1',NULL),('2272','155','0.00','1','1','2','2019-04-23 11:39:16','1',NULL),('2273','123','0.00','1','1','2','2019-04-23 11:39:16','1',NULL),('2274','150','0.00','1','1','2','2019-04-23 11:39:16','1',NULL),('2275','122','0.00','1','1','2','2019-04-23 11:39:16','1',NULL),('2276','35','6000.00','1','1','2','2019-04-23 11:39:16','1',NULL),('2277','140','0.00','1','1','2','2019-04-23 11:39:16','1',NULL),('2278','63','10000.00','1','1','2','2019-04-23 11:39:16','1',NULL),('2279','170','0.00','1','1','2','2019-04-23 11:39:16','1',NULL),('2280','30','6000.00','1','1','2','2019-04-23 11:39:16','1',NULL),('2281','137','0.00','1','1','2','2019-04-23 11:39:16','1',NULL),('2282','152','0.00','1','1','2','2019-04-23 11:39:16','1',NULL),('2283','75','0.00','1','1','2','2019-04-23 11:39:16','1',NULL),('2284','108','11000.00','1','1','2','2019-04-23 11:39:16','1',NULL),('2285','62','5000.00','1','1','2','2019-04-23 11:39:16','1',NULL),('2286','132','9000.00','1','1','2','2019-04-23 11:39:16','1',NULL),('2287','175','0.00','1','1','2','2019-04-23 11:39:16','1',NULL),('2288','49','0.00','1','1','2','2019-04-23 11:39:16','1',NULL),('2289','107','0.00','1','1','2','2019-04-23 11:39:16','1',NULL),('2290','161','0.00','1','1','2','2019-04-23 11:39:16','1',NULL),('2291','25','0.00','1','1','2','2019-04-23 11:39:16','1',NULL),('2292','111','11000.00','1','1','2','2019-04-23 11:39:16','1',NULL),('2293','59','5000.00','1','1','2','2019-04-23 11:39:16','1',NULL),('2294','55','4000.00','1','1','2','2019-04-23 11:39:16','1',NULL),('2295','144','0.00','1','1','2','2019-04-23 11:39:16','1',NULL),('2296','38','0.00','1','1','2','2019-04-23 11:39:16','1',NULL),('2297','165','0.00','1','1','2','2019-04-23 11:39:16','1',NULL),('2298','119','15000.00','1','1','2','2019-04-23 11:39:16','1',NULL),('2299','163','0.00','1','1','2','2019-04-23 11:39:16','1',NULL),('2300','45','0.00','1','1','2','2019-04-23 11:39:16','1',NULL),('2301','167','0.00','1','1','2','2019-04-23 11:39:16','1',NULL),('2302','48','0.00','1','1','2','2019-04-23 11:39:16','1',NULL),('2303','135','0.00','1','1','2','2019-04-23 11:39:16','1',NULL),('2304','36','5000.00','1','1','2','2019-04-23 11:39:16','1',NULL),('2305','32','0.00','1','1','2','2019-04-23 11:39:16','1',NULL),('2306','67','4000.00','1','1','2','2019-04-23 11:39:16','1',NULL),('2307','156','0.00','1','1','2','2019-04-23 11:39:16','1',NULL),('2308','153','0.00','1','1','2','2019-04-23 11:39:16','1',NULL),('2309','60','0.00','1','1','2','2019-04-23 11:39:16','1',NULL),('2310','166','0.00','1','1','2','2019-04-23 11:39:16','1',NULL),('2311','42','0.00','1','1','2','2019-04-23 11:39:16','1',NULL),('2312','120','15000.00','1','1','2','2019-04-23 11:39:16','1',NULL),('2313','121','15000.00','1','1','2','2019-04-23 11:39:16','1',NULL),('2314','41','5000.00','1','1','2','2019-04-23 11:39:16','1',NULL),('2315','162','0.00','1','1','2','2019-04-23 11:39:16','1',NULL),('2316','124','11000.00','1','1','2','2019-04-23 11:39:16','1',NULL),('2317','46','4000.00','1','1','2','2019-04-23 11:39:16','1',NULL),('2318','106','8000.00','1','1','2','2019-04-23 11:39:16','1',NULL),('2319','151','0.00','1','1','2','2019-04-23 11:39:16','1',NULL),('2320','71','0.00','1','1','2','2019-04-23 11:39:16','1',NULL),('2321','28','0.00','1','1','2','2019-04-23 11:39:16','1',NULL),('2322','58','4000.00','1','1','2','2019-04-23 11:39:16','1',NULL),('2323','131','0.00','1','1','2','2019-04-23 11:39:16','1',NULL),('2324','143','0.00','1','1','2','2019-04-23 11:39:16','1',NULL),('2325','125','11000.00','1','1','2','2019-04-23 11:39:16','1',NULL),('2326','128','0.00','1','1','2','2019-04-23 11:39:16','1',NULL),('2327','68','5000.00','1','1','2','2019-04-23 11:39:16','1',NULL),('2328','64','0.00','1','1','2','2019-04-23 11:39:16','1',NULL),('2329','76','4000.00','1','1','2','2019-04-23 11:39:16','1',NULL),('2330','54','4000.00','1','1','2','2019-04-23 11:39:17','1',NULL),('2331','56','0.00','1','1','2','2019-04-23 11:39:17','1',NULL),('2332','149','0.00','1','1','2','2019-04-23 11:39:17','1',NULL),('2333','177','0.00','1','1','2','2019-04-23 11:39:17','1',NULL),('2334','112','0.00','1','1','2','2019-04-23 11:39:17','1',NULL),('2335','70','10000.00','1','1','2','2019-04-23 11:39:17','1',NULL);

/*Table structure for table `accounting_year_master` */

CREATE TABLE `accounting_year_master` (
  `id` int(11) NOT NULL AUTO_INCREMENT,
  `start_date` date DEFAULT NULL,
  `end_date` date DEFAULT NULL,
  `start_yr` year(4) DEFAULT NULL,
  `end_yr` year(4) DEFAULT NULL,
  `period` varchar(100) DEFAULT NULL,
  `is_active` enum('Y','N') DEFAULT NULL,
  `create_date` timestamp NOT NULL DEFAULT CURRENT_TIMESTAMP ON UPDATE CURRENT_TIMESTAMP,
  PRIMARY KEY (`id`)
) ENGINE=InnoDB AUTO_INCREMENT=3 DEFAULT CHARSET=latin1;

/*Data for the table `accounting_year_master` */

insert  into `accounting_year_master`(`id`,`start_date`,`end_date`,`start_yr`,`end_yr`,`period`,`is_active`,`create_date`) values ('1','2018-04-01','2019-03-31','2018','2019','(2018-2019)','Y','2019-03-08 13:18:49'),('2','2019-04-01','2020-03-31','2019','2020','(2019-2020)','Y','2019-03-09 12:57:52');

/*Table structure for table `activity_log` */

CREATE TABLE `activity_log` (
  `id` int(10) NOT NULL AUTO_INCREMENT,
  `activity_date` timestamp NOT NULL DEFAULT CURRENT_TIMESTAMP ON UPDATE CURRENT_TIMESTAMP,
  `activity_module` varchar(255) DEFAULT NULL,
  `module_master_id` int(20) DEFAULT NULL,
  `action` varchar(255) DEFAULT NULL,
  `from_method` varchar(100) DEFAULT NULL,
  `user_id` int(10) DEFAULT NULL,
  `ip_address` varchar(255) DEFAULT NULL,
  `user_browser` varchar(255) DEFAULT NULL,
  `user_platform` varchar(255) DEFAULT NULL,
  PRIMARY KEY (`id`)
) ENGINE=InnoDB AUTO_INCREMENT=1500 DEFAULT CHARSET=utf8;

/*Data for the table `activity_log` */

insert  into `activity_log`(`id`,`activity_date`,`activity_module`,`module_master_id`,`action`,`from_method`,`user_id`,`ip_address`,`user_browser`,`user_platform`) values ('311','2019-01-24 12:24:09','religion',NULL,'Update','religion/religion_action','1','202.142.91.147','Firefox','Windows 10'),('312','2019-01-24 12:25:47','account',NULL,'Update','account/GroupInsert','1','202.142.91.147','Firefox','Windows 10'),('313','2019-01-24 12:26:35','account',NULL,'Insert','account/GroupInsert','1','202.142.91.147','Firefox','Windows 10'),('314','2019-01-24 12:26:55','account',NULL,'Insert','account/GroupInsert','1','202.142.91.147','Firefox','Windows 10'),('315','2019-01-24 12:27:10','account',NULL,'Insert','account/GroupInsert','1','202.142.91.147','Firefox','Windows 10'),('316','2019-01-24 12:27:31','account',NULL,'Insert','account/GroupInsert','1','202.142.91.147','Firefox','Windows 10'),('317','2019-01-24 12:27:45','account',NULL,'Insert','account/GroupInsert','1','202.142.91.147','Firefox','Windows 10'),('318','2019-01-24 12:28:04','account',NULL,'Insert','account/GroupInsert','1','202.142.91.147','Firefox','Windows 10'),('319','2019-01-24 12:30:28','account',NULL,'Insert','account/GroupInsert','1','202.142.91.147','Firefox','Windows 10'),('320','2019-01-24 12:30:54','account',NULL,'Insert','account/GroupInsert','1','202.142.91.147','Firefox','Windows 10'),('321','2019-01-24 12:31:11','account',NULL,'Insert','account/GroupInsert','1','202.142.91.147','Firefox','Windows 10'),('322','2019-01-24 12:31:29','account',NULL,'Insert','account/GroupInsert','1','202.142.91.147','Firefox','Windows 10'),('323','2019-01-24 12:31:43','account',NULL,'Insert','account/GroupInsert','1','202.142.91.147','Firefox','Windows 10'),('324','2019-01-24 12:32:49','account',NULL,'Insert','account/accountAddEdit','1','202.142.91.147','Firefox','Windows 10'),('325','2019-01-24 12:33:18','account',NULL,'Insert','account/accountAddEdit','1','202.142.91.147','Firefox','Windows 10'),('326','2019-01-24 12:33:42','account',NULL,'Insert','account/accountAddEdit','1','202.142.91.147','Firefox','Windows 10'),('327','2019-01-24 12:36:42','feescomponent',NULL,'Update','feescomponent/feesComponent_action','1','202.142.91.147','Firefox','Windows 10'),('328','2019-01-24 12:36:42','feescomponent',NULL,'Insert','feescomponent/feesComponent_action','1','202.142.91.147','Firefox','Windows 10'),('329','2019-01-24 12:36:42','feescomponent',NULL,'Insert','feescomponent/feesComponent_action','1','202.142.91.147','Firefox','Windows 10'),('330','2019-01-24 12:36:42','feescomponent',NULL,'Insert','feescomponent/feesComponent_action','1','202.142.91.147','Firefox','Windows 10'),('331','2019-01-24 12:36:42','feescomponent',NULL,'Insert','feescomponent/feesComponent_action','1','202.142.91.147','Firefox','Windows 10'),('332','2019-01-24 12:36:42','feescomponent',NULL,'Insert','feescomponent/feesComponent_action','1','202.142.91.147','Firefox','Windows 10'),('333','2019-01-24 12:36:42','feescomponent',NULL,'Insert','feescomponent/feesComponent_action','1','202.142.91.147','Firefox','Windows 10'),('334','2019-01-24 12:36:42','feescomponent',NULL,'Insert','feescomponent/feesComponent_action','1','202.142.91.147','Firefox','Windows 10'),('335','2019-01-24 12:36:42','feescomponent',NULL,'Insert','feescomponent/feesComponent_action','1','202.142.91.147','Firefox','Windows 10'),('336','2019-01-24 12:36:42','feescomponent',NULL,'Insert','feescomponent/feesComponent_action','1','202.142.91.147','Firefox','Windows 10'),('337','2019-01-24 12:36:42','feescomponent',NULL,'Insert','feescomponent/feesComponent_action','1','202.142.91.147','Firefox','Windows 10'),('338','2019-01-24 12:36:43','feescomponent',NULL,'Insert','feescomponent/feesComponent_action','1','202.142.91.147','Firefox','Windows 10'),('339','2019-01-24 12:36:43','feescomponent',NULL,'Insert','feescomponent/feesComponent_action','1','202.142.91.147','Firefox','Windows 10'),('340','2019-01-24 12:38:33','feescomponent',NULL,'Update','feescomponent/feesComponent_action','1','202.142.91.147','Firefox','Windows 10'),('341','2019-01-24 12:38:33','feescomponent',NULL,'Insert','feescomponent/feesComponent_action','1','202.142.91.147','Firefox','Windows 10'),('342','2019-01-24 12:38:33','feescomponent',NULL,'Insert','feescomponent/feesComponent_action','1','202.142.91.147','Firefox','Windows 10'),('343','2019-01-24 12:38:33','feescomponent',NULL,'Insert','feescomponent/feesComponent_action','1','202.142.91.147','Firefox','Windows 10'),('344','2019-01-24 12:38:33','feescomponent',NULL,'Insert','feescomponent/feesComponent_action','1','202.142.91.147','Firefox','Windows 10'),('345','2019-01-24 12:38:33','feescomponent',NULL,'Insert','feescomponent/feesComponent_action','1','202.142.91.147','Firefox','Windows 10'),('346','2019-01-24 12:38:33','feescomponent',NULL,'Insert','feescomponent/feesComponent_action','1','202.142.91.147','Firefox','Windows 10'),('347','2019-01-24 12:38:33','feescomponent',NULL,'Insert','feescomponent/feesComponent_action','1','202.142.91.147','Firefox','Windows 10'),('348','2019-01-24 12:38:33','feescomponent',NULL,'Insert','feescomponent/feesComponent_action','1','202.142.91.147','Firefox','Windows 10'),('349','2019-01-24 12:38:33','feescomponent',NULL,'Insert','feescomponent/feesComponent_action','1','202.142.91.147','Firefox','Windows 10'),('350','2019-01-24 12:38:33','feescomponent',NULL,'Insert','feescomponent/feesComponent_action','1','202.142.91.147','Firefox','Windows 10'),('351','2019-01-24 12:38:33','feescomponent',NULL,'Insert','feescomponent/feesComponent_action','1','202.142.91.147','Firefox','Windows 10'),('352','2019-01-24 12:38:33','feescomponent',NULL,'Insert','feescomponent/feesComponent_action','1','202.142.91.147','Firefox','Windows 10'),('353','2019-01-24 00:00:00','Registration',NULL,'Insert','student/saveStudent','1','202.142.91.147','Firefox','Windows 10'),('354','2019-01-24 00:00:00','Registration',NULL,'Update','student/saveStudent','1','202.142.91.147','Firefox','Windows 10'),('355','2019-01-24 00:00:00','Registration',NULL,'Update','student/saveStudent','1','202.142.91.147','Firefox','Windows 10'),('356','2019-01-24 00:00:00','Registration',NULL,'Insert','student/saveStudent','1','202.142.91.147','Firefox','Windows 10'),('357','2019-01-24 14:35:33','account',NULL,'Insert','account/accountAddEdit','1','117.194.241.9','Firefox','Windows 10'),('358','2019-01-24 00:00:00','Registration',NULL,'Update','student/saveStudent','1','202.142.91.147','Firefox','Windows 10'),('359','2019-01-25 08:18:28','occupation',NULL,'Insert','occupation/occupation_action','1','122.163.96.94','Firefox','Windows 7'),('360','2019-01-25 08:24:27','account',NULL,'Insert','account/accountAddEdit','1','122.163.96.94','Firefox','Windows 7'),('361','2019-01-25 08:26:52','account',NULL,'Insert','account/GroupInsert','1','122.163.96.94','Firefox','Windows 7'),('362','2019-01-25 08:27:42','account',NULL,'Insert','account/accountAddEdit','1','122.163.96.94','Firefox','Windows 7'),('363','2019-01-25 08:28:07','feescomponent',NULL,'Update','feescomponent/feesComponent_action','1','122.163.96.94','Firefox','Windows 7'),('364','2019-01-25 08:28:07','feescomponent',NULL,'Insert','feescomponent/feesComponent_action','1','122.163.96.94','Firefox','Windows 7'),('365','2019-01-25 08:28:07','feescomponent',NULL,'Insert','feescomponent/feesComponent_action','1','122.163.96.94','Firefox','Windows 7'),('366','2019-01-25 08:28:07','feescomponent',NULL,'Insert','feescomponent/feesComponent_action','1','122.163.96.94','Firefox','Windows 7'),('367','2019-01-25 08:28:07','feescomponent',NULL,'Insert','feescomponent/feesComponent_action','1','122.163.96.94','Firefox','Windows 7'),('368','2019-01-25 08:28:07','feescomponent',NULL,'Insert','feescomponent/feesComponent_action','1','122.163.96.94','Firefox','Windows 7'),('369','2019-01-25 08:28:07','feescomponent',NULL,'Insert','feescomponent/feesComponent_action','1','122.163.96.94','Firefox','Windows 7'),('370','2019-01-25 08:28:07','feescomponent',NULL,'Insert','feescomponent/feesComponent_action','1','122.163.96.94','Firefox','Windows 7'),('371','2019-01-25 08:28:07','feescomponent',NULL,'Insert','feescomponent/feesComponent_action','1','122.163.96.94','Firefox','Windows 7'),('372','2019-01-25 08:28:07','feescomponent',NULL,'Insert','feescomponent/feesComponent_action','1','122.163.96.94','Firefox','Windows 7'),('373','2019-01-25 08:28:07','feescomponent',NULL,'Insert','feescomponent/feesComponent_action','1','122.163.96.94','Firefox','Windows 7'),('374','2019-01-25 08:28:07','feescomponent',NULL,'Insert','feescomponent/feesComponent_action','1','122.163.96.94','Firefox','Windows 7'),('375','2019-01-25 08:28:07','feescomponent',NULL,'Insert','feescomponent/feesComponent_action','1','122.163.96.94','Firefox','Windows 7'),('376','2019-01-25 08:29:20','account',NULL,'Insert','account/accountAddEdit','1','122.163.96.94','Firefox','Windows 7'),('377','2019-01-25 08:29:44','feescomponent',NULL,'Update','feescomponent/feesComponent_action','1','122.163.96.94','Firefox','Windows 7'),('378','2019-01-25 08:29:44','feescomponent',NULL,'Insert','feescomponent/feesComponent_action','1','122.163.96.94','Firefox','Windows 7'),('379','2019-01-25 08:30:26','feesstructure',NULL,'Insert','feesstructure/feesStructure_action','1','122.163.96.94','Firefox','Windows 7'),('380','2019-01-25 00:00:00','Registration',NULL,'Insert','student/saveStudent','1','122.163.96.94','Firefox','Windows 7'),('381','2019-01-25 08:57:27','account',NULL,'Insert','account/accountAddEdit','1','122.163.96.94','Chrome','Windows 7'),('382','2019-01-25 08:57:44','account',NULL,'Insert','account/accountAddEdit','1','122.163.96.94','Chrome','Windows 7'),('383','2019-01-25 08:58:11','feesstructure',NULL,'Update','feesstructure/feesStructure_action','1','122.163.96.94','Chrome','Windows 7'),('384','2019-01-25 08:58:46','feescomponent',NULL,'Update','feescomponent/feesComponent_action','1','122.163.96.94','Chrome','Windows 7'),('385','2019-01-25 08:58:46','feescomponent',NULL,'Insert','feescomponent/feesComponent_action','1','122.163.96.94','Chrome','Windows 7'),('386','2019-01-25 08:59:08','feescomponent',NULL,'Insert','feescomponent/feesComponent_action','1','122.163.96.94','Chrome','Windows 7'),('387','2019-01-25 09:00:08','Classlist',NULL,'Update','classlist/class_action','1','122.163.96.94','Chrome','Windows 7'),('388','2019-01-25 10:14:03','Classlist',NULL,'Update','classlist/class_action','1','122.163.96.94','Firefox','Windows 7'),('389','2019-01-25 10:14:39','Classlist',NULL,'Update','classlist/class_action','1','122.163.96.94','Firefox','Windows 7'),('390','2019-01-25 10:15:33','Classlist',NULL,'Update','classlist/class_action','1','122.163.96.94','Firefox','Windows 7'),('391','2019-01-25 10:15:57','Classlist',NULL,'Update','classlist/class_action','1','122.163.96.94','Firefox','Windows 7'),('392','2019-01-25 10:20:24','ClassList',NULL,'Insert','ClassList/class_action','1','122.163.96.94','Firefox','Windows 7'),('393','2019-01-28 08:36:06','religion',NULL,'Update','religion/religion_action','1','122.163.96.94','Firefox','Windows 7'),('394','2019-01-28 08:40:32','religion',NULL,'Insert','religion/religion_action','1','122.163.96.94','Firefox','Windows 7'),('395','2019-01-28 08:58:20','account',NULL,'Update','account/accountAddEdit','1','122.163.96.94','Firefox','Windows 7'),('396','2019-01-29 00:00:00','Registration',NULL,'Insert','student/saveStudent','1','117.194.242.61','Firefox','Windows 10'),('397','2019-01-29 00:00:00','Registration',NULL,'Update','student/saveStudent','1','117.194.242.61','Firefox','Windows 10'),('398','2019-01-29 00:00:00','Registration',NULL,'Update','student/saveStudent','1','117.194.242.61','Firefox','Windows 10'),('399','2019-01-29 00:00:00','Registration',NULL,'Update','student/saveStudent','1','117.194.242.61','Firefox','Windows 10'),('400','2019-01-29 07:28:31','sectionandroll',NULL,'Update','sectionandroll/updateRollSection','1','117.194.242.61','Firefox','Windows 10'),('401','2019-01-29 07:28:58','sectionandroll',NULL,'Update','sectionandroll/updateRollSection','1','117.194.242.61','Firefox','Windows 10'),('402','2019-01-29 08:14:37','occupation',NULL,'Insert','occupation/occupation_action','1','122.163.15.67','Chrome','Windows 7'),('403','2019-01-29 08:15:10','occupation',NULL,'Insert','occupation/occupation_action','1','122.163.15.67','Chrome','Windows 7'),('404','2019-01-29 00:00:00','Registration',NULL,'Insert','student/saveStudent','1','122.163.15.67','Firefox','Windows 7'),('405','2019-01-29 00:00:00','Registration',NULL,'Update','student/saveStudent','1','122.163.15.67','Firefox','Windows 7'),('406','2019-01-29 00:00:00','Registration',NULL,'Insert','student/saveStudent','1','122.163.15.67','Firefox','Windows 7'),('407','2019-01-29 00:00:00','Registration',NULL,'Insert','student/saveStudent','1','122.163.15.67','Firefox','Windows 7'),('408','2019-01-29 00:00:00','Registration',NULL,'Update','student/saveStudent','1','117.194.242.61','Firefox','Windows 10'),('409','2019-01-29 00:00:00','Registration',NULL,'Insert','student/saveStudent','1','117.194.242.61','Firefox','Windows 10'),('410','2019-01-30 00:00:00','Registration',NULL,'Insert','student/saveStudent','1','122.163.15.67','Firefox','Windows 7'),('411','2019-01-30 00:00:00','Registration',NULL,'Insert','student/saveStudent','1','122.163.15.67','Firefox','Windows 7'),('412','2019-01-30 00:00:00','Registration',NULL,'Insert','student/saveStudent','1','122.163.15.67','Firefox','Windows 7'),('413','2019-01-30 00:00:00','Registration',NULL,'Insert','student/saveStudent','1','122.163.15.67','Firefox','Windows 7'),('414','2019-01-30 00:00:00','Registration',NULL,'Insert','student/saveStudent','1','122.163.15.67','Firefox','Windows 7'),('415','2019-01-30 00:00:00','Registration',NULL,'Insert','student/saveStudent','1','122.163.15.67','Firefox','Windows 7'),('416','2019-01-30 00:00:00','Registration',NULL,'Insert','student/saveStudent','1','122.163.15.67','Firefox','Windows 7'),('417','2019-01-30 00:00:00','Registration',NULL,'Insert','student/saveStudent','1','122.163.15.67','Firefox','Windows 7'),('418','2019-01-30 00:00:00','Registration',NULL,'Insert','student/saveStudent','1','122.163.15.67','Firefox','Windows 7'),('419','2019-01-30 00:00:00','Registration',NULL,'Insert','student/saveStudent','1','122.163.15.67','Firefox','Windows 7'),('420','2019-01-30 00:00:00','Registration',NULL,'Insert','student/saveStudent','1','122.163.15.67','Firefox','Windows 7'),('421','2019-01-30 00:00:00','Registration',NULL,'Insert','student/saveStudent','1','122.163.15.67','Firefox','Windows 7'),('422','2019-01-30 00:00:00','Registration',NULL,'Insert','student/saveStudent','1','122.163.15.67','Firefox','Windows 7'),('423','2019-01-30 00:00:00','Registration',NULL,'Insert','student/saveStudent','1','122.163.15.67','Firefox','Windows 7'),('424','2019-01-30 00:00:00','Registration',NULL,'Insert','student/saveStudent','1','122.163.15.67','Firefox','Windows 7'),('425','2019-01-30 00:00:00','Registration',NULL,'Insert','student/saveStudent','1','122.163.15.67','Firefox','Windows 7'),('426','2019-01-30 00:00:00','Registration',NULL,'Insert','student/saveStudent','1','122.163.15.67','Firefox','Windows 7'),('427','2019-01-30 00:00:00','Registration',NULL,'Insert','student/saveStudent','1','122.163.15.67','Firefox','Windows 7'),('428','2019-01-30 00:00:00','Registration',NULL,'Insert','student/saveStudent','1','122.163.15.67','Firefox','Windows 7'),('429','2019-01-30 00:00:00','Registration',NULL,'Insert','student/saveStudent','1','122.163.15.67','Firefox','Windows 7'),('430','2019-01-30 00:00:00','Registration',NULL,'Insert','student/saveStudent','1','122.163.15.67','Firefox','Windows 7'),('431','2019-01-30 00:00:00','Registration',NULL,'Insert','student/saveStudent','1','122.163.15.67','Firefox','Windows 7'),('432','2019-01-30 00:00:00','Registration',NULL,'Insert','student/saveStudent','1','122.163.15.67','Firefox','Windows 7'),('433','2019-01-30 00:00:00','Registration',NULL,'Insert','student/saveStudent','1','122.163.15.67','Firefox','Windows 7'),('434','2019-01-30 00:00:00','Registration',NULL,'Insert','student/saveStudent','1','122.163.15.67','Firefox','Windows 7'),('435','2019-01-30 00:00:00','Registration',NULL,'Insert','student/saveStudent','1','122.163.15.67','Firefox','Windows 7'),('436','2019-01-30 00:00:00','Registration',NULL,'Insert','student/saveStudent','1','122.163.15.67','Firefox','Windows 7'),('437','2019-01-30 00:00:00','Registration',NULL,'Insert','student/saveStudent','1','122.163.15.67','Firefox','Windows 7'),('438','2019-01-30 00:00:00','Registration',NULL,'Insert','student/saveStudent','1','122.163.15.67','Firefox','Windows 7'),('439','2019-01-30 00:00:00','Registration',NULL,'Insert','student/saveStudent','1','122.163.15.67','Firefox','Windows 7'),('440','2019-01-30 00:00:00','Registration',NULL,'Insert','student/saveStudent','1','122.163.15.67','Firefox','Windows 7'),('441','2019-01-30 00:00:00','Registration',NULL,'Insert','student/saveStudent','1','122.163.15.67','Firefox','Windows 7'),('442','2019-01-30 00:00:00','Registration',NULL,'Insert','student/saveStudent','1','122.163.15.67','Firefox','Windows 7'),('443','2019-01-30 00:00:00','Registration',NULL,'Update','student/saveStudent','1','122.163.15.67','Firefox','Windows 7'),('444','2019-01-30 00:00:00','Registration',NULL,'Insert','student/saveStudent','1','122.163.15.67','Firefox','Windows 7'),('445','2019-01-30 00:00:00','Registration',NULL,'Insert','student/saveStudent','1','122.163.15.67','Firefox','Windows 7'),('446','2019-01-31 00:00:00','Registration',NULL,'Update','student/saveStudent','1','122.163.15.67','Firefox','Windows 7'),('447','2019-01-31 00:00:00','Registration',NULL,'Update','student/saveStudent','1','122.163.15.67','Firefox','Windows 7'),('448','2019-01-31 00:00:00','Registration',NULL,'Update','student/saveStudent','1','122.163.15.67','Firefox','Windows 7'),('449','2019-01-31 00:00:00','Registration',NULL,'Update','student/saveStudent','1','122.163.15.67','Firefox','Windows 7'),('450','2019-01-31 09:46:57','occupation',NULL,'Insert','occupation/occupation_action','1','122.163.15.67','Firefox','Windows 7'),('451','2019-02-01 05:26:27','Classlist',NULL,'Update','classlist/class_action','1','122.163.15.67','Firefox','Windows 7'),('452','2019-02-01 05:27:19','account',NULL,'Update','account/GroupInsert','1','122.163.15.67','Firefox','Windows 7'),('453','2019-02-01 05:37:29','Classlist',NULL,'Update','classlist/class_action','1','122.163.15.67','Firefox','Windows 7'),('454','2019-02-01 05:48:13','feesstructure',NULL,'Update','feesstructure/feesStructure_action','1','122.163.15.67','Firefox','Windows 7'),('455','2019-02-02 00:00:00','Registration',NULL,'Update','student/saveStudent','1','122.163.15.67','Firefox','Windows 7'),('456','2019-02-02 00:00:00','Registration',NULL,'Update','student/saveStudent','1','122.163.15.67','Firefox','Windows 7'),('457','2019-02-02 00:00:00','Registration',NULL,'Update','student/saveStudent','1','122.163.15.67','Chrome','Windows 7'),('458','2019-02-02 00:00:00','Registration',NULL,'Update','student/saveStudent','1','202.142.91.147','Firefox','Windows 10'),('459','2019-02-02 00:00:00','Registration',NULL,'Update','student/saveStudent','1','202.142.91.147','Firefox','Windows 10'),('460','2019-02-02 00:00:00','Registration',NULL,'Update','student/saveStudent','1','122.163.15.67','Firefox','Windows 7'),('461','2019-02-02 00:00:00','Registration',NULL,'Update','student/saveStudent','1','202.142.91.147','Firefox','Windows 10'),('462','2019-02-02 00:00:00','Registration',NULL,'Update','student/saveStudent','1','202.142.91.147','Firefox','Windows 10'),('463','2019-02-02 00:00:00','Registration',NULL,'Update','student/saveStudent','1','202.142.91.147','Firefox','Windows 10'),('464','2019-02-02 00:00:00','Registration',NULL,'Update','student/saveStudent','1','202.142.91.147','Firefox','Windows 10'),('465','2019-02-02 00:00:00','Registration',NULL,'Update','student/saveStudent','1','202.142.91.147','Firefox','Windows 10'),('466','2019-02-02 00:00:00','Registration',NULL,'Update','student/saveStudent','1','122.163.15.67','Firefox','Windows 7'),('467','2019-02-02 00:00:00','Registration',NULL,'Update','student/saveStudent','1','202.142.91.147','Firefox','Windows 10'),('468','2019-02-02 00:00:00','Registration',NULL,'Update','student/saveStudent','1','202.142.91.147','Firefox','Windows 10'),('469','2019-02-02 00:00:00','Registration',NULL,'Update','student/saveStudent','1','202.142.91.147','Firefox','Windows 10'),('470','2019-02-02 00:00:00','Registration',NULL,'Update','student/saveStudent','1','202.142.91.147','Firefox','Windows 10'),('471','2019-02-02 00:00:00','Registration',NULL,'Update','student/saveStudent','1','202.142.91.147','Firefox','Windows 10'),('472','2019-02-02 00:00:00','Registration',NULL,'Update','student/saveStudent','1','202.142.91.147','Firefox','Windows 10'),('473','2019-02-02 00:00:00','Registration',NULL,'Update','student/saveStudent','1','202.142.91.147','Firefox','Windows 10'),('474','2019-02-02 00:00:00','Registration',NULL,'Update','student/saveStudent','1','202.142.91.147','Firefox','Windows 10'),('475','2019-02-02 00:00:00','Registration',NULL,'Update','student/saveStudent','1','202.142.91.147','Firefox','Windows 10'),('476','2019-02-02 00:00:00','Registration',NULL,'Update','student/saveStudent','1','202.142.91.147','Firefox','Windows 10'),('477','2019-02-02 00:00:00','Registration',NULL,'Update','student/saveStudent','1','202.142.91.147','Firefox','Windows 10'),('478','2019-02-02 00:00:00','Registration',NULL,'Update','student/saveStudent','1','202.142.91.147','Firefox','Windows 10'),('479','2019-02-02 00:00:00','Registration',NULL,'Update','student/saveStudent','1','202.142.91.147','Firefox','Windows 10'),('480','2019-02-04 00:00:00','Registration',NULL,'Update','student/saveStudent','1','122.163.15.67','Firefox','Windows 7'),('481','2019-02-04 00:00:00','Registration',NULL,'Update','student/saveStudent','1','122.163.15.67','Firefox','Windows 7'),('482','2019-02-04 00:00:00','Registration',NULL,'Update','student/saveStudent','1','122.163.15.67','Firefox','Windows 7'),('483','2019-02-04 00:00:00','Registration',NULL,'Update','student/saveStudent','1','122.163.15.67','Firefox','Windows 7'),('484','2019-02-04 00:00:00','Registration',NULL,'Update','student/saveStudent','1','122.163.15.67','Firefox','Windows 7'),('485','2019-02-04 00:00:00','Registration',NULL,'Update','student/saveStudent','1','122.163.15.67','Firefox','Windows 7'),('486','2019-02-04 00:00:00','Registration',NULL,'Update','student/saveStudent','1','122.163.15.67','Firefox','Windows 7'),('487','2019-02-04 00:00:00','Registration',NULL,'Update','student/saveStudent','1','122.163.15.67','Firefox','Windows 7'),('488','2019-02-04 00:00:00','Registration',NULL,'Update','student/saveStudent','1','122.163.15.67','Firefox','Windows 7'),('489','2019-02-04 00:00:00','Registration',NULL,'Update','student/saveStudent','1','122.163.15.67','Firefox','Windows 7'),('490','2019-02-04 00:00:00','Registration',NULL,'Update','student/saveStudent','1','122.163.15.67','Firefox','Windows 7'),('491','2019-02-04 00:00:00','Registration',NULL,'Update','student/saveStudent','1','122.163.15.67','Firefox','Windows 7'),('492','2019-02-04 00:00:00','Registration',NULL,'Update','student/saveStudent','1','122.163.15.67','Firefox','Windows 7'),('493','2019-02-04 00:00:00','Registration',NULL,'Update','student/saveStudent','1','122.163.15.67','Firefox','Windows 7'),('494','2019-02-04 00:00:00','Registration',NULL,'Update','student/saveStudent','1','122.163.15.67','Firefox','Windows 7'),('495','2019-02-04 00:00:00','Registration',NULL,'Update','student/saveStudent','1','122.163.15.67','Firefox','Windows 7'),('496','2019-02-04 00:00:00','Registration',NULL,'Update','student/saveStudent','1','122.163.15.67','Firefox','Windows 7'),('497','2019-02-04 00:00:00','Registration',NULL,'Update','student/saveStudent','1','122.163.15.67','Firefox','Windows 7'),('498','2019-02-04 00:00:00','Registration',NULL,'Update','student/saveStudent','1','122.163.15.67','Firefox','Windows 7'),('499','2019-02-04 00:00:00','Registration',NULL,'Update','student/saveStudent','1','122.163.15.67','Firefox','Windows 7'),('500','2019-02-04 00:00:00','Registration',NULL,'Update','student/saveStudent','1','122.163.15.67','Firefox','Windows 7'),('501','2019-02-04 00:00:00','Registration',NULL,'Update','student/saveStudent','1','122.163.15.67','Firefox','Windows 7'),('502','2019-02-04 00:00:00','Registration',NULL,'Update','student/saveStudent','1','122.163.15.67','Firefox','Windows 7'),('503','2019-02-04 00:00:00','Registration',NULL,'Update','student/saveStudent','1','122.163.15.67','Firefox','Windows 7'),('504','2019-02-04 00:00:00','Registration',NULL,'Update','student/saveStudent','1','122.163.15.67','Firefox','Windows 7'),('505','2019-02-04 00:00:00','Registration',NULL,'Update','student/saveStudent','1','122.163.15.67','Firefox','Windows 7'),('506','2019-02-04 00:00:00','Registration',NULL,'Update','student/saveStudent','1','122.163.15.67','Firefox','Windows 7'),('507','2019-02-04 00:00:00','Registration',NULL,'Update','student/saveStudent','1','122.163.15.67','Firefox','Windows 7'),('508','2019-02-04 00:00:00','Registration',NULL,'Update','student/saveStudent','1','122.163.15.67','Firefox','Windows 7'),('509','2019-02-04 00:00:00','Registration',NULL,'Update','student/saveStudent','1','122.163.15.67','Firefox','Windows 7'),('510','2019-02-04 00:00:00','Registration',NULL,'Update','student/saveStudent','1','122.163.15.67','Firefox','Windows 7'),('511','2019-02-04 00:00:00','Registration',NULL,'Update','student/saveStudent','1','122.163.15.67','Firefox','Windows 7'),('512','2019-02-04 00:00:00','Registration',NULL,'Update','student/saveStudent','1','122.163.15.67','Firefox','Windows 7'),('513','2019-02-07 00:00:00','Registration',NULL,'Update','student/saveStudent','1','122.163.15.67','Firefox','Windows 7'),('514','2019-02-08 00:00:00','Registration',NULL,'Insert','student/saveStudent','1','122.163.15.67','Firefox','Windows 7'),('515','2019-02-08 00:00:00','Registration',NULL,'Insert','student/saveStudent','1','122.163.15.67','Firefox','Windows 7'),('516','2019-02-08 00:00:00','Registration',NULL,'Insert','student/saveStudent','1','122.163.15.67','Firefox','Windows 7'),('517','2019-02-08 00:00:00','Registration',NULL,'Insert','student/saveStudent','1','122.163.15.67','Firefox','Windows 7'),('519','2019-02-11 10:21:55','contra',NULL,'Insert','vendor/insertUpdate','1','202.142.91.147','Firefox','Windows 10'),('520','2019-02-11 11:02:19','contra',NULL,'Insert','vendor/insertUpdate','1','202.142.91.147','Firefox','Windows 10'),('521','2019-02-11 11:03:13','contra',NULL,'Update','vendor/insertUpdate','1','202.142.91.147','Firefox','Windows 10'),('522','2019-02-11 00:00:00','Registration',NULL,'Update','student/saveStudent','1','122.163.15.67','Firefox','Windows 7'),('523','2019-02-11 11:33:17','contra',NULL,'Update','vendor/insertUpdate','1','202.142.91.147','Firefox','Windows 10'),('524','2019-02-11 00:00:00','Registration',NULL,'Insert','student/saveStudent','1','122.163.15.67','Firefox','Windows 7'),('525','2019-02-11 00:00:00','Registration',NULL,'Update','student/saveStudent','1','122.163.15.67','Firefox','Windows 7'),('526','2019-02-11 00:00:00','Registration',NULL,'Update','student/saveStudent','1','122.163.15.67','Firefox','Windows 7'),('527','2019-02-12 00:00:00','Registration',NULL,'Insert','student/saveStudent','1','122.163.15.67','Firefox','Windows 7'),('528','2019-02-12 00:00:00','Registration',NULL,'Insert','student/saveStudent','1','122.163.15.67','Firefox','Windows 7'),('529','2019-02-12 00:00:00','Registration',NULL,'Insert','student/saveStudent','1','122.163.15.67','Firefox','Windows 7'),('530','2019-02-12 09:36:50','account',NULL,'Insert','account/accountAddEdit','1','122.163.15.67','Firefox','Windows 7'),('531','2019-02-12 09:45:38','feesstructure',NULL,'Insert','feesstructure/feesStructure_action','1','122.163.15.67','Firefox','Windows 7'),('532','2019-02-13 14:12:22','account',NULL,'Update','account/GroupInsert','1','117.194.225.45','Firefox','Windows 10'),('533','2019-02-13 14:13:09','account',NULL,'Update','account/GroupInsert','1','117.194.225.45','Firefox','Windows 10'),('534','2019-02-14 06:16:13','feesstructure',NULL,'Insert','feesstructure/feesStructure_action','1','122.163.15.67','Firefox','Windows 7'),('535','2019-02-14 08:14:02','contra',NULL,'Insert','journal/insertUpdate','1','202.142.91.147','Firefox','Windows 10'),('536','2019-02-14 08:14:40','contra',NULL,'Update','journal/insertUpdate','1','202.142.91.147','Firefox','Windows 10'),('537','2019-02-16 11:49:09','feescomponent',NULL,'Insert','feescomponent/feesComponent_action','1','202.142.91.147','Firefox','Windows 10'),('538','2019-02-18 06:50:37','account',NULL,'Update','account/accountAddEdit','1','122.163.15.67','Firefox','Windows 7'),('539','2019-02-18 07:15:06','account',NULL,'Insert','account/accountAddEdit','1','202.142.91.147','Firefox','Windows 10'),('540','2019-02-20 05:07:18','account',NULL,'Insert','account/accountAddEdit','1','122.163.15.67','Firefox','Windows 7'),('541','2019-02-20 00:00:00','Registration',NULL,'Insert','student/saveStudent','1','122.163.15.67','Firefox','Windows 7'),('542','2019-02-20 00:00:00','Registration',NULL,'Update','student/saveStudent','1','122.163.15.67','Firefox','Windows 7'),('543','2019-02-20 00:00:00','Registration',NULL,'Insert','student/saveStudent','1','122.163.15.67','Firefox','Windows 7'),('544','2019-02-20 00:00:00','Registration',NULL,'Insert','student/saveStudent','1','122.163.15.67','Firefox','Windows 7'),('545','2019-02-20 09:04:02','account',NULL,'Insert','account/accountAddEdit','1','122.163.15.67','Firefox','Windows 7'),('546','2019-02-20 09:04:39','account',NULL,'Insert','account/accountAddEdit','1','122.163.15.67','Firefox','Windows 7'),('547','2019-02-20 09:05:19','account',NULL,'Insert','account/accountAddEdit','1','122.163.15.67','Firefox','Windows 7'),('548','2019-02-20 09:05:53','account',NULL,'Insert','account/accountAddEdit','1','122.163.15.67','Firefox','Windows 7'),('549','2019-02-20 09:06:27','account',NULL,'Insert','account/accountAddEdit','1','122.163.15.67','Firefox','Windows 7'),('550','2019-02-20 09:06:54','account',NULL,'Insert','account/accountAddEdit','1','122.163.15.67','Firefox','Windows 7'),('551','2019-02-20 09:07:24','account',NULL,'Insert','account/accountAddEdit','1','122.163.15.67','Firefox','Windows 7'),('552','2019-02-20 09:08:10','account',NULL,'Insert','account/accountAddEdit','1','122.163.15.67','Firefox','Windows 7'),('553','2019-02-20 09:08:51','account',NULL,'Insert','account/accountAddEdit','1','122.163.15.67','Firefox','Windows 7'),('554','2019-02-20 09:09:19','account',NULL,'Insert','account/accountAddEdit','1','122.163.15.67','Firefox','Windows 7'),('555','2019-02-21 10:40:14','account',NULL,'Insert','account/GroupInsert','1','122.163.15.67','Firefox','Windows 7'),('556','2019-02-21 10:50:37','account',NULL,'Insert','account/accountAddEdit','1','122.163.15.67','Firefox','Windows 7'),('557','2019-02-21 11:40:06','account',NULL,'Insert','account/accountAddEdit','1','122.163.15.67','Firefox','Windows 7'),('558','2019-02-21 11:41:53','account',NULL,'Insert','account/accountAddEdit','1','122.163.15.67','Firefox','Windows 7'),('559','2019-02-21 11:43:15','account',NULL,'Insert','account/accountAddEdit','1','122.163.15.67','Firefox','Windows 7'),('560','2019-02-21 11:44:11','account',NULL,'Insert','account/accountAddEdit','1','122.163.15.67','Firefox','Windows 7'),('561','2019-02-21 11:44:50','account',NULL,'Insert','account/accountAddEdit','1','122.163.15.67','Firefox','Windows 7'),('562','2019-02-21 11:45:31','account',NULL,'Insert','account/accountAddEdit','1','122.163.15.67','Firefox','Windows 7'),('563','2019-02-21 11:55:48','account',NULL,'Insert','account/accountAddEdit','1','122.163.15.67','Firefox','Windows 7'),('564','2019-02-23 00:00:00','Registration',NULL,'Insert','student/saveStudent','1','122.163.15.67','Firefox','Windows 7'),('565','2019-02-23 00:00:00','Registration',NULL,'Update','student/saveStudent','1','122.163.15.67','Firefox','Windows 7'),('566','2019-02-25 10:37:19','account',NULL,'Insert','account/accountAddEdit','1','122.163.15.67','Firefox','Windows 7'),('567','2019-02-25 10:41:42','account',NULL,'Insert','account/accountAddEdit','1','122.163.15.67','Firefox','Windows 7'),('568','2019-02-25 10:42:45','account',NULL,'Insert','account/accountAddEdit','1','122.163.15.67','Firefox','Windows 7'),('569','2019-02-25 10:44:55','account',NULL,'Insert','account/accountAddEdit','1','122.163.15.67','Firefox','Windows 7'),('570','2019-02-25 10:45:55','account',NULL,'Insert','account/accountAddEdit','1','122.163.15.67','Firefox','Windows 7'),('571','2019-02-25 11:02:02','account',NULL,'Insert','account/accountAddEdit','1','122.163.15.67','Firefox','Windows 7'),('572','2019-02-25 11:12:47','account',NULL,'Insert','account/accountAddEdit','1','122.163.15.67','Firefox','Windows 7'),('576','2019-02-25 14:00:09','contra',NULL,'Insert','contra/insertUpdate','1','202.142.91.147','Firefox','Windows 10'),('577','2019-02-25 14:01:40','contra',NULL,'Insert','contra/insertUpdate','1','202.142.91.147','Firefox','Windows 10'),('578','2019-02-25 14:02:55','contra',NULL,'Insert','journal/insertUpdate','1','202.142.91.147','Firefox','Windows 10'),('579','2019-02-26 06:11:53','account',NULL,'Insert','account/GroupInsert','1','122.163.15.67','Firefox','Windows 7'),('580','2019-02-26 07:38:35','account',NULL,'Insert','account/accountAddEdit','1','122.163.15.67','Firefox','Windows 7'),('581','2019-02-26 07:39:00','account',NULL,'Insert','account/accountAddEdit','1','122.163.15.67','Firefox','Windows 7'),('582','2019-02-26 07:44:03','account',NULL,'Update','account/GroupInsert','1','122.163.15.67','Firefox','Windows 7'),('583','2019-02-26 07:46:27','feescomponent',NULL,'Update','feescomponent/feesComponent_action','1','122.163.15.67','Firefox','Windows 7'),('584','2019-02-26 07:46:27','feescomponent',NULL,'Insert','feescomponent/feesComponent_action','1','122.163.15.67','Firefox','Windows 7'),('585','2019-02-26 07:46:27','feescomponent',NULL,'Insert','feescomponent/feesComponent_action','1','122.163.15.67','Firefox','Windows 7'),('586','2019-02-26 07:46:27','feescomponent',NULL,'Insert','feescomponent/feesComponent_action','1','122.163.15.67','Firefox','Windows 7'),('587','2019-02-26 07:46:27','feescomponent',NULL,'Insert','feescomponent/feesComponent_action','1','122.163.15.67','Firefox','Windows 7'),('588','2019-02-26 07:46:27','feescomponent',NULL,'Insert','feescomponent/feesComponent_action','1','122.163.15.67','Firefox','Windows 7'),('589','2019-02-26 07:46:27','feescomponent',NULL,'Insert','feescomponent/feesComponent_action','1','122.163.15.67','Firefox','Windows 7'),('590','2019-02-26 07:46:27','feescomponent',NULL,'Insert','feescomponent/feesComponent_action','1','122.163.15.67','Firefox','Windows 7'),('591','2019-02-26 07:46:27','feescomponent',NULL,'Insert','feescomponent/feesComponent_action','1','122.163.15.67','Firefox','Windows 7'),('592','2019-02-26 07:46:27','feescomponent',NULL,'Insert','feescomponent/feesComponent_action','1','122.163.15.67','Firefox','Windows 7'),('593','2019-02-26 07:46:27','feescomponent',NULL,'Insert','feescomponent/feesComponent_action','1','122.163.15.67','Firefox','Windows 7'),('594','2019-02-26 07:46:27','feescomponent',NULL,'Insert','feescomponent/feesComponent_action','1','122.163.15.67','Firefox','Windows 7'),('595','2019-02-26 07:46:27','feescomponent',NULL,'Insert','feescomponent/feesComponent_action','1','122.163.15.67','Firefox','Windows 7'),('596','2019-02-26 07:48:17','feescomponent',NULL,'Update','feescomponent/feesComponent_action','1','122.163.15.67','Firefox','Windows 7'),('597','2019-02-26 07:48:17','feescomponent',NULL,'Insert','feescomponent/feesComponent_action','1','122.163.15.67','Firefox','Windows 7'),('598','2019-02-26 07:48:17','feescomponent',NULL,'Insert','feescomponent/feesComponent_action','1','122.163.15.67','Firefox','Windows 7'),('599','2019-02-26 07:48:17','feescomponent',NULL,'Insert','feescomponent/feesComponent_action','1','122.163.15.67','Firefox','Windows 7'),('600','2019-02-26 07:48:17','feescomponent',NULL,'Insert','feescomponent/feesComponent_action','1','122.163.15.67','Firefox','Windows 7'),('601','2019-02-26 07:48:18','feescomponent',NULL,'Insert','feescomponent/feesComponent_action','1','122.163.15.67','Firefox','Windows 7'),('602','2019-02-26 07:48:18','feescomponent',NULL,'Insert','feescomponent/feesComponent_action','1','122.163.15.67','Firefox','Windows 7'),('603','2019-02-26 07:48:18','feescomponent',NULL,'Insert','feescomponent/feesComponent_action','1','122.163.15.67','Firefox','Windows 7'),('604','2019-02-26 07:48:18','feescomponent',NULL,'Insert','feescomponent/feesComponent_action','1','122.163.15.67','Firefox','Windows 7'),('605','2019-02-26 07:48:18','feescomponent',NULL,'Insert','feescomponent/feesComponent_action','1','122.163.15.67','Firefox','Windows 7'),('606','2019-02-26 08:09:43','feescomponent',NULL,'Update','feescomponent/feesComponent_action','1','202.142.91.147','Firefox','Windows 10'),('607','2019-02-26 08:09:43','feescomponent',NULL,'Insert','feescomponent/feesComponent_action','1','202.142.91.147','Firefox','Windows 10'),('608','2019-02-26 08:09:43','feescomponent',NULL,'Insert','feescomponent/feesComponent_action','1','202.142.91.147','Firefox','Windows 10'),('609','2019-02-26 08:09:43','feescomponent',NULL,'Insert','feescomponent/feesComponent_action','1','202.142.91.147','Firefox','Windows 10'),('610','2019-02-26 08:09:43','feescomponent',NULL,'Insert','feescomponent/feesComponent_action','1','202.142.91.147','Firefox','Windows 10'),('611','2019-02-26 08:09:43','feescomponent',NULL,'Insert','feescomponent/feesComponent_action','1','202.142.91.147','Firefox','Windows 10'),('612','2019-02-26 08:09:43','feescomponent',NULL,'Insert','feescomponent/feesComponent_action','1','202.142.91.147','Firefox','Windows 10'),('613','2019-02-26 08:09:43','feescomponent',NULL,'Insert','feescomponent/feesComponent_action','1','202.142.91.147','Firefox','Windows 10'),('614','2019-02-26 08:09:43','feescomponent',NULL,'Insert','feescomponent/feesComponent_action','1','202.142.91.147','Firefox','Windows 10'),('615','2019-02-26 08:09:43','feescomponent',NULL,'Insert','feescomponent/feesComponent_action','1','202.142.91.147','Firefox','Windows 10'),('616','2019-02-26 08:09:43','feescomponent',NULL,'Insert','feescomponent/feesComponent_action','1','202.142.91.147','Firefox','Windows 10'),('617','2019-02-26 08:09:43','feescomponent',NULL,'Insert','feescomponent/feesComponent_action','1','202.142.91.147','Firefox','Windows 10'),('618','2019-02-26 08:09:43','feescomponent',NULL,'Insert','feescomponent/feesComponent_action','1','202.142.91.147','Firefox','Windows 10'),('619','2019-02-26 09:48:01','feescomponent',NULL,'Insert','feescomponent/feesComponent_action','1','122.163.15.67','Firefox','Windows 7'),('620','2019-02-26 09:48:01','feescomponent',NULL,'Insert','feescomponent/feesComponent_action','1','122.163.15.67','Firefox','Windows 7'),('621','2019-02-26 09:48:01','feescomponent',NULL,'Insert','feescomponent/feesComponent_action','1','122.163.15.67','Firefox','Windows 7'),('622','2019-02-26 09:48:01','feescomponent',NULL,'Insert','feescomponent/feesComponent_action','1','122.163.15.67','Firefox','Windows 7'),('623','2019-02-26 09:48:01','feescomponent',NULL,'Insert','feescomponent/feesComponent_action','1','122.163.15.67','Firefox','Windows 7'),('624','2019-02-26 09:48:01','feescomponent',NULL,'Insert','feescomponent/feesComponent_action','1','122.163.15.67','Firefox','Windows 7'),('625','2019-02-26 09:48:01','feescomponent',NULL,'Insert','feescomponent/feesComponent_action','1','122.163.15.67','Firefox','Windows 7'),('626','2019-02-26 09:48:01','feescomponent',NULL,'Insert','feescomponent/feesComponent_action','1','122.163.15.67','Firefox','Windows 7'),('627','2019-02-26 09:48:01','feescomponent',NULL,'Insert','feescomponent/feesComponent_action','1','122.163.15.67','Firefox','Windows 7'),('628','2019-02-26 09:48:01','feescomponent',NULL,'Insert','feescomponent/feesComponent_action','1','122.163.15.67','Firefox','Windows 7'),('629','2019-02-26 09:48:01','feescomponent',NULL,'Insert','feescomponent/feesComponent_action','1','122.163.15.67','Firefox','Windows 7'),('630','2019-02-26 09:48:01','feescomponent',NULL,'Insert','feescomponent/feesComponent_action','1','122.163.15.67','Firefox','Windows 7'),('631','2019-02-26 09:53:38','contra',NULL,'Insert','journal/insertUpdate','1','122.163.15.67','Firefox','Windows 7'),('632','2019-02-26 09:56:49','contra',NULL,'Update','journal/insertUpdate','1','122.163.15.67','Firefox','Windows 7'),('633','2019-02-27 06:15:21','vendor',NULL,'Insert','vendor/AddEditVendor','1','122.163.15.67','Firefox','Windows 7'),('634','2019-02-27 06:15:36','vendor',NULL,'Update','vendor/AddEditVendor','1','122.163.15.67','Firefox','Windows 7'),('635','2019-02-27 06:16:22','vendor',NULL,'Update','vendor/AddEditVendor','1','122.163.15.67','Firefox','Windows 7'),('636','2019-02-27 06:16:42','vendor',NULL,'Update','vendor/AddEditVendor','1','122.163.15.67','Firefox','Windows 7'),('637','2019-02-27 06:20:17','vendor',NULL,'Update','vendor/AddEditVendor','1','122.163.15.67','Firefox','Windows 7'),('638','2019-02-27 09:06:44','contra',NULL,'Update','journal/insertUpdate','1','202.142.91.147','Firefox','Windows 10'),('639','2019-02-27 09:07:06','contra',NULL,'Update','journal/insertUpdate','1','202.142.91.147','Firefox','Windows 10'),('640','2019-02-28 06:29:36','generalvoucher',NULL,'Insert','generalvoucher/saveVoucherData','1','202.142.91.147','Firefox','Windows 10'),('641','2019-03-01 05:44:26','contra',NULL,'Insert','journal/insertUpdate','1','122.163.15.67','Firefox','Windows 7'),('642','2019-03-01 05:58:42','generalvoucher',NULL,'Insert','generalvoucher/saveVoucherData','1','122.163.15.67','Firefox','Windows 7'),('643','2019-03-02 05:27:06','contra',NULL,'Insert','contra/insertUpdate','1','122.163.15.67','Firefox','Windows 7'),('644','2019-03-02 07:41:53','contra',NULL,'Delete','contra/deleteContraVoucher','1','122.163.15.67','Firefox','Windows 7'),('645','2019-03-04 09:26:25','feescomponent',NULL,'Update','feescomponent/feesComponent_action','1','122.163.15.67','Chrome','Windows 10'),('646','2019-03-04 09:26:26','feescomponent',NULL,'Insert','feescomponent/feesComponent_action','1','122.163.15.67','Chrome','Windows 10'),('647','2019-03-04 09:27:11','feescomponent',NULL,'Update','feescomponent/feesComponent_action','1','122.163.15.67','Chrome','Windows 10'),('648','2019-03-04 09:27:11','feescomponent',NULL,'Insert','feescomponent/feesComponent_action','1','122.163.15.67','Chrome','Windows 10'),('649','2019-03-04 09:28:22','feesstructure',NULL,'Insert','feesstructure/feesStructure_action','1','122.163.15.67','Chrome','Windows 10'),('650','2019-03-04 09:29:03','feesstructure',NULL,'Update','feesstructure/feesStructure_action','1','122.163.15.67','Chrome','Windows 10'),('651','2019-03-04 09:29:34','feesstructure',NULL,'Insert','feesstructure/feesStructure_action','1','122.163.15.67','Chrome','Windows 10'),('652','2019-03-04 09:34:52','feesstructure',NULL,'Insert','feesstructure/feesStructure_action','1','122.163.15.67','Chrome','Windows 10'),('653','2019-03-04 09:35:05','feesstructure',NULL,'Insert','feesstructure/feesStructure_action','1','122.163.15.67','Chrome','Windows 10'),('654','2019-03-04 09:35:05','feesstructure',NULL,'Insert','feesstructure/feesStructure_action','1','122.163.15.67','Chrome','Windows 10'),('655','2019-03-06 04:54:15','feesstructure',NULL,'Insert','feesstructure/feesStructure_action','1','122.163.15.67','Firefox','Windows 7'),('656','2019-03-06 04:54:40','feesstructure',NULL,'Insert','feesstructure/feesStructure_action','1','122.163.15.67','Firefox','Windows 7'),('657','2019-03-06 04:55:11','feesstructure',NULL,'Insert','feesstructure/feesStructure_action','1','122.163.15.67','Firefox','Windows 7'),('658','2019-03-06 04:55:34','feesstructure',NULL,'Insert','feesstructure/feesStructure_action','1','122.163.15.67','Firefox','Windows 7'),('659','2019-03-06 04:55:59','feesstructure',NULL,'Insert','feesstructure/feesStructure_action','1','122.163.15.67','Firefox','Windows 7'),('660','2019-03-06 04:56:21','feesstructure',NULL,'Insert','feesstructure/feesStructure_action','1','122.163.15.67','Firefox','Windows 7'),('661','2019-03-06 04:58:11','feesstructure',NULL,'Insert','feesstructure/feesStructure_action','1','122.163.15.67','Firefox','Windows 7'),('662','2019-03-06 04:58:33','feesstructure',NULL,'Insert','feesstructure/feesStructure_action','1','122.163.15.67','Firefox','Windows 7'),('663','2019-03-06 04:58:56','feesstructure',NULL,'Insert','feesstructure/feesStructure_action','1','122.163.15.67','Firefox','Windows 7'),('664','2019-03-06 04:59:18','feesstructure',NULL,'Insert','feesstructure/feesStructure_action','1','122.163.15.67','Firefox','Windows 7'),('665','2019-03-06 04:59:39','feesstructure',NULL,'Insert','feesstructure/feesStructure_action','1','122.163.15.67','Firefox','Windows 7'),('666','2019-03-06 04:59:57','feesstructure',NULL,'Insert','feesstructure/feesStructure_action','1','122.163.15.67','Firefox','Windows 7'),('667','2019-03-06 05:00:28','feesstructure',NULL,'Insert','feesstructure/feesStructure_action','1','122.163.15.67','Firefox','Windows 7'),('668','2019-03-06 05:01:02','feesstructure',NULL,'Insert','feesstructure/feesStructure_action','1','122.163.15.67','Firefox','Windows 7'),('669','2019-03-06 05:01:29','feesstructure',NULL,'Insert','feesstructure/feesStructure_action','1','122.163.15.67','Firefox','Windows 7'),('670','2019-03-06 05:01:51','feesstructure',NULL,'Insert','feesstructure/feesStructure_action','1','122.163.15.67','Firefox','Windows 7'),('671','2019-03-06 05:02:15','feesstructure',NULL,'Insert','feesstructure/feesStructure_action','1','122.163.15.67','Firefox','Windows 7'),('672','2019-03-06 05:02:31','feesstructure',NULL,'Insert','feesstructure/feesStructure_action','1','122.163.15.67','Firefox','Windows 7'),('673','2019-03-06 05:02:59','feesstructure',NULL,'Insert','feesstructure/feesStructure_action','1','122.163.15.67','Firefox','Windows 7'),('674','2019-03-06 05:03:49','feesstructure',NULL,'Insert','feesstructure/feesStructure_action','1','122.163.15.67','Firefox','Windows 7'),('675','2019-03-06 00:00:00','Registration',NULL,'Insert','student/saveStudent','1','122.163.15.67','Firefox','Windows 7'),('676','2019-03-06 00:00:00','Registration',NULL,'Insert','student/saveStudent','1','122.163.15.67','Firefox','Windows 7'),('677','2019-03-06 00:00:00','Registration',NULL,'Update','student/saveStudent','1','122.163.15.67','Firefox','Windows 7'),('678','2019-03-06 00:00:00','Registration',NULL,'Insert','student/saveStudent','1','122.163.15.67','Firefox','Windows 7'),('679','2019-03-06 11:29:30','caste',NULL,'Insert','caste/caste_action','1','202.142.91.147','Firefox','Windows 10'),('680','2019-03-06 11:29:30','caste',NULL,'Insert','caste/caste_action','1','202.142.91.147','Firefox','Windows 10'),('681','2019-03-08 07:22:06','journal',NULL,'Delete','journal/deleteVoucher','1','122.163.15.67','Firefox','Windows 7'),('682','2019-03-08 07:26:09','journal',NULL,'Delete','journal/deleteVoucher','1','122.163.15.67','Firefox','Windows 7'),('683','2019-03-08 07:27:02','generalvoucher',NULL,'Delete','generalvoucher/deleteVoucher','1','122.163.15.67','Firefox','Windows 7'),('684','2019-03-08 07:43:47','caste',NULL,'Insert','caste/caste_action','1','122.163.15.67','Firefox','Windows 7'),('685','2019-03-08 07:43:47','caste',NULL,'Insert','caste/caste_action','1','122.163.15.67','Firefox','Windows 7'),('686','2019-03-08 07:47:39','caste',NULL,'Insert','caste/caste_action','1','122.163.15.67','Firefox','Windows 7'),('687','2019-03-08 07:47:39','caste',NULL,'Insert','caste/caste_action','1','122.163.15.67','Firefox','Windows 7'),('688','2019-03-08 07:51:08','caste',NULL,'Insert','caste/caste_action','1','122.163.15.67','Firefox','Windows 7'),('689','2019-03-08 07:51:08','caste',NULL,'Insert','caste/caste_action','1','122.163.15.67','Firefox','Windows 7'),('690','2019-03-08 07:56:03','caste',NULL,'Insert','caste/caste_action','1','122.163.15.67','Firefox','Windows 7'),('691','2019-03-08 07:56:03','caste',NULL,'Insert','caste/caste_action','1','122.163.15.67','Firefox','Windows 7'),('692','2019-03-08 08:04:13','caste',NULL,'Insert','caste/caste_action','1','202.142.91.147','Firefox','Windows 10'),('693','2019-03-08 08:04:13','caste',NULL,'Insert','caste/caste_action','1','202.142.91.147','Firefox','Windows 10'),('694','2019-03-08 08:34:34','caste',NULL,'Insert','caste/caste_action','1','122.163.15.67','Firefox','Windows 7'),('695','2019-03-08 08:34:34','caste',NULL,'Insert','caste/caste_action','1','122.163.15.67','Firefox','Windows 7'),('696','2019-03-08 10:16:12','contra',NULL,'Insert','contra/insertUpdate','1','202.142.91.147','Firefox','Windows 10'),('697','2019-03-08 10:16:23','contra',NULL,'Delete','contra/deleteContraVoucher','1','202.142.91.147','Firefox','Windows 10'),('698','2019-03-08 10:17:47','generalvoucher',NULL,'Insert','generalvoucher/saveVoucherData','1','202.142.91.147','Firefox','Windows 10'),('699','2019-03-08 10:17:53','generalvoucher',NULL,'Delete','generalvoucher/deleteVoucher','1','202.142.91.147','Firefox','Windows 10'),('700','2019-03-08 10:23:28','Feespayment',NULL,'Insert','Feespayment/updatePaymentMaster','1','202.142.91.147','Firefox','Windows 10'),('701','2019-03-08 10:24:47','caste',NULL,'Update','Feespayment/payment_action','1','202.142.91.147','Firefox','Windows 10'),('702','2019-03-08 10:24:57','caste',NULL,'Update','Feespayment/payment_action','1','202.142.91.147','Firefox','Windows 10'),('703','2019-03-08 10:33:29','caste',NULL,'Insert','caste/caste_action','1','202.142.91.147','Firefox','Windows 10'),('704','2019-03-08 10:33:29','caste',NULL,'Insert','caste/caste_action','1','202.142.91.147','Firefox','Windows 10'),('705','2019-03-08 10:33:59','Feespayment',NULL,'Insert','Feespayment/updatePaymentMaster','1','202.142.91.147','Firefox','Windows 10'),('706','2019-03-08 10:34:44','caste',NULL,'Update','Feespayment/payment_action','1','202.142.91.147','Firefox','Windows 10'),('707','2019-03-08 10:34:44','Feespayment',NULL,'Insert','Feespayment/payment_action','1','202.142.91.147','Firefox','Windows 10'),('708','2019-03-08 10:34:44','Feespayment',NULL,'Insert','Feespayment/payment_action','1','202.142.91.147','Firefox','Windows 10'),('709','2019-03-08 10:35:12','caste',NULL,'Update','Feespayment/payment_action','1','202.142.91.147','Firefox','Windows 10'),('710','2019-03-08 10:35:13','Feespayment',NULL,'Insert','Feespayment/payment_action','1','202.142.91.147','Firefox','Windows 10'),('711','2019-03-08 10:35:13','Feespayment',NULL,'Insert','Feespayment/payment_action','1','202.142.91.147','Firefox','Windows 10'),('712','2019-03-08 10:36:09','Feespayment',NULL,'Insert','Feespayment/updatePaymentMaster','1','202.142.91.147','Firefox','Windows 10'),('713','2019-03-08 10:38:35','caste',NULL,'Update','Feespayment/payment_action','1','202.142.91.147','Firefox','Windows 10'),('714','2019-03-08 10:38:35','Feespayment',NULL,'Insert','Feespayment/payment_action','1','202.142.91.147','Firefox','Windows 10'),('715','2019-03-08 10:38:35','Feespayment',NULL,'Insert','Feespayment/payment_action','1','202.142.91.147','Firefox','Windows 10'),('716','2019-03-08 10:55:30','Feespayment',NULL,'Insert','Feespayment/updatePaymentMaster','1','202.142.91.147','Firefox','Windows 10'),('717','2019-03-08 11:20:35','Feespayment',NULL,'Insert','Feespayment/updatePaymentMaster','1','202.142.91.147','Firefox','Windows 10'),('718','2019-03-08 11:22:54','caste',NULL,'Update','Feespayment/payment_action','1','202.142.91.147','Firefox','Windows 10'),('719','2019-03-08 11:22:54','Feespayment',NULL,'Insert','Feespayment/payment_action','1','202.142.91.147','Firefox','Windows 10'),('720','2019-03-08 11:22:54','Feespayment',NULL,'Insert','Feespayment/payment_action','1','202.142.91.147','Firefox','Windows 10'),('721','2019-03-08 11:30:47','contra',NULL,'Update','journal/insertUpdate','1','202.142.91.147','Firefox','Windows 10'),('722','2019-03-08 11:34:57','caste',NULL,'Insert','caste/caste_action','1','122.163.15.67','Firefox','Windows 7'),('723','2019-03-08 11:34:57','caste',NULL,'Insert','caste/caste_action','1','122.163.15.67','Firefox','Windows 7'),('724','2019-03-09 00:00:00','Registration',NULL,'Insert','student/saveStudent','1','122.163.15.67','Firefox','Windows 7'),('725','2019-03-11 00:00:00','Registration',NULL,'Insert','student/saveStudent','1','122.163.15.67','Firefox','Windows 7'),('726','2019-03-11 06:15:02','Feespayment',NULL,'Insert','Feespayment/updatePaymentMaster','1','202.142.91.147','Firefox','Windows 10'),('727','2019-03-11 06:16:47','caste',NULL,'Update','Feespayment/payment_action','1','202.142.91.147','Firefox','Windows 10'),('728','2019-03-11 06:16:47','Feespayment',NULL,'Insert','Feespayment/payment_action','1','202.142.91.147','Firefox','Windows 10'),('729','2019-03-11 06:16:47','Feespayment',NULL,'Insert','Feespayment/payment_action','1','202.142.91.147','Firefox','Windows 10'),('730','2019-03-11 06:49:00','feespayment',NULL,'Insert','feespayment/duePayment_action','1','122.163.15.67','Firefox','Windows 7'),('731','2019-03-11 00:00:00','Registration',NULL,'Update','student/saveStudent','1','122.163.15.67','Firefox','Windows 7'),('732','2019-03-11 00:00:00','Registration',NULL,'Update','student/saveStudent','1','122.163.15.67','Firefox','Windows 7'),('733','2019-03-11 00:00:00','Registration',NULL,'Update','student/saveStudent','1','122.163.15.67','Firefox','Windows 7'),('734','2019-03-11 00:00:00','Registration',NULL,'Update','student/saveStudent','1','122.163.15.67','Firefox','Windows 7'),('735','2019-03-12 00:00:00','Registration',NULL,'Update','student/saveStudent','1','122.163.15.67','Firefox','Windows 7'),('736','2019-03-12 04:54:50','caste',NULL,'Insert','caste/caste_action','1','122.163.15.67','Firefox','Windows 7'),('737','2019-03-12 04:54:50','caste',NULL,'Insert','caste/caste_action','1','122.163.15.67','Firefox','Windows 7'),('738','2019-03-12 06:12:30','feesstructure',NULL,'Insert','feesstructure/feesStructure_action','1','122.163.15.67','Firefox','Windows 7'),('739','2019-03-12 06:12:51','feesstructure',NULL,'Insert','feesstructure/feesStructure_action','1','122.163.15.67','Firefox','Windows 7'),('740','2019-03-12 00:00:00','Registration',NULL,'Update','student/saveStudent','1','122.163.15.67','Firefox','Windows 7'),('741','2019-03-12 00:00:00','Registration',NULL,'Update','student/saveStudent','1','122.163.15.67','Firefox','Windows 7'),('742','2019-03-12 00:00:00','Registration',NULL,'Insert','student/saveStudent','1','122.163.15.67','Firefox','Windows 7'),('743','2019-03-12 08:38:26','caste',NULL,'Insert','caste/caste_action','1','202.142.91.147','Firefox','Windows 10'),('744','2019-03-12 08:38:26','caste',NULL,'Insert','caste/caste_action','1','202.142.91.147','Firefox','Windows 10'),('745','2019-03-12 09:05:40','Feespayment',NULL,'Insert','Feespayment/updatePaymentMaster','1','202.142.91.147','Firefox','Windows 10'),('746','2019-03-12 09:10:13','Feespayment',NULL,'Insert','Feespayment/updatePaymentMaster','1','202.142.91.147','Firefox','Windows 10'),('747','2019-03-12 09:13:52','Feespayment',NULL,'Insert','Feespayment/updatePaymentMaster','1','202.142.91.147','Firefox','Windows 10'),('748','2019-03-12 09:20:04','Feespayment',NULL,'Insert','Feespayment/updatePaymentMaster','1','202.142.91.147','Firefox','Windows 10'),('749','2019-03-12 09:20:37','Feespayment',NULL,'Insert','Feespayment/updatePaymentMaster','1','202.142.91.147','Firefox','Windows 10'),('750','2019-03-12 09:21:33','Feespayment',NULL,'Insert','Feespayment/updatePaymentMaster','1','202.142.91.147','Firefox','Windows 10'),('751','2019-03-12 09:22:32','Feespayment',NULL,'Insert','Feespayment/updatePaymentMaster','1','202.142.91.147','Firefox','Windows 10'),('752','2019-03-12 09:49:27','caste',NULL,'Insert','caste/caste_action','1','122.163.15.67','Firefox','Windows 7'),('753','2019-03-12 09:49:27','caste',NULL,'Insert','caste/caste_action','1','122.163.15.67','Firefox','Windows 7'),('754','2019-03-12 09:51:15','feespayment',NULL,'Update','feespayment/duePayment_action','1','202.142.91.147','Firefox','Windows 10'),('755','2019-03-12 09:52:07','feespayment',NULL,'Insert','feespayment/duePayment_action','1','122.163.15.67','Firefox','Windows 7'),('756','2019-03-12 09:57:05','caste',NULL,'Insert','caste/caste_action','1','122.163.15.67','Firefox','Windows 7'),('757','2019-03-12 09:57:05','caste',NULL,'Insert','caste/caste_action','1','122.163.15.67','Firefox','Windows 7'),('758','2019-03-12 09:58:57','feespayment',NULL,'Insert','feespayment/duePayment_action','1','122.163.15.67','Firefox','Windows 7'),('759','2019-03-12 10:03:21','caste',NULL,'Insert','caste/caste_action','1','122.163.15.67','Firefox','Windows 7'),('760','2019-03-12 10:03:21','caste',NULL,'Insert','caste/caste_action','1','122.163.15.67','Firefox','Windows 7'),('761','2019-03-12 10:09:58','caste',NULL,'Insert','caste/caste_action','1','122.163.15.67','Firefox','Windows 7'),('762','2019-03-12 10:09:58','caste',NULL,'Insert','caste/caste_action','1','122.163.15.67','Firefox','Windows 7'),('763','2019-03-12 10:13:21','caste',NULL,'Insert','caste/caste_action','1','122.163.15.67','Firefox','Windows 7'),('764','2019-03-12 10:13:21','caste',NULL,'Insert','caste/caste_action','1','122.163.15.67','Firefox','Windows 7'),('765','2019-03-12 10:15:04','feespayment',NULL,'Insert','feespayment/duePayment_action','1','122.163.15.67','Firefox','Windows 7'),('766','2019-03-12 10:21:33','caste',NULL,'Insert','caste/caste_action','1','122.163.15.67','Firefox','Windows 7'),('767','2019-03-12 10:21:33','caste',NULL,'Insert','caste/caste_action','1','122.163.15.67','Firefox','Windows 7'),('768','2019-03-12 10:23:17','feespayment',NULL,'Insert','feespayment/duePayment_action','1','122.163.15.67','Firefox','Windows 7'),('769','2019-03-12 10:26:59','caste',NULL,'Insert','caste/caste_action','1','122.163.15.67','Firefox','Windows 7'),('770','2019-03-12 10:26:59','caste',NULL,'Insert','caste/caste_action','1','122.163.15.67','Firefox','Windows 7'),('771','2019-03-12 10:31:09','caste',NULL,'Insert','caste/caste_action','1','122.163.15.67','Firefox','Windows 7'),('772','2019-03-12 10:31:09','caste',NULL,'Insert','caste/caste_action','1','122.163.15.67','Firefox','Windows 7'),('773','2019-03-12 10:43:08','caste',NULL,'Insert','caste/caste_action','1','122.163.15.67','Firefox','Windows 7'),('774','2019-03-12 10:43:08','caste',NULL,'Insert','caste/caste_action','1','122.163.15.67','Firefox','Windows 7'),('775','2019-03-12 10:43:11','caste',NULL,'Insert','caste/caste_action','1','122.163.15.67','Firefox','Windows 7'),('776','2019-03-12 10:43:11','caste',NULL,'Insert','caste/caste_action','1','122.163.15.67','Firefox','Windows 7'),('777','2019-03-12 11:14:58','caste',NULL,'Insert','caste/caste_action','1','122.163.15.67','Firefox','Windows 7'),('778','2019-03-12 11:14:58','caste',NULL,'Insert','caste/caste_action','1','122.163.15.67','Firefox','Windows 7'),('779','2019-03-12 11:19:07','caste',NULL,'Insert','caste/caste_action','1','122.163.15.67','Firefox','Windows 7'),('780','2019-03-12 11:19:07','caste',NULL,'Insert','caste/caste_action','1','122.163.15.67','Firefox','Windows 7'),('781','2019-03-12 11:21:51','caste',NULL,'Insert','caste/caste_action','1','122.163.15.67','Firefox','Windows 7'),('782','2019-03-12 11:21:51','caste',NULL,'Insert','caste/caste_action','1','122.163.15.67','Firefox','Windows 7'),('783','2019-03-12 11:24:55','caste',NULL,'Insert','caste/caste_action','1','122.163.15.67','Firefox','Windows 7'),('784','2019-03-12 11:24:55','caste',NULL,'Insert','caste/caste_action','1','122.163.15.67','Firefox','Windows 7'),('785','2019-03-12 11:29:32','Feespayment',NULL,'Insert','Feespayment/updatePaymentMaster','1','122.163.15.67','Firefox','Windows 7'),('786','2019-03-13 06:44:04','caste',NULL,'Insert','caste/caste_action','1','122.163.15.67','Firefox','Windows 7'),('787','2019-03-13 06:44:04','caste',NULL,'Insert','caste/caste_action','1','122.163.15.67','Firefox','Windows 7'),('788','2019-03-13 06:44:04','caste',NULL,'Insert','caste/caste_action','1','122.163.15.67','Firefox','Windows 7'),('789','2019-03-13 06:44:04','caste',NULL,'Insert','caste/caste_action','1','122.163.15.67','Firefox','Windows 7'),('790','2019-03-13 06:45:31','caste',NULL,'Insert','caste/caste_action','1','122.163.15.67','Firefox','Windows 7'),('791','2019-03-13 06:45:31','caste',NULL,'Insert','caste/caste_action','1','122.163.15.67','Firefox','Windows 7'),('792','2019-03-13 06:45:31','caste',NULL,'Insert','caste/caste_action','1','122.163.15.67','Firefox','Windows 7'),('793','2019-03-13 06:45:31','caste',NULL,'Insert','caste/caste_action','1','122.163.15.67','Firefox','Windows 7'),('794','2019-03-13 06:49:26','caste',NULL,'Insert','caste/caste_action','1','122.163.15.67','Firefox','Windows 7'),('795','2019-03-13 06:49:26','caste',NULL,'Insert','caste/caste_action','1','122.163.15.67','Firefox','Windows 7'),('796','2019-03-13 06:49:26','caste',NULL,'Insert','caste/caste_action','1','122.163.15.67','Firefox','Windows 7'),('797','2019-03-13 06:49:26','caste',NULL,'Insert','caste/caste_action','1','122.163.15.67','Firefox','Windows 7'),('798','2019-03-13 06:52:03','caste',NULL,'Insert','caste/caste_action','1','122.163.15.67','Firefox','Windows 7'),('799','2019-03-13 06:52:04','caste',NULL,'Insert','caste/caste_action','1','122.163.15.67','Firefox','Windows 7'),('800','2019-03-13 06:52:04','caste',NULL,'Insert','caste/caste_action','1','122.163.15.67','Firefox','Windows 7'),('801','2019-03-13 06:52:04','caste',NULL,'Insert','caste/caste_action','1','122.163.15.67','Firefox','Windows 7'),('802','2019-03-13 06:54:10','caste',NULL,'Insert','caste/caste_action','1','122.163.15.67','Firefox','Windows 7'),('803','2019-03-13 06:54:10','caste',NULL,'Insert','caste/caste_action','1','122.163.15.67','Firefox','Windows 7'),('804','2019-03-13 06:54:10','caste',NULL,'Insert','caste/caste_action','1','122.163.15.67','Firefox','Windows 7'),('805','2019-03-13 06:54:10','caste',NULL,'Insert','caste/caste_action','1','122.163.15.67','Firefox','Windows 7'),('806','2019-03-13 06:55:54','caste',NULL,'Insert','caste/caste_action','1','122.163.15.67','Firefox','Windows 7'),('807','2019-03-13 06:55:55','caste',NULL,'Insert','caste/caste_action','1','122.163.15.67','Firefox','Windows 7'),('808','2019-03-13 06:55:55','caste',NULL,'Insert','caste/caste_action','1','122.163.15.67','Firefox','Windows 7'),('809','2019-03-13 06:55:55','caste',NULL,'Insert','caste/caste_action','1','122.163.15.67','Firefox','Windows 7'),('810','2019-03-13 06:57:38','caste',NULL,'Insert','caste/caste_action','1','122.163.15.67','Firefox','Windows 7'),('811','2019-03-13 06:57:38','caste',NULL,'Insert','caste/caste_action','1','122.163.15.67','Firefox','Windows 7'),('812','2019-03-13 06:57:38','caste',NULL,'Insert','caste/caste_action','1','122.163.15.67','Firefox','Windows 7'),('813','2019-03-13 06:57:38','caste',NULL,'Insert','caste/caste_action','1','122.163.15.67','Firefox','Windows 7'),('814','2019-03-13 06:59:14','caste',NULL,'Insert','caste/caste_action','1','122.163.15.67','Firefox','Windows 7'),('815','2019-03-13 06:59:14','caste',NULL,'Insert','caste/caste_action','1','122.163.15.67','Firefox','Windows 7'),('816','2019-03-13 06:59:14','caste',NULL,'Insert','caste/caste_action','1','122.163.15.67','Firefox','Windows 7'),('817','2019-03-13 06:59:14','caste',NULL,'Insert','caste/caste_action','1','122.163.15.67','Firefox','Windows 7'),('818','2019-03-13 07:27:45','caste',NULL,'Insert','caste/caste_action','1','122.163.15.67','Firefox','Windows 7'),('819','2019-03-13 07:27:45','caste',NULL,'Insert','caste/caste_action','1','122.163.15.67','Firefox','Windows 7'),('820','2019-03-13 07:36:22','account',NULL,'Update','account/accountAddEdit','1','122.163.15.67','Firefox','Windows 7'),('821','2019-03-13 09:11:43','account',NULL,'Insert','account/accountAddEdit','1','122.163.15.67','Firefox','Windows 7'),('822','2019-03-13 09:40:23','feescomponent',NULL,'Insert','feescomponent/feesComponent_action','1','122.163.15.67','Firefox','Windows 7'),('823','2019-03-13 10:17:09','generalvoucher',NULL,'Insert','generalvoucher/saveVoucherData','1','122.163.15.67','Firefox','Windows 7'),('824','2019-03-14 07:25:10','caste',NULL,'Insert','caste/caste_action','1','122.163.70.11','Firefox','Windows 7'),('825','2019-03-14 07:25:10','caste',NULL,'Insert','caste/caste_action','1','122.163.70.11','Firefox','Windows 7'),('826','2019-03-14 00:00:00','Registration',NULL,'Update','student/saveStudent','1','122.163.70.11','Firefox','Windows 7'),('827','2019-03-14 00:00:00','Registration',NULL,'Update','student/saveStudent','1','122.163.70.11','Firefox','Windows 7'),('828','2019-03-14 00:00:00','Registration',NULL,'Update','student/saveStudent','1','122.163.70.11','Firefox','Windows 7'),('829','2019-03-14 08:44:41','caste',NULL,'Insert','caste/caste_action','1','122.163.70.11','Firefox','Windows 7'),('830','2019-03-14 08:44:41','caste',NULL,'Insert','caste/caste_action','1','122.163.70.11','Firefox','Windows 7'),('831','2019-03-14 08:48:24','caste',NULL,'Insert','caste/caste_action','1','122.163.70.11','Firefox','Windows 7'),('832','2019-03-14 08:48:24','caste',NULL,'Insert','caste/caste_action','1','122.163.70.11','Firefox','Windows 7'),('833','2019-03-14 08:52:10','feespayment',NULL,'Insert','feespayment/duePayment_action','1','122.163.70.11','Firefox','Windows 7'),('834','2019-03-14 11:10:30','caste',NULL,'Insert','caste/caste_action','1','122.163.70.11','Firefox','Windows 7'),('835','2019-03-14 11:10:30','caste',NULL,'Insert','caste/caste_action','1','122.163.70.11','Firefox','Windows 7'),('836','2019-03-14 11:13:15','caste',NULL,'Insert','caste/caste_action','1','122.163.70.11','Firefox','Windows 7'),('837','2019-03-14 11:13:15','caste',NULL,'Insert','caste/caste_action','1','122.163.70.11','Firefox','Windows 7'),('838','2019-03-14 11:15:41','caste',NULL,'Insert','caste/caste_action','1','122.163.70.11','Firefox','Windows 7'),('839','2019-03-14 11:15:41','caste',NULL,'Insert','caste/caste_action','1','122.163.70.11','Firefox','Windows 7'),('840','2019-03-14 11:18:46','caste',NULL,'Insert','caste/caste_action','1','122.163.70.11','Firefox','Windows 7'),('841','2019-03-14 11:18:46','caste',NULL,'Insert','caste/caste_action','1','122.163.70.11','Firefox','Windows 7'),('842','2019-03-14 11:26:43','caste',NULL,'Insert','caste/caste_action','1','122.163.70.11','Firefox','Windows 7'),('843','2019-03-14 11:26:43','caste',NULL,'Insert','caste/caste_action','1','122.163.70.11','Firefox','Windows 7'),('844','2019-03-14 11:30:28','caste',NULL,'Insert','caste/caste_action','1','122.163.70.11','Firefox','Windows 7'),('845','2019-03-14 11:30:28','caste',NULL,'Insert','caste/caste_action','1','122.163.70.11','Firefox','Windows 7'),('846','2019-03-14 11:37:59','caste',NULL,'Insert','caste/caste_action','1','122.163.70.11','Firefox','Windows 7'),('847','2019-03-14 11:37:59','caste',NULL,'Insert','caste/caste_action','1','122.163.70.11','Firefox','Windows 7'),('848','2019-03-14 11:44:22','caste',NULL,'Insert','caste/caste_action','1','122.163.70.11','Firefox','Windows 7'),('849','2019-03-14 11:44:22','caste',NULL,'Insert','caste/caste_action','1','122.163.70.11','Firefox','Windows 7'),('850','2019-03-15 06:05:09','caste',NULL,'Insert','caste/caste_action','1','122.163.70.11','Firefox','Windows 7'),('851','2019-03-15 06:05:09','caste',NULL,'Insert','caste/caste_action','1','122.163.70.11','Firefox','Windows 7'),('852','2019-03-15 06:07:37','caste',NULL,'Insert','caste/caste_action','1','122.163.70.11','Firefox','Windows 7'),('853','2019-03-15 06:07:37','caste',NULL,'Insert','caste/caste_action','1','122.163.70.11','Firefox','Windows 7'),('854','2019-03-15 06:16:29','caste',NULL,'Insert','caste/caste_action','1','122.163.70.11','Firefox','Windows 7'),('855','2019-03-15 06:16:29','caste',NULL,'Insert','caste/caste_action','1','122.163.70.11','Firefox','Windows 7'),('856','2019-03-15 06:16:33','caste',NULL,'Insert','caste/caste_action','1','122.163.70.11','Firefox','Windows 7'),('857','2019-03-15 06:16:33','caste',NULL,'Insert','caste/caste_action','1','122.163.70.11','Firefox','Windows 7'),('858','2019-03-15 06:19:03','Feespayment',NULL,'Insert','Feespayment/updatePaymentMaster','1','122.163.70.11','Firefox','Windows 7'),('859','2019-03-15 06:19:21','Feespayment',NULL,'Insert','Feespayment/updatePaymentMaster','1','122.163.70.11','Firefox','Windows 7'),('860','2019-03-15 06:28:48','caste',NULL,'Insert','caste/caste_action','1','122.163.70.11','Firefox','Windows 7'),('861','2019-03-15 06:28:48','caste',NULL,'Insert','caste/caste_action','1','122.163.70.11','Firefox','Windows 7'),('862','2019-03-15 06:31:22','caste',NULL,'Insert','caste/caste_action','1','122.163.70.11','Firefox','Windows 7'),('863','2019-03-15 06:31:22','caste',NULL,'Insert','caste/caste_action','1','122.163.70.11','Firefox','Windows 7'),('864','2019-03-15 06:31:24','caste',NULL,'Insert','caste/caste_action','1','122.163.70.11','Firefox','Windows 7'),('865','2019-03-15 06:31:24','caste',NULL,'Insert','caste/caste_action','1','122.163.70.11','Firefox','Windows 7'),('866','2019-03-15 00:00:00','Registration',NULL,'Insert','student/saveStudent','1','122.163.70.11','Firefox','Windows 7'),('867','2019-03-15 00:00:00','Registration',NULL,'Update','student/saveStudent','1','122.163.70.11','Firefox','Windows 7'),('868','2019-03-15 00:00:00','Registration',NULL,'Update','student/saveStudent','1','122.163.70.11','Firefox','Windows 7'),('869','2019-03-15 11:11:01','caste',NULL,'Insert','caste/caste_action','1','122.163.70.11','Firefox','Windows 7'),('870','2019-03-15 11:11:01','caste',NULL,'Insert','caste/caste_action','1','122.163.70.11','Firefox','Windows 7'),('871','2019-03-15 11:12:56','feespayment',NULL,'Insert','feespayment/duePayment_action','1','122.163.70.11','Firefox','Windows 7'),('872','2019-03-15 11:12:58','feespayment',NULL,'Insert','feespayment/duePayment_action','1','122.163.70.11','Firefox','Windows 7'),('873','2019-03-16 06:24:17','caste',NULL,'Insert','caste/caste_action','1','122.163.70.11','Firefox','Windows 7'),('874','2019-03-16 06:24:17','caste',NULL,'Insert','caste/caste_action','1','122.163.70.11','Firefox','Windows 7'),('875','2019-03-16 06:24:20','caste',NULL,'Insert','caste/caste_action','1','122.163.70.11','Firefox','Windows 7'),('876','2019-03-16 06:24:20','caste',NULL,'Insert','caste/caste_action','1','122.163.70.11','Firefox','Windows 7'),('877','2019-03-16 06:27:41','caste',NULL,'Insert','caste/caste_action','1','122.163.70.11','Firefox','Windows 7'),('878','2019-03-16 06:27:41','caste',NULL,'Insert','caste/caste_action','1','122.163.70.11','Firefox','Windows 7'),('879','2019-03-16 06:31:44','caste',NULL,'Insert','caste/caste_action','1','122.163.70.11','Firefox','Windows 7'),('880','2019-03-16 06:31:44','caste',NULL,'Insert','caste/caste_action','1','122.163.70.11','Firefox','Windows 7'),('881','2019-03-16 06:36:59','caste',NULL,'Insert','caste/caste_action','1','122.163.70.11','Firefox','Windows 7'),('882','2019-03-16 06:36:59','caste',NULL,'Insert','caste/caste_action','1','122.163.70.11','Firefox','Windows 7'),('883','2019-03-16 06:40:37','caste',NULL,'Insert','caste/caste_action','1','122.163.70.11','Firefox','Windows 7'),('884','2019-03-16 06:40:37','caste',NULL,'Insert','caste/caste_action','1','122.163.70.11','Firefox','Windows 7'),('885','2019-03-16 06:44:23','caste',NULL,'Insert','caste/caste_action','1','122.163.70.11','Firefox','Windows 7'),('886','2019-03-16 06:44:23','caste',NULL,'Insert','caste/caste_action','1','122.163.70.11','Firefox','Windows 7'),('887','2019-03-16 06:46:49','caste',NULL,'Insert','caste/caste_action','1','122.163.70.11','Firefox','Windows 7'),('888','2019-03-16 06:46:49','caste',NULL,'Insert','caste/caste_action','1','122.163.70.11','Firefox','Windows 7'),('889','2019-03-16 06:48:53','caste',NULL,'Insert','caste/caste_action','1','122.163.70.11','Firefox','Windows 7'),('890','2019-03-16 06:48:53','caste',NULL,'Insert','caste/caste_action','1','122.163.70.11','Firefox','Windows 7'),('891','2019-03-16 06:53:43','caste',NULL,'Insert','caste/caste_action','1','122.163.70.11','Firefox','Windows 7'),('892','2019-03-16 06:53:43','caste',NULL,'Insert','caste/caste_action','1','122.163.70.11','Firefox','Windows 7'),('893','2019-03-16 07:35:19','caste',NULL,'Insert','caste/caste_action','1','122.163.70.11','Firefox','Windows 7'),('894','2019-03-16 07:35:19','caste',NULL,'Insert','caste/caste_action','1','122.163.70.11','Firefox','Windows 7'),('895','2019-03-16 07:36:31','Feespayment',NULL,'Insert','Feespayment/updatePaymentMaster','1','122.163.70.11','Firefox','Windows 7'),('896','2019-03-16 08:22:06','journal',NULL,'Delete','journal/deleteVoucher','1','122.163.70.11','Firefox','Windows 7'),('897','2019-03-16 08:25:05','Feespayment',NULL,'Insert','Feespayment/updatePaymentMaster','1','122.163.70.11','Firefox','Windows 7'),('898','2019-03-18 08:05:42','Feespayment',NULL,'Insert','Feespayment/updatePaymentMaster','1','122.163.70.11','Firefox','Windows 7'),('899','2019-03-18 08:19:16','caste',NULL,'Insert','caste/caste_action','1','122.163.70.11','Firefox','Windows 7'),('900','2019-03-18 08:19:16','caste',NULL,'Insert','caste/caste_action','1','122.163.70.11','Firefox','Windows 7'),('901','2019-03-18 08:19:16','caste',NULL,'Insert','caste/caste_action','1','122.163.70.11','Firefox','Windows 7'),('902','2019-03-18 08:19:16','caste',NULL,'Insert','caste/caste_action','1','122.163.70.11','Firefox','Windows 7'),('903','2019-03-18 08:39:08','Feespayment',NULL,'Insert','Feespayment/updatePaymentMaster','1','202.142.91.147','Firefox','Windows 10'),('904','2019-03-18 09:11:10','Feespayment',NULL,'Insert','Feespayment/updatePaymentMaster','1','202.142.91.147','Firefox','Windows 10'),('905','2019-03-18 09:40:13','feespayment',NULL,'Insert','feespayment/duePayment_action','1','122.163.70.11','Firefox','Windows 7'),('906','2019-03-18 09:40:30','Feespayment',NULL,'Insert','Feespayment/updatePaymentMaster','1','202.142.91.147','Firefox','Windows 10'),('907','2019-03-18 09:41:09','Feespayment',NULL,'Insert','Feespayment/updatePaymentMaster','1','202.142.91.147','Firefox','Windows 10'),('908','2019-03-18 09:41:54','Feespayment',NULL,'Insert','Feespayment/updatePaymentMaster','1','202.142.91.147','Firefox','Windows 10'),('909','2019-03-18 10:00:10','Feespayment',NULL,'Insert','Feespayment/updatePaymentMaster','1','202.142.91.147','Firefox','Windows 10'),('910','2019-03-18 00:00:00','Registration',NULL,'Insert','student/saveStudent','1','122.163.70.11','Firefox','Windows 7'),('911','2019-03-18 10:22:20','Feespayment',NULL,'Insert','Feespayment/updatePaymentMaster','1','202.142.91.147','Firefox','Windows 10'),('912','2019-03-18 00:00:00','Registration',NULL,'Insert','student/saveStudent','1','122.163.70.11','Firefox','Windows 7'),('913','2019-03-18 11:10:26','Feespayment',NULL,'Update','Feespayment/updatePaymentMaster','1','202.142.91.147','Firefox','Windows 10'),('914','2019-03-18 11:10:56','Feespayment',NULL,'Update','Feespayment/updatePaymentMaster','1','202.142.91.147','Firefox','Windows 10'),('915','2019-03-18 00:00:00','Registration',NULL,'Insert','student/saveStudent','1','122.163.70.11','Firefox','Windows 7'),('916','2019-03-18 11:27:13','caste',NULL,'Insert','caste/caste_action','1','122.163.70.11','Firefox','Windows 7'),('917','2019-03-18 11:27:13','caste',NULL,'Insert','caste/caste_action','1','122.163.70.11','Firefox','Windows 7'),('918','2019-03-18 11:27:13','caste',NULL,'Insert','caste/caste_action','1','122.163.70.11','Firefox','Windows 7'),('919','2019-03-18 11:27:13','caste',NULL,'Insert','caste/caste_action','1','122.163.70.11','Firefox','Windows 7'),('920','2019-03-18 11:28:40','caste',NULL,'Insert','caste/caste_action','1','122.163.70.11','Firefox','Windows 7'),('921','2019-03-18 11:28:40','caste',NULL,'Insert','caste/caste_action','1','122.163.70.11','Firefox','Windows 7'),('922','2019-03-18 11:28:40','caste',NULL,'Insert','caste/caste_action','1','122.163.70.11','Firefox','Windows 7'),('923','2019-03-18 11:28:40','caste',NULL,'Insert','caste/caste_action','1','122.163.70.11','Firefox','Windows 7'),('924','2019-03-18 11:41:56','caste',NULL,'Insert','caste/caste_action','1','122.163.70.11','Firefox','Windows 7'),('925','2019-03-18 11:41:56','caste',NULL,'Insert','caste/caste_action','1','122.163.70.11','Firefox','Windows 7'),('926','2019-03-18 11:41:56','caste',NULL,'Insert','caste/caste_action','1','122.163.70.11','Firefox','Windows 7'),('927','2019-03-18 11:41:56','caste',NULL,'Insert','caste/caste_action','1','122.163.70.11','Firefox','Windows 7'),('928','2019-03-18 11:51:49','generalvoucher',NULL,'Insert','generalvoucher/saveVoucherData','1','122.163.70.11','Firefox','Windows 7'),('929','2019-03-19 06:27:37','contra',NULL,'Insert','contra/insertUpdate','1','202.142.91.147','Firefox','Windows 10'),('930','2019-03-19 06:27:44','contra',NULL,'Update','contra/insertUpdate','1','202.142.91.147','Firefox','Windows 10'),('931','2019-03-19 06:27:57','contra',NULL,'Delete','contra/deleteContraVoucher','1','202.142.91.147','Firefox','Windows 10'),('932','2019-03-19 00:00:00','Registration',NULL,'Insert','student/saveStudent','1','122.163.70.11','Firefox','Windows 7'),('933','2019-03-19 00:00:00','Registration',NULL,'Insert','student/saveStudent','1','122.163.70.11','Firefox','Windows 7'),('934','2019-03-19 00:00:00','Registration',NULL,'Insert','student/saveStudent','1','122.163.70.11','Firefox','Windows 7'),('935','2019-03-19 00:00:00','Registration',NULL,'Insert','student/saveStudent','1','122.163.70.11','Firefox','Windows 7'),('936','2019-03-20 05:49:43','caste',NULL,'Insert','caste/caste_action','1','122.163.70.11','Firefox','Windows 7'),('937','2019-03-20 05:49:43','caste',NULL,'Insert','caste/caste_action','1','122.163.70.11','Firefox','Windows 7'),('938','2019-03-20 06:09:38','feespayment',NULL,'Update','feespayment/duePayment_action','1','122.163.70.11','Firefox','Windows 7'),('939','2019-03-20 06:14:03','generalvoucher',NULL,'Insert','generalvoucher/saveVoucherData','1','122.163.70.11','Firefox','Windows 7'),('940','2019-03-20 06:23:40','contra',NULL,'Insert','journal/insertUpdate','1','122.163.70.11','Firefox','Windows 7'),('941','2019-03-20 00:00:00','Registration',NULL,'Insert','student/saveStudent','1','122.163.70.11','Firefox','Windows 7'),('942','2019-03-20 00:00:00','Registration',NULL,'Insert','student/saveStudent','1','122.163.37.171','Firefox','Windows 7'),('943','2019-03-20 00:00:00','Registration',NULL,'Insert','student/saveStudent','1','122.163.37.171','Firefox','Windows 7'),('944','2019-03-20 00:00:00','Registration',NULL,'Update','student/saveStudent','1','122.163.37.171','Firefox','Windows 7'),('945','2019-03-20 00:00:00','Registration',NULL,'Update','student/saveStudent','1','122.163.37.171','Firefox','Windows 7'),('946','2019-03-20 00:00:00','Registration',NULL,'Update','student/saveStudent','1','122.163.37.171','Firefox','Windows 7'),('947','2019-03-20 10:50:25','generalvoucher',NULL,'Insert','generalvoucher/saveVoucherData','1','122.163.37.171','Firefox','Windows 7'),('948','2019-03-20 11:07:06','feesstructure',NULL,'Insert','feesstructure/feesStructure_action','1','122.163.37.171','Firefox','Windows 7'),('949','2019-03-20 11:07:37','feesstructure',NULL,'Insert','feesstructure/feesStructure_action','1','122.163.37.171','Firefox','Windows 7'),('950','2019-03-20 11:08:23','feesstructure',NULL,'Insert','feesstructure/feesStructure_action','1','122.163.37.171','Firefox','Windows 7'),('951','2019-03-20 11:09:28','feesstructure',NULL,'Insert','feesstructure/feesStructure_action','1','122.163.37.171','Firefox','Windows 7'),('952','2019-03-20 11:09:49','feesstructure',NULL,'Insert','feesstructure/feesStructure_action','1','122.163.37.171','Firefox','Windows 7'),('953','2019-03-20 11:17:01','Feespayment',NULL,'Update','Feespayment/updatePaymentMaster','1','122.163.37.171','Firefox','Windows 7'),('954','2019-03-20 11:22:22','caste',NULL,'Insert','caste/caste_action','1','122.163.37.171','Firefox','Windows 7'),('955','2019-03-20 11:22:22','caste',NULL,'Insert','caste/caste_action','1','122.163.37.171','Firefox','Windows 7'),('956','2019-03-20 11:22:22','caste',NULL,'Insert','caste/caste_action','1','122.163.37.171','Firefox','Windows 7'),('957','2019-03-20 11:22:22','caste',NULL,'Insert','caste/caste_action','1','122.163.37.171','Firefox','Windows 7'),('958','2019-03-20 11:25:29','caste',NULL,'Insert','caste/caste_action','1','122.163.37.171','Firefox','Windows 7'),('959','2019-03-20 11:25:29','caste',NULL,'Insert','caste/caste_action','1','122.163.37.171','Firefox','Windows 7'),('960','2019-03-20 11:25:29','caste',NULL,'Insert','caste/caste_action','1','122.163.37.171','Firefox','Windows 7'),('961','2019-03-20 11:25:29','caste',NULL,'Insert','caste/caste_action','1','122.163.37.171','Firefox','Windows 7'),('962','2019-03-20 11:27:18','caste',NULL,'Insert','caste/caste_action','1','122.163.37.171','Firefox','Windows 7'),('963','2019-03-20 11:27:18','caste',NULL,'Insert','caste/caste_action','1','122.163.37.171','Firefox','Windows 7'),('964','2019-03-20 11:27:18','caste',NULL,'Insert','caste/caste_action','1','122.163.37.171','Firefox','Windows 7'),('965','2019-03-20 11:27:18','caste',NULL,'Insert','caste/caste_action','1','122.163.37.171','Firefox','Windows 7'),('966','2019-03-20 13:26:26','Feespayment',NULL,'Update','Feespayment/updatePaymentMaster','1','202.142.91.147','Firefox','Windows 10'),('967','2019-03-22 06:31:14','feespayment',NULL,'Insert','feespayment/duePayment_action','1','122.163.37.171','Firefox','Windows 7'),('968','2019-03-22 06:45:19','caste',NULL,'Insert','caste/caste_action','1','122.163.37.171','Firefox','Windows 7'),('969','2019-03-22 06:45:19','caste',NULL,'Insert','caste/caste_action','1','122.163.37.171','Firefox','Windows 7'),('970','2019-03-22 06:45:19','caste',NULL,'Insert','caste/caste_action','1','122.163.37.171','Firefox','Windows 7'),('971','2019-03-22 06:45:19','caste',NULL,'Insert','caste/caste_action','1','122.163.37.171','Firefox','Windows 7'),('972','2019-03-22 00:00:00','Registration',NULL,'Insert','student/saveStudent','1','122.163.37.171','Firefox','Windows 7'),('973','2019-03-22 11:50:22','generalvoucher',NULL,'Update','generalvoucher/saveVoucherData','1','122.163.37.171','Firefox','Windows 7'),('974','2019-03-23 06:56:06','Feespayment',NULL,'Update','Feespayment/updatePaymentMaster','1','202.142.91.147','Firefox','Windows 10'),('975','2019-03-23 00:00:00','Registration',NULL,'Update','student/saveStudent','1','122.163.37.171','Firefox','Windows 7'),('976','2019-03-23 07:28:33','caste',NULL,'Insert','caste/caste_action','1','202.142.91.147','Firefox','Windows 10'),('977','2019-03-23 07:28:33','caste',NULL,'Insert','caste/caste_action','1','202.142.91.147','Firefox','Windows 10'),('978','2019-03-23 07:28:33','caste',NULL,'Insert','caste/caste_action','1','202.142.91.147','Firefox','Windows 10'),('979','2019-03-23 07:28:33','caste',NULL,'Insert','caste/caste_action','1','202.142.91.147','Firefox','Windows 10'),('980','2019-03-23 07:44:52','caste',NULL,'Insert','caste/caste_action','1','202.142.91.147','Firefox','Windows 10'),('981','2019-03-23 07:44:52','caste',NULL,'Insert','caste/caste_action','1','202.142.91.147','Firefox','Windows 10'),('982','2019-03-23 07:44:52','caste',NULL,'Insert','caste/caste_action','1','202.142.91.147','Firefox','Windows 10'),('983','2019-03-23 07:44:52','caste',NULL,'Insert','caste/caste_action','1','202.142.91.147','Firefox','Windows 10'),('984','2019-03-23 07:45:13','feespayment',NULL,'Delete','feespayment/deleteFeesPayment','1','202.142.91.147','Firefox','Windows 10'),('985','2019-03-23 08:29:48','caste',NULL,'Insert','caste/caste_action','1','122.163.37.171','Firefox','Windows 7'),('986','2019-03-23 08:29:48','caste',NULL,'Insert','caste/caste_action','1','122.163.37.171','Firefox','Windows 7'),('987','2019-03-23 08:29:48','caste',NULL,'Insert','caste/caste_action','1','122.163.37.171','Firefox','Windows 7'),('988','2019-03-23 08:29:48','caste',NULL,'Insert','caste/caste_action','1','122.163.37.171','Firefox','Windows 7'),('989','2019-03-23 08:36:38','generalvoucher',NULL,'Insert','generalvoucher/saveVoucherData','1','122.163.37.171','Firefox','Windows 7'),('990','2019-03-23 08:38:50','contra',NULL,'Insert','journal/insertUpdate','1','122.163.37.171','Firefox','Windows 7'),('991','2019-03-23 08:47:55','feespayment',NULL,'Insert','feespayment/duePayment_action','1','122.163.37.171','Firefox','Windows 7'),('992','2019-03-23 08:49:56','generalvoucher',NULL,'Insert','generalvoucher/saveVoucherData','1','122.163.37.171','Firefox','Windows 7'),('993','2019-03-23 08:52:41','contra',NULL,'Insert','journal/insertUpdate','1','122.163.37.171','Firefox','Windows 7'),('994','2019-03-27 00:00:00','Registration',NULL,'Insert','student/saveStudent','1','122.163.37.171','Firefox','Windows 7'),('995','2019-03-27 00:00:00','Registration',NULL,'Insert','student/saveStudent','1','122.163.37.171','Firefox','Windows 7'),('996','2019-03-27 00:00:00','Registration',NULL,'Insert','student/saveStudent','1','122.163.37.171','Firefox','Windows 7'),('997','2019-03-27 00:00:00','Registration',NULL,'Insert','student/saveStudent','1','122.163.37.171','Firefox','Windows 7'),('998','2019-03-27 11:25:28','ClassList',NULL,'Insert','ClassList/class_action','1','122.163.37.171','Firefox','Windows 7'),('999','2019-03-27 00:00:00','Registration',NULL,'Insert','student/saveStudent','1','122.163.37.171','Firefox','Windows 7'),('1000','2019-03-27 00:00:00','Registration',NULL,'Insert','student/saveStudent','1','122.163.37.171','Firefox','Windows 7'),('1001','2019-03-27 00:00:00','Registration',NULL,'Insert','student/saveStudent','1','122.163.37.171','Firefox','Windows 7'),('1002','2019-03-27 00:00:00','Registration',NULL,'Update','student/saveStudent','1','122.163.37.171','Firefox','Windows 7'),('1003','2019-03-27 00:00:00','Registration',NULL,'Update','student/saveStudent','1','122.163.37.171','Firefox','Windows 7'),('1004','2019-03-28 07:24:47','feesstructure',NULL,'Insert','feesstructure/feesStructure_action','1','122.163.37.171','Firefox','Windows 7'),('1005','2019-03-28 07:25:17','feesstructure',NULL,'Insert','feesstructure/feesStructure_action','1','122.163.37.171','Firefox','Windows 7'),('1006','2019-03-28 07:27:01','feespayment',NULL,'Delete','feespayment/deleteFeesPayment','1','122.163.37.171','Firefox','Windows 7'),('1007','2019-03-28 07:29:04','caste',NULL,'Insert','caste/caste_action','1','122.163.37.171','Firefox','Windows 7'),('1008','2019-03-28 07:29:04','caste',NULL,'Insert','caste/caste_action','1','122.163.37.171','Firefox','Windows 7'),('1009','2019-03-28 08:49:11','account',NULL,'Insert','account/accountAddEdit','1','122.163.37.171','Firefox','Windows 7'),('1010','2019-03-28 08:53:53','generalvoucher',NULL,'Insert','generalvoucher/saveVoucherData','1','122.163.37.171','Firefox','Windows 7'),('1011','2019-03-28 09:08:44','contra',NULL,'Insert','journal/insertUpdate','1','122.163.37.171','Firefox','Windows 7'),('1012','2019-03-28 09:11:23','contra',NULL,'Insert','journal/insertUpdate','1','122.163.37.171','Firefox','Windows 7'),('1013','2019-03-28 09:20:08','caste',NULL,'Insert','caste/caste_action','1','122.163.37.171','Firefox','Windows 7'),('1014','2019-03-28 09:20:08','caste',NULL,'Insert','caste/caste_action','1','122.163.37.171','Firefox','Windows 7'),('1015','2019-03-28 09:22:54','contra',NULL,'Insert','journal/insertUpdate','1','122.163.37.171','Firefox','Windows 7'),('1016','2019-03-28 09:40:40','contra',NULL,'Insert','journal/insertUpdate','1','122.163.37.171','Firefox','Windows 7'),('1017','2019-03-28 09:45:29','contra',NULL,'Insert','journal/insertUpdate','1','122.163.37.171','Firefox','Windows 7'),('1018','2019-03-28 09:48:54','contra',NULL,'Insert','contra/insertUpdate','1','122.163.37.171','Firefox','Windows 7'),('1019','2019-03-28 09:52:36','contra',NULL,'Insert','contra/insertUpdate','1','122.163.37.171','Firefox','Windows 7'),('1020','2019-03-28 10:00:40','contra',NULL,'Insert','contra/insertUpdate','1','122.163.37.171','Firefox','Windows 7'),('1021','2019-03-28 10:04:08','generalvoucher',NULL,'Insert','generalvoucher/saveVoucherData','1','122.163.37.171','Firefox','Windows 7'),('1022','2019-03-28 10:05:53','contra',NULL,'Insert','journal/insertUpdate','1','122.163.37.171','Firefox','Windows 7'),('1023','2019-03-28 10:12:47','caste',NULL,'Insert','caste/caste_action','1','122.163.37.171','Firefox','Windows 7'),('1024','2019-03-28 10:12:47','caste',NULL,'Insert','caste/caste_action','1','122.163.37.171','Firefox','Windows 7'),('1025','2019-03-28 10:15:45','contra',NULL,'Insert','journal/insertUpdate','1','122.163.37.171','Firefox','Windows 7'),('1026','2019-03-28 10:17:26','contra',NULL,'Insert','contra/insertUpdate','1','122.163.37.171','Firefox','Windows 7'),('1027','2019-03-28 10:23:42','caste',NULL,'Insert','caste/caste_action','1','122.163.37.171','Firefox','Windows 7'),('1028','2019-03-28 10:23:42','caste',NULL,'Insert','caste/caste_action','1','122.163.37.171','Firefox','Windows 7'),('1029','2019-03-28 10:25:20','contra',NULL,'Insert','journal/insertUpdate','1','122.163.37.171','Firefox','Windows 7'),('1030','2019-03-28 10:26:19','contra',NULL,'Insert','contra/insertUpdate','1','122.163.37.171','Firefox','Windows 7'),('1031','2019-03-29 06:24:07','feespayment',NULL,'Insert','feespayment/duePayment_action','1','122.163.37.171','Firefox','Windows 7'),('1032','2019-03-29 06:27:03','contra',NULL,'Insert','contra/insertUpdate','1','122.163.37.171','Firefox','Windows 7'),('1033','2019-03-29 06:29:32','contra',NULL,'Insert','contra/insertUpdate','1','122.163.37.171','Firefox','Windows 7'),('1034','2019-03-29 06:52:00','generalvoucher',NULL,'Insert','generalvoucher/saveVoucherData','1','122.163.37.171','Firefox','Windows 7'),('1035','2019-03-29 06:54:05','contra',NULL,'Insert','contra/insertUpdate','1','122.163.37.171','Firefox','Windows 7'),('1036','2019-03-29 06:56:10','contra',NULL,'Insert','journal/insertUpdate','1','122.163.37.171','Firefox','Windows 7'),('1037','2019-03-29 07:02:16','generalvoucher',NULL,'Update','generalvoucher/saveVoucherData','1','122.163.37.171','Firefox','Windows 7'),('1038','2019-03-29 07:08:24','generalvoucher',NULL,'Update','generalvoucher/saveVoucherData','1','122.163.37.171','Firefox','Windows 7'),('1039','2019-03-29 07:10:31','generalvoucher',NULL,'Update','generalvoucher/saveVoucherData','1','122.163.37.171','Firefox','Windows 7'),('1040','2019-03-29 07:15:26','generalvoucher',NULL,'Update','generalvoucher/saveVoucherData','1','202.142.91.147','Chrome','Windows 10'),('1041','2019-03-29 07:17:29','generalvoucher',NULL,'Update','generalvoucher/saveVoucherData','1','202.142.91.147','Chrome','Windows 10'),('1042','2019-03-29 07:19:44','generalvoucher',NULL,'Update','generalvoucher/saveVoucherData','1','202.142.91.147','Chrome','Windows 10'),('1043','2019-03-29 08:15:10','contra',NULL,'Insert','contra/insertUpdate','1','122.163.37.171','Firefox','Windows 7'),('1044','2019-03-29 08:17:41','contra',NULL,'Insert','journal/insertUpdate','1','122.163.37.171','Firefox','Windows 7'),('1045','2019-03-29 08:20:00','generalvoucher',NULL,'Insert','generalvoucher/saveVoucherData','1','122.163.37.171','Firefox','Windows 7'),('1046','2019-03-29 08:28:46','contra',NULL,'Insert','journal/insertUpdate','1','122.163.37.171','Firefox','Windows 7'),('1047','2019-03-29 08:34:37','contra',NULL,'Update','contra/insertUpdate','1','122.163.37.171','Firefox','Windows 7'),('1048','2019-03-29 08:36:30','contra',NULL,'Update','contra/insertUpdate','1','122.163.37.171','Firefox','Windows 7'),('1049','2019-03-29 08:40:17','contra',NULL,'Update','contra/insertUpdate','1','122.163.37.171','Firefox','Windows 7'),('1050','2019-03-29 00:00:00','Registration',NULL,'Insert','student/saveStudent','1','122.163.37.171','Firefox','Windows 7'),('1051','2019-03-29 08:58:12','caste',NULL,'Insert','caste/caste_action','1','122.163.37.171','Firefox','Windows 7'),('1052','2019-03-29 08:58:12','caste',NULL,'Insert','caste/caste_action','1','122.163.37.171','Firefox','Windows 7'),('1053','2019-03-29 09:00:04','contra',NULL,'Insert','contra/insertUpdate','1','122.163.37.171','Firefox','Windows 7'),('1054','2019-03-29 09:02:21','contra',NULL,'Insert','journal/insertUpdate','1','122.163.37.171','Firefox','Windows 7'),('1055','2019-03-29 09:10:41','contra',NULL,'Update','contra/insertUpdate','1','122.163.37.171','Firefox','Windows 7'),('1056','2019-03-29 09:13:26','contra',NULL,'Update','contra/insertUpdate','1','122.163.37.171','Firefox','Windows 7'),('1057','2019-03-29 11:30:52','contra',NULL,'Insert','contra/insertUpdate','1','122.163.37.171','Firefox','Windows 7'),('1058','2019-03-29 11:33:11','contra',NULL,'Insert','contra/insertUpdate','1','122.163.37.171','Firefox','Windows 7'),('1059','2019-03-29 11:34:36','contra',NULL,'Insert','journal/insertUpdate','1','122.163.37.171','Firefox','Windows 7'),('1060','2019-03-29 11:39:42','contra',NULL,'Insert','contra/insertUpdate','1','122.163.37.171','Firefox','Windows 7'),('1061','2019-03-29 11:46:23','contra',NULL,'Insert','contra/insertUpdate','1','122.163.37.171','Firefox','Windows 7'),('1062','2019-03-29 11:50:40','caste',NULL,'Insert','caste/caste_action','1','122.163.37.171','Firefox','Windows 7'),('1063','2019-03-29 11:50:40','caste',NULL,'Insert','caste/caste_action','1','122.163.37.171','Firefox','Windows 7'),('1064','2019-03-29 11:53:55','contra',NULL,'Insert','contra/insertUpdate','1','122.163.37.171','Firefox','Windows 7'),('1065','2019-03-30 04:39:29','contra',NULL,'Insert','contra/insertUpdate','1','122.163.37.171','Firefox','Windows 7'),('1066','2019-03-30 04:41:23','contra',NULL,'Insert','journal/insertUpdate','1','122.163.37.171','Firefox','Windows 7'),('1067','2019-03-30 05:18:34','contra',NULL,'Insert','contra/insertUpdate','1','122.163.37.171','Firefox','Windows 7'),('1068','2019-03-30 05:24:39','feespayment',NULL,'Delete','feespayment/deleteFeesPayment','1','122.163.37.171','Firefox','Windows 7'),('1069','2019-03-30 05:38:59','generalvoucher',NULL,'Insert','generalvoucher/saveVoucherData','1','122.163.37.171','Firefox','Windows 7'),('1070','2019-03-30 05:40:38','contra',NULL,'Insert','journal/insertUpdate','1','122.163.37.171','Firefox','Windows 7'),('1071','2019-03-30 05:42:56','contra',NULL,'Insert','contra/insertUpdate','1','122.163.37.171','Firefox','Windows 7'),('1072','2019-03-30 05:45:02','contra',NULL,'Insert','journal/insertUpdate','1','122.163.37.171','Firefox','Windows 7'),('1073','2019-03-30 06:11:42','caste',NULL,'Insert','caste/caste_action','1','122.163.37.171','Firefox','Windows 7'),('1074','2019-03-30 06:11:43','caste',NULL,'Insert','caste/caste_action','1','122.163.37.171','Firefox','Windows 7'),('1075','2019-03-30 06:11:43','caste',NULL,'Insert','caste/caste_action','1','122.163.37.171','Firefox','Windows 7'),('1076','2019-03-30 06:11:43','caste',NULL,'Insert','caste/caste_action','1','122.163.37.171','Firefox','Windows 7'),('1077','2019-03-30 06:13:20','contra',NULL,'Insert','contra/insertUpdate','1','122.163.37.171','Firefox','Windows 7'),('1078','2019-03-30 06:15:26','contra',NULL,'Insert','journal/insertUpdate','1','122.163.37.171','Firefox','Windows 7'),('1079','2019-03-30 06:18:42','generalvoucher',NULL,'Insert','generalvoucher/saveVoucherData','1','122.163.37.171','Firefox','Windows 7'),('1080','2019-03-30 06:29:47','caste',NULL,'Insert','caste/caste_action','1','122.163.37.171','Firefox','Windows 7'),('1081','2019-03-30 06:29:47','caste',NULL,'Insert','caste/caste_action','1','122.163.37.171','Firefox','Windows 7'),('1082','2019-03-30 06:29:47','caste',NULL,'Insert','caste/caste_action','1','122.163.37.171','Firefox','Windows 7'),('1083','2019-03-30 06:29:47','caste',NULL,'Insert','caste/caste_action','1','122.163.37.171','Firefox','Windows 7'),('1084','2019-03-30 06:35:51','contra',NULL,'Insert','contra/insertUpdate','1','122.163.37.171','Firefox','Windows 7'),('1085','2019-03-30 06:37:47','contra',NULL,'Insert','journal/insertUpdate','1','122.163.37.171','Firefox','Windows 7'),('1086','2019-03-30 00:00:00','Registration',NULL,'Update','student/saveStudent','1','122.163.37.171','Firefox','Windows 7'),('1087','2019-03-30 06:55:58','contra',NULL,'Insert','contra/insertUpdate','1','122.163.37.171','Firefox','Windows 7'),('1088','2019-03-30 07:03:55','contra',NULL,'Insert','contra/insertUpdate','1','122.163.37.171','Firefox','Windows 7'),('1089','2019-03-30 07:05:21','contra',NULL,'Insert','journal/insertUpdate','1','122.163.37.171','Firefox','Windows 7'),('1090','2019-03-30 07:25:17','contra',NULL,'Insert','contra/insertUpdate','1','122.163.37.171','Firefox','Windows 7'),('1091','2019-03-30 07:26:41','contra',NULL,'Insert','contra/insertUpdate','1','122.163.37.171','Firefox','Windows 7'),('1092','2019-03-30 07:27:43','contra',NULL,'Insert','contra/insertUpdate','1','122.163.37.171','Firefox','Windows 7'),('1093','2019-03-30 07:50:43','contra',NULL,'Insert','contra/insertUpdate','1','122.163.37.171','Firefox','Windows 7'),('1094','2019-03-30 00:00:00','Registration',NULL,'Insert','student/saveStudent','1','122.163.37.171','Firefox','Windows 7'),('1095','2019-03-30 00:00:00','Registration',NULL,'Insert','student/saveStudent','1','122.163.37.171','Firefox','Windows 7'),('1096','2019-03-30 00:00:00','Registration',NULL,'Insert','student/saveStudent','1','122.163.37.171','Firefox','Windows 7'),('1097','2019-04-01 06:25:10','caste',NULL,'Insert','caste/caste_action','1','122.163.37.171','Firefox','Windows 7'),('1098','2019-04-01 06:25:10','caste',NULL,'Insert','caste/caste_action','1','122.163.37.171','Firefox','Windows 7'),('1099','2019-04-01 06:26:41','contra',NULL,'Insert','contra/insertUpdate','1','122.163.37.171','Firefox','Windows 7'),('1100','2019-04-01 06:28:30','contra',NULL,'Insert','journal/insertUpdate','1','122.163.37.171','Firefox','Windows 7'),('1101','2019-04-01 06:30:37','caste',NULL,'Insert','caste/caste_action','1','122.163.37.171','Firefox','Windows 7'),('1102','2019-04-01 06:30:37','caste',NULL,'Insert','caste/caste_action','1','122.163.37.171','Firefox','Windows 7'),('1103','2019-04-01 06:32:05','contra',NULL,'Insert','contra/insertUpdate','1','122.163.37.171','Firefox','Windows 7'),('1104','2019-04-01 06:33:34','contra',NULL,'Insert','journal/insertUpdate','1','122.163.37.171','Firefox','Windows 7'),('1105','2019-04-01 06:36:20','caste',NULL,'Insert','caste/caste_action','1','122.163.37.171','Firefox','Windows 7'),('1106','2019-04-01 06:36:20','caste',NULL,'Insert','caste/caste_action','1','122.163.37.171','Firefox','Windows 7'),('1107','2019-04-01 06:39:17','contra',NULL,'Insert','journal/insertUpdate','1','122.163.37.171','Firefox','Windows 7'),('1108','2019-04-01 09:14:37','contra',NULL,'Insert','journal/insertUpdate','1','122.163.37.171','Firefox','Windows 7'),('1109','2019-04-01 09:16:25','contra',NULL,'Insert','journal/insertUpdate','1','122.163.37.171','Firefox','Windows 7'),('1110','2019-04-01 09:20:00','generalvoucher',NULL,'Insert','generalvoucher/saveVoucherData','1','122.163.37.171','Firefox','Windows 7'),('1111','2019-04-01 09:24:52','caste',NULL,'Insert','caste/caste_action','1','122.163.37.171','Firefox','Windows 7'),('1112','2019-04-01 09:24:52','caste',NULL,'Insert','caste/caste_action','1','122.163.37.171','Firefox','Windows 7'),('1113','2019-04-01 09:26:15','contra',NULL,'Insert','contra/insertUpdate','1','122.163.37.171','Firefox','Windows 7'),('1114','2019-04-01 10:29:24','contra',NULL,'Insert','contra/insertUpdate','1','122.163.37.171','Firefox','Windows 7'),('1115','2019-04-01 10:30:22','contra',NULL,'Insert','contra/insertUpdate','1','122.163.37.171','Firefox','Windows 7'),('1116','2019-04-01 11:37:33','contra',NULL,'Insert','journal/insertUpdate','1','122.163.37.171','Firefox','Windows 7'),('1117','2019-04-01 11:57:19','generalvoucher',NULL,'Delete','generalvoucher/deleteVoucher','1','202.142.91.147','Chrome','Windows 10'),('1118','2019-04-01 12:07:28','contra',NULL,'Insert','contra/insertUpdate','1','122.163.37.171','Firefox','Windows 7'),('1119','2019-04-01 12:11:03','contra',NULL,'Insert','contra/insertUpdate','1','122.163.37.171','Firefox','Windows 7'),('1120','2019-04-01 12:13:59','contra',NULL,'Insert','journal/insertUpdate','1','122.163.37.171','Firefox','Windows 7'),('1121','2019-04-01 12:23:45','contra',NULL,'Insert','contra/insertUpdate','1','122.163.37.171','Firefox','Windows 7'),('1122','2019-04-01 12:25:36','contra',NULL,'Insert','journal/insertUpdate','1','122.163.37.171','Firefox','Windows 7'),('1123','2019-04-01 00:00:00','Registration',NULL,'Insert','student/saveStudent','1','122.163.37.171','Firefox','Windows 7'),('1124','2019-04-01 00:00:00','Registration',NULL,'Insert','student/saveStudent','1','122.163.37.171','Firefox','Windows 7'),('1125','2019-04-01 00:00:00','Registration',NULL,'Insert','student/saveStudent','1','122.163.37.171','Firefox','Windows 7'),('1126','2019-04-01 12:53:06','caste',NULL,'Insert','caste/caste_action','1','122.163.37.171','Firefox','Windows 7'),('1127','2019-04-01 12:53:06','caste',NULL,'Insert','caste/caste_action','1','122.163.37.171','Firefox','Windows 7'),('1128','2019-04-01 12:54:48','contra',NULL,'Insert','contra/insertUpdate','1','122.163.37.171','Firefox','Windows 7'),('1129','2019-04-01 12:56:03','contra',NULL,'Insert','journal/insertUpdate','1','122.163.37.171','Firefox','Windows 7'),('1130','2019-04-02 09:13:11','feespayment',NULL,'Insert','feespayment/duePayment_action','1','122.163.37.171','Firefox','Windows 7'),('1131','2019-04-02 09:16:29','feespayment',NULL,'Insert','feespayment/duePayment_action','1','122.163.37.171','Firefox','Windows 7'),('1132','2019-04-02 09:19:06','contra',NULL,'Insert','contra/insertUpdate','1','122.163.37.171','Firefox','Windows 7'),('1133','2019-04-02 09:27:55','contra',NULL,'Insert','journal/insertUpdate','1','122.163.37.171','Firefox','Windows 7'),('1134','2019-04-02 09:28:52','contra',NULL,'Insert','journal/insertUpdate','1','122.163.37.171','Firefox','Windows 7'),('1135','2019-04-02 09:45:33','caste',NULL,'Insert','caste/caste_action','1','122.163.37.171','Firefox','Windows 7'),('1136','2019-04-02 09:45:33','caste',NULL,'Insert','caste/caste_action','1','122.163.37.171','Firefox','Windows 7'),('1137','2019-04-02 09:48:11','contra',NULL,'Insert','journal/insertUpdate','1','122.163.37.171','Firefox','Windows 7'),('1138','2019-04-02 09:53:54','caste',NULL,'Insert','caste/caste_action','1','122.163.37.171','Firefox','Windows 7'),('1139','2019-04-02 09:53:54','caste',NULL,'Insert','caste/caste_action','1','122.163.37.171','Firefox','Windows 7'),('1140','2019-04-02 09:56:25','generalvoucher',NULL,'Insert','generalvoucher/saveVoucherData','1','122.163.37.171','Firefox','Windows 7'),('1141','2019-04-02 09:57:52','contra',NULL,'Insert','journal/insertUpdate','1','122.163.37.171','Firefox','Windows 7'),('1142','2019-04-02 00:00:00','Registration',NULL,'Insert','student/saveStudent','1','122.163.37.171','Firefox','Windows 7'),('1143','2019-04-02 00:00:00','Registration',NULL,'Insert','student/saveStudent','1','122.163.37.171','Firefox','Windows 7'),('1144','2019-04-02 10:23:29','caste',NULL,'Insert','caste/caste_action','1','122.163.37.171','Firefox','Windows 7'),('1145','2019-04-02 10:23:29','caste',NULL,'Insert','caste/caste_action','1','122.163.37.171','Firefox','Windows 7'),('1146','2019-04-02 10:25:05','caste',NULL,'Insert','caste/caste_action','1','122.163.37.171','Firefox','Windows 7'),('1147','2019-04-02 10:25:05','caste',NULL,'Insert','caste/caste_action','1','122.163.37.171','Firefox','Windows 7'),('1148','2019-04-02 10:25:08','caste',NULL,'Insert','caste/caste_action','1','122.163.37.171','Firefox','Windows 7'),('1149','2019-04-02 10:25:08','caste',NULL,'Insert','caste/caste_action','1','122.163.37.171','Firefox','Windows 7'),('1150','2019-04-02 10:27:04','contra',NULL,'Insert','contra/insertUpdate','1','122.163.37.171','Firefox','Windows 7'),('1151','2019-04-02 10:27:54','contra',NULL,'Insert','contra/insertUpdate','1','122.163.37.171','Firefox','Windows 7'),('1152','2019-04-02 00:00:00','Registration',NULL,'Update','student/saveStudent','1','122.163.37.171','Firefox','Windows 7'),('1153','2019-04-04 00:00:00','Registration',NULL,'Insert','student/saveStudent','1','122.163.37.171','Firefox','Windows 7'),('1154','2019-04-04 06:09:15','caste',NULL,'Insert','caste/caste_action','1','122.163.37.171','Firefox','Windows 7'),('1155','2019-04-04 06:09:15','caste',NULL,'Insert','caste/caste_action','1','122.163.37.171','Firefox','Windows 7'),('1156','2019-04-04 06:10:34','contra',NULL,'Insert','contra/insertUpdate','1','122.163.37.171','Firefox','Windows 7'),('1157','2019-04-04 07:13:01','Feespayment',NULL,'Update','Feespayment/updatePaymentMaster','1','122.163.37.171','Firefox','Windows 7'),('1158','2019-04-04 07:16:38','contra',NULL,'Insert','journal/insertUpdate','1','122.163.37.171','Firefox','Windows 7'),('1159','2019-04-04 07:19:01','generalvoucher',NULL,'Insert','generalvoucher/saveVoucherData','1','122.163.37.171','Firefox','Windows 7'),('1160','2019-04-04 07:29:29','contra',NULL,'Insert','journal/insertUpdate','1','122.163.37.171','Firefox','Windows 7'),('1161','2019-04-05 00:00:00','Registration',NULL,'Insert','student/saveStudent','1','122.163.37.171','Firefox','Windows 7'),('1162','2019-04-05 00:00:00','Registration',NULL,'Insert','student/saveStudent','1','122.163.37.171','Firefox','Windows 7'),('1163','2019-04-05 12:31:29','caste',NULL,'Insert','caste/caste_action','1','122.163.37.171','Firefox','Windows 7'),('1164','2019-04-05 12:31:29','caste',NULL,'Insert','caste/caste_action','1','122.163.37.171','Firefox','Windows 7'),('1165','2019-04-05 12:31:29','caste',NULL,'Insert','caste/caste_action','1','122.163.37.171','Firefox','Windows 7'),('1166','2019-04-05 12:31:29','caste',NULL,'Insert','caste/caste_action','1','122.163.37.171','Firefox','Windows 7'),('1167','2019-04-05 12:34:36','contra',NULL,'Insert','contra/insertUpdate','1','122.163.37.171','Firefox','Windows 7'),('1168','2019-04-05 12:39:14','feespayment',NULL,'Delete','feespayment/deleteFeesPayment','1','122.163.37.171','Firefox','Windows 7'),('1169','2019-04-05 12:41:51','contra',NULL,'Insert','contra/insertUpdate','1','122.163.37.171','Firefox','Windows 7'),('1170','2019-04-05 12:44:09','feespayment',NULL,'Insert','feespayment/duePayment_action','1','122.163.37.171','Firefox','Windows 7'),('1171','2019-04-05 12:45:46','contra',NULL,'Insert','journal/insertUpdate','1','122.163.37.171','Firefox','Windows 7'),('1172','2019-04-05 12:51:14','caste',NULL,'Insert','caste/caste_action','1','122.163.37.171','Firefox','Windows 7'),('1173','2019-04-05 12:51:14','caste',NULL,'Insert','caste/caste_action','1','122.163.37.171','Firefox','Windows 7'),('1174','2019-04-05 12:51:14','caste',NULL,'Insert','caste/caste_action','1','122.163.37.171','Firefox','Windows 7'),('1175','2019-04-05 12:51:14','caste',NULL,'Insert','caste/caste_action','1','122.163.37.171','Firefox','Windows 7'),('1176','2019-04-05 12:54:01','contra',NULL,'Insert','contra/insertUpdate','1','122.163.37.171','Firefox','Windows 7'),('1177','2019-04-05 12:55:08','contra',NULL,'Insert','journal/insertUpdate','1','122.163.37.171','Firefox','Windows 7'),('1178','2019-04-05 12:57:19','feespayment',NULL,'Insert','feespayment/duePayment_action','1','122.163.37.171','Firefox','Windows 7'),('1179','2019-04-05 12:58:25','contra',NULL,'Insert','contra/insertUpdate','1','122.163.37.171','Firefox','Windows 7'),('1180','2019-04-05 12:59:28','contra',NULL,'Insert','journal/insertUpdate','1','122.163.37.171','Firefox','Windows 7'),('1181','2019-04-05 00:00:00','Registration',NULL,'Update','student/saveStudent','1','122.163.37.171','Firefox','Windows 7'),('1182','2019-04-06 06:00:59','contra',NULL,'Insert','journal/insertUpdate','1','122.163.37.171','Firefox','Windows 7'),('1183','2019-04-06 06:12:24','contra',NULL,'Insert','journal/insertUpdate','1','122.163.37.171','Firefox','Windows 7'),('1184','2019-04-06 06:21:26','contra',NULL,'Insert','contra/insertUpdate','1','122.163.37.171','Firefox','Windows 7'),('1185','2019-04-06 06:22:44','contra',NULL,'Insert','contra/insertUpdate','1','122.163.37.171','Firefox','Windows 7'),('1186','2019-04-06 06:24:56','feespayment',NULL,'Insert','feespayment/duePayment_action','1','122.163.37.171','Firefox','Windows 7'),('1187','2019-04-08 09:26:17','contra',NULL,'Insert','contra/insertUpdate','1','122.163.37.171','Firefox','Windows 7'),('1188','2019-04-08 09:28:10','contra',NULL,'Insert','contra/insertUpdate','1','122.163.37.171','Firefox','Windows 7'),('1189','2019-04-08 09:35:09','feespayment',NULL,'Insert','feespayment/duePayment_action','1','122.163.37.171','Firefox','Windows 7'),('1190','2019-04-08 10:15:58','contra',NULL,'Insert','contra/insertUpdate','1','122.163.37.171','Firefox','Windows 7'),('1191','2019-04-08 10:17:02','contra',NULL,'Insert','contra/insertUpdate','1','122.163.37.171','Firefox','Windows 7'),('1192','2019-04-08 10:19:42','feespayment',NULL,'Insert','feespayment/duePayment_action','1','122.163.37.171','Firefox','Windows 7'),('1193','2019-04-08 10:28:15','feespayment',NULL,'Update','feespayment/duePayment_action','1','202.142.91.147','Firefox','Windows 10'),('1194','2019-04-08 10:34:05','contra',NULL,'Insert','journal/insertUpdate','1','122.163.37.171','Firefox','Windows 7'),('1195','2019-04-08 10:48:30','feespayment',NULL,'Insert','feespayment/duePayment_action','1','122.163.37.171','Firefox','Windows 7'),('1196','2019-04-08 10:54:56','contra',NULL,'Insert','contra/insertUpdate','1','122.163.37.171','Firefox','Windows 7'),('1197','2019-04-08 11:08:48','contra',NULL,'Insert','contra/insertUpdate','1','122.163.37.171','Firefox','Windows 7'),('1198','2019-04-08 11:13:38','feespayment',NULL,'Update','feespayment/duePayment_action','1','122.163.37.171','Firefox','Windows 7'),('1199','2019-04-08 11:19:53','feespayment',NULL,'Update','feespayment/duePayment_action','1','122.163.37.171','Firefox','Windows 7'),('1200','2019-04-08 11:29:00','feespayment',NULL,'Update','feespayment/duePayment_action','1','122.163.37.171','Firefox','Windows 7'),('1201','2019-04-08 11:42:16','contra',NULL,'Insert','journal/insertUpdate','1','122.163.37.171','Firefox','Windows 7'),('1202','2019-04-08 11:47:32','contra',NULL,'Insert','contra/insertUpdate','1','122.163.37.171','Firefox','Windows 7'),('1203','2019-04-08 11:49:20','contra',NULL,'Insert','contra/insertUpdate','1','122.163.37.171','Firefox','Windows 7'),('1204','2019-04-08 11:53:15','contra',NULL,'Insert','journal/insertUpdate','1','122.163.37.171','Firefox','Windows 7'),('1205','2019-04-08 11:54:56','feespayment',NULL,'Insert','feespayment/duePayment_action','1','122.163.37.171','Firefox','Windows 7'),('1206','2019-04-08 12:57:58','feespayment',NULL,'Insert','feespayment/duePayment_action','1','122.163.37.171','Firefox','Windows 7'),('1207','2019-04-08 12:57:58','feespayment',NULL,'Insert','feespayment/duePayment_action','1','122.163.37.171','Firefox','Windows 7'),('1208','2019-04-08 12:59:30','feespayment',NULL,'Delete','feespayment/deleteDuePaymentVoucher','1','122.163.37.171','Firefox','Windows 7'),('1209','2019-04-09 06:15:36','feespayment',NULL,'Insert','feespayment/duePayment_action','1','122.163.37.171','Firefox','Windows 7'),('1210','2019-04-10 00:00:00','Registration',NULL,'Insert','student/saveStudent','1','122.163.37.171','Firefox','Windows 7'),('1211','2019-04-10 00:00:00','Registration',NULL,'Insert','student/saveStudent','1','122.163.37.171','Firefox','Windows 7'),('1212','2019-04-10 00:00:00','Registration',NULL,'Insert','student/saveStudent','1','122.163.37.171','Firefox','Windows 7'),('1213','2019-04-10 00:00:00','Registration',NULL,'Insert','student/saveStudent','1','122.163.37.171','Firefox','Windows 7'),('1214','2019-04-10 00:00:00','Registration',NULL,'Insert','student/saveStudent','1','122.163.37.171','Firefox','Windows 7'),('1215','2019-04-10 00:00:00','Registration',NULL,'Update','student/saveStudent','1','122.163.37.171','Firefox','Windows 7'),('1216','2019-04-10 00:00:00','Registration',NULL,'Update','student/saveStudent','1','122.163.37.171','Firefox','Windows 7'),('1217','2019-04-10 00:00:00','Registration',NULL,'Update','student/saveStudent','1','122.163.37.171','Firefox','Windows 7'),('1218','2019-04-10 00:00:00','Registration',NULL,'Update','student/saveStudent','1','122.163.37.171','Firefox','Windows 7'),('1219','2019-04-10 10:12:24','caste',NULL,'Insert','caste/caste_action','1','122.163.37.171','Firefox','Windows 7'),('1220','2019-04-10 10:12:24','caste',NULL,'Insert','caste/caste_action','1','122.163.37.171','Firefox','Windows 7'),('1221','2019-04-10 10:12:24','caste',NULL,'Insert','caste/caste_action','1','122.163.37.171','Firefox','Windows 7'),('1222','2019-04-10 10:12:24','caste',NULL,'Insert','caste/caste_action','1','122.163.37.171','Firefox','Windows 7'),('1223','2019-04-10 10:14:17','contra',NULL,'Insert','contra/insertUpdate','1','122.163.37.171','Firefox','Windows 7'),('1224','2019-04-10 10:16:32','contra',NULL,'Insert','journal/insertUpdate','1','122.163.37.171','Firefox','Windows 7'),('1225','2019-04-10 10:23:12','caste',NULL,'Insert','caste/caste_action','1','122.163.37.171','Firefox','Windows 7'),('1226','2019-04-10 10:23:12','caste',NULL,'Insert','caste/caste_action','1','122.163.37.171','Firefox','Windows 7'),('1227','2019-04-10 10:23:12','caste',NULL,'Insert','caste/caste_action','1','122.163.37.171','Firefox','Windows 7'),('1228','2019-04-10 10:23:12','caste',NULL,'Insert','caste/caste_action','1','122.163.37.171','Firefox','Windows 7'),('1229','2019-04-10 10:24:47','contra',NULL,'Insert','journal/insertUpdate','1','122.163.37.171','Firefox','Windows 7'),('1230','2019-04-10 10:52:55','caste',NULL,'Insert','caste/caste_action','1','122.163.37.171','Firefox','Windows 7'),('1231','2019-04-10 10:52:55','caste',NULL,'Insert','caste/caste_action','1','122.163.37.171','Firefox','Windows 7'),('1232','2019-04-10 10:57:55','caste',NULL,'Insert','caste/caste_action','1','122.163.37.171','Firefox','Windows 7'),('1233','2019-04-10 10:57:55','caste',NULL,'Insert','caste/caste_action','1','122.163.37.171','Firefox','Windows 7'),('1234','2019-04-10 11:03:54','contra',NULL,'Insert','contra/insertUpdate','1','122.163.37.171','Firefox','Windows 7'),('1235','2019-04-10 11:05:18','contra',NULL,'Insert','journal/insertUpdate','1','122.163.37.171','Firefox','Windows 7'),('1236','2019-04-10 11:10:26','caste',NULL,'Insert','caste/caste_action','1','122.163.37.171','Firefox','Windows 7'),('1237','2019-04-10 11:10:26','caste',NULL,'Insert','caste/caste_action','1','122.163.37.171','Firefox','Windows 7'),('1238','2019-04-10 11:10:26','caste',NULL,'Insert','caste/caste_action','1','122.163.37.171','Firefox','Windows 7'),('1239','2019-04-10 11:10:26','caste',NULL,'Insert','caste/caste_action','1','122.163.37.171','Firefox','Windows 7'),('1240','2019-04-10 11:14:46','contra',NULL,'Insert','journal/insertUpdate','1','122.163.37.171','Firefox','Windows 7'),('1241','2019-04-10 00:00:00','Registration',NULL,'Insert','student/saveStudent','1','122.163.37.171','Firefox','Windows 7'),('1242','2019-04-10 00:00:00','Registration',NULL,'Insert','student/saveStudent','1','122.163.37.171','Firefox','Windows 7'),('1243','2019-04-10 00:00:00','Registration',NULL,'Insert','student/saveStudent','1','122.163.37.171','Firefox','Windows 7'),('1244','2019-04-10 00:00:00','Registration',NULL,'Insert','student/saveStudent','1','122.163.37.171','Firefox','Windows 7'),('1245','2019-04-10 00:00:00','Registration',NULL,'Insert','student/saveStudent','1','122.163.37.171','Firefox','Windows 7'),('1246','2019-04-10 11:57:21','feespayment',NULL,'Insert','feespayment/duePayment_action','1','122.163.37.171','Firefox','Windows 7'),('1247','2019-04-10 11:58:37','contra',NULL,'Insert','contra/insertUpdate','1','122.163.37.171','Firefox','Windows 7'),('1248','2019-04-10 11:59:43','contra',NULL,'Insert','journal/insertUpdate','1','122.163.37.171','Firefox','Windows 7'),('1249','2019-04-10 12:02:08','contra',NULL,'Insert','contra/insertUpdate','1','122.163.37.171','Firefox','Windows 7'),('1250','2019-04-11 05:57:14','caste',NULL,'Insert','caste/caste_action','1','122.163.37.171','Firefox','Windows 7'),('1251','2019-04-11 05:57:14','caste',NULL,'Insert','caste/caste_action','1','122.163.37.171','Firefox','Windows 7'),('1252','2019-04-11 05:57:14','caste',NULL,'Insert','caste/caste_action','1','122.163.37.171','Firefox','Windows 7'),('1253','2019-04-11 05:57:14','caste',NULL,'Insert','caste/caste_action','1','122.163.37.171','Firefox','Windows 7'),('1254','2019-04-11 05:59:26','contra',NULL,'Insert','journal/insertUpdate','1','122.163.37.171','Firefox','Windows 7'),('1255','2019-04-11 06:00:36','contra',NULL,'Insert','journal/insertUpdate','1','122.163.37.171','Firefox','Windows 7'),('1256','2019-04-11 06:05:06','caste',NULL,'Insert','caste/caste_action','1','122.163.37.171','Firefox','Windows 7'),('1257','2019-04-11 06:05:06','caste',NULL,'Insert','caste/caste_action','1','122.163.37.171','Firefox','Windows 7'),('1258','2019-04-11 06:23:16','contra',NULL,'Insert','journal/insertUpdate','1','122.163.37.171','Firefox','Windows 7'),('1259','2019-04-11 06:47:47','contra',NULL,'Insert','contra/insertUpdate','1','122.163.37.171','Firefox','Windows 7'),('1260','2019-04-11 06:54:08','caste',NULL,'Insert','caste/caste_action','1','122.163.37.171','Firefox','Windows 7'),('1261','2019-04-11 06:54:08','caste',NULL,'Insert','caste/caste_action','1','122.163.37.171','Firefox','Windows 7'),('1262','2019-04-11 06:54:09','caste',NULL,'Insert','caste/caste_action','1','122.163.37.171','Firefox','Windows 7'),('1263','2019-04-11 06:54:09','caste',NULL,'Insert','caste/caste_action','1','122.163.37.171','Firefox','Windows 7'),('1264','2019-04-11 06:57:34','contra',NULL,'Insert','contra/insertUpdate','1','122.163.37.171','Firefox','Windows 7'),('1265','2019-04-11 07:10:11','contra',NULL,'Insert','journal/insertUpdate','1','122.163.37.171','Firefox','Windows 7'),('1266','2019-04-11 07:12:48','caste',NULL,'Insert','caste/caste_action','1','122.163.37.171','Firefox','Windows 7'),('1267','2019-04-11 07:12:48','caste',NULL,'Insert','caste/caste_action','1','122.163.37.171','Firefox','Windows 7'),('1268','2019-04-11 07:14:38','contra',NULL,'Insert','contra/insertUpdate','1','122.163.37.171','Firefox','Windows 7'),('1269','2019-04-11 07:17:50','contra',NULL,'Insert','journal/insertUpdate','1','122.163.37.171','Firefox','Windows 7'),('1270','2019-04-11 07:20:46','caste',NULL,'Insert','caste/caste_action','1','122.163.37.171','Firefox','Windows 7'),('1271','2019-04-11 07:20:46','caste',NULL,'Insert','caste/caste_action','1','122.163.37.171','Firefox','Windows 7'),('1272','2019-04-11 07:20:46','caste',NULL,'Insert','caste/caste_action','1','122.163.37.171','Firefox','Windows 7'),('1273','2019-04-11 07:20:46','caste',NULL,'Insert','caste/caste_action','1','122.163.37.171','Firefox','Windows 7'),('1274','2019-04-11 07:22:24','contra',NULL,'Insert','contra/insertUpdate','1','122.163.37.171','Firefox','Windows 7'),('1275','2019-04-11 07:24:26','contra',NULL,'Insert','journal/insertUpdate','1','122.163.37.171','Firefox','Windows 7'),('1276','2019-04-11 08:48:11','contra',NULL,'Insert','contra/insertUpdate','1','122.163.37.171','Firefox','Windows 7'),('1277','2019-04-11 09:01:22','contra',NULL,'Insert','contra/insertUpdate','1','122.163.37.171','Firefox','Windows 7'),('1278','2019-04-11 09:03:24','contra',NULL,'Insert','contra/insertUpdate','1','122.163.37.171','Firefox','Windows 7'),('1279','2019-04-12 00:00:00','Registration',NULL,'Insert','student/saveStudent','1','122.163.37.171','Firefox','Windows 7'),('1280','2019-04-12 00:00:00','Registration',NULL,'Insert','student/saveStudent','1','122.163.37.171','Firefox','Windows 7'),('1281','2019-04-12 00:00:00','Registration',NULL,'Insert','student/saveStudent','1','122.163.37.171','Firefox','Windows 7'),('1282','2019-04-12 00:00:00','Registration',NULL,'Insert','student/saveStudent','1','122.163.37.171','Firefox','Windows 7'),('1283','2019-04-12 00:00:00','Registration',NULL,'Insert','student/saveStudent','1','122.163.37.171','Firefox','Windows 7'),('1284','2019-04-12 00:00:00','Registration',NULL,'Insert','student/saveStudent','1','122.163.37.171','Firefox','Windows 7'),('1285','2019-04-12 00:00:00','Registration',NULL,'Insert','student/saveStudent','1','122.163.37.171','Firefox','Windows 7'),('1286','2019-04-12 00:00:00','Registration',NULL,'Insert','student/saveStudent','1','122.163.37.171','Firefox','Windows 7'),('1287','2019-04-12 00:00:00','Registration',NULL,'Insert','student/saveStudent','1','122.163.37.171','Firefox','Windows 7'),('1288','2019-04-12 00:00:00','Registration',NULL,'Insert','student/saveStudent','1','122.163.37.171','Firefox','Windows 7'),('1289','2019-04-13 08:11:13','feespayment',NULL,'Insert','feespayment/duePayment_action','1','122.163.37.171','Firefox','Windows 7'),('1290','2019-04-13 08:12:19','contra',NULL,'Insert','contra/insertUpdate','1','122.163.37.171','Firefox','Windows 7'),('1291','2019-04-13 08:13:23','contra',NULL,'Update','journal/insertUpdate','1','122.163.37.171','Firefox','Windows 7'),('1292','2019-04-13 08:18:13','feespayment',NULL,'Insert','feespayment/duePayment_action','1','122.163.37.171','Firefox','Windows 7'),('1293','2019-04-13 08:19:24','contra',NULL,'Insert','contra/insertUpdate','1','122.163.37.171','Firefox','Windows 7'),('1294','2019-04-13 08:21:21','contra',NULL,'Insert','journal/insertUpdate','1','122.163.37.171','Firefox','Windows 7'),('1295','2019-04-13 08:32:53','caste',NULL,'Insert','caste/caste_action','1','122.163.37.171','Firefox','Windows 7'),('1296','2019-04-13 08:32:53','caste',NULL,'Insert','caste/caste_action','1','122.163.37.171','Firefox','Windows 7'),('1297','2019-04-13 08:32:53','caste',NULL,'Insert','caste/caste_action','1','122.163.37.171','Firefox','Windows 7'),('1298','2019-04-13 08:32:53','caste',NULL,'Insert','caste/caste_action','1','122.163.37.171','Firefox','Windows 7'),('1299','2019-04-13 08:34:03','contra',NULL,'Insert','contra/insertUpdate','1','122.163.37.171','Firefox','Windows 7'),('1300','2019-04-13 08:35:04','contra',NULL,'Insert','journal/insertUpdate','1','122.163.37.171','Firefox','Windows 7'),('1301','2019-04-13 08:49:13','caste',NULL,'Insert','caste/caste_action','1','122.163.37.171','Firefox','Windows 7'),('1302','2019-04-13 08:49:13','caste',NULL,'Insert','caste/caste_action','1','122.163.37.171','Firefox','Windows 7'),('1303','2019-04-13 08:53:38','feespayment',NULL,'Insert','feespayment/duePayment_action','1','122.163.37.171','Firefox','Windows 7'),('1304','2019-04-13 08:55:14','contra',NULL,'Insert','contra/insertUpdate','1','122.163.37.171','Firefox','Windows 7'),('1305','2019-04-16 00:00:00','Registration',NULL,'Update','student/saveStudent','1','122.163.37.171','Firefox','Windows 7'),('1306','2019-04-16 00:00:00','Registration',NULL,'Update','student/saveStudent','1','202.142.91.147','Chrome','Windows 10'),('1307','2019-04-16 00:00:00','Registration',NULL,'Update','student/saveStudent','1','202.142.91.147','Chrome','Windows 10'),('1308','2019-04-16 00:00:00','Registration',NULL,'Insert','student/saveStudent','1','122.163.37.171','Firefox','Windows 7'),('1309','2019-04-16 00:00:00','Registration',NULL,'Insert','student/saveStudent','1','122.163.37.171','Firefox','Windows 7'),('1310','2019-04-16 00:00:00','Registration',NULL,'Insert','student/saveStudent','1','122.163.37.171','Firefox','Windows 7'),('1311','2019-04-17 00:00:00','Registration',NULL,'Update','student/saveStudent','1','122.163.37.171','Firefox','Windows 7'),('1312','2019-04-17 00:00:00','Registration',NULL,'Update','student/saveStudent','1','122.163.37.171','Firefox','Windows 7'),('1313','2019-04-17 00:00:00','Registration',NULL,'Update','student/saveStudent','1','122.163.37.171','Firefox','Windows 7'),('1314','2019-04-17 00:00:00','Registration',NULL,'Update','student/saveStudent','1','122.163.37.171','Firefox','Windows 7'),('1315','2019-04-17 00:00:00','Registration',NULL,'Update','student/saveStudent','1','122.163.37.171','Firefox','Windows 7'),('1316','2019-04-17 00:00:00','Registration',NULL,'Update','student/saveStudent','1','122.163.37.171','Firefox','Windows 7'),('1317','2019-04-17 00:00:00','Registration',NULL,'Update','student/saveStudent','1','122.163.37.171','Firefox','Windows 7'),('1318','2019-04-17 00:00:00','Registration',NULL,'Update','student/saveStudent','1','122.163.37.171','Firefox','Windows 7'),('1319','2019-04-17 00:00:00','Registration',NULL,'Update','student/saveStudent','1','122.163.37.171','Firefox','Windows 7'),('1320','2019-04-17 00:00:00','Registration',NULL,'Update','student/saveStudent','1','122.163.37.171','Firefox','Windows 7'),('1321','2019-04-17 12:27:31','caste',NULL,'Insert','caste/caste_action','1','122.163.37.171','Firefox','Windows 7'),('1322','2019-04-17 12:27:31','caste',NULL,'Insert','caste/caste_action','1','122.163.37.171','Firefox','Windows 7'),('1323','2019-04-17 12:28:47','caste',NULL,'Insert','caste/caste_action','1','122.163.37.171','Firefox','Windows 7'),('1324','2019-04-17 12:28:47','caste',NULL,'Insert','caste/caste_action','1','122.163.37.171','Firefox','Windows 7'),('1325','2019-04-17 12:29:53','caste',NULL,'Insert','caste/caste_action','1','122.163.37.171','Firefox','Windows 7'),('1326','2019-04-17 12:29:53','caste',NULL,'Insert','caste/caste_action','1','122.163.37.171','Firefox','Windows 7'),('1327','2019-04-17 12:30:55','caste',NULL,'Insert','caste/caste_action','1','122.163.37.171','Firefox','Windows 7'),('1328','2019-04-17 12:30:55','caste',NULL,'Insert','caste/caste_action','1','122.163.37.171','Firefox','Windows 7'),('1329','2019-04-17 12:32:01','caste',NULL,'Insert','caste/caste_action','1','122.163.37.171','Firefox','Windows 7'),('1330','2019-04-17 12:32:01','caste',NULL,'Insert','caste/caste_action','1','122.163.37.171','Firefox','Windows 7'),('1331','2019-04-17 12:32:01','caste',NULL,'Insert','caste/caste_action','1','122.163.37.171','Firefox','Windows 7'),('1332','2019-04-17 12:32:01','caste',NULL,'Insert','caste/caste_action','1','122.163.37.171','Firefox','Windows 7'),('1333','2019-04-17 12:33:13','caste',NULL,'Insert','caste/caste_action','1','122.163.37.171','Firefox','Windows 7'),('1334','2019-04-17 12:33:13','caste',NULL,'Insert','caste/caste_action','1','122.163.37.171','Firefox','Windows 7'),('1335','2019-04-17 12:33:13','caste',NULL,'Insert','caste/caste_action','1','122.163.37.171','Firefox','Windows 7'),('1336','2019-04-17 12:33:13','caste',NULL,'Insert','caste/caste_action','1','122.163.37.171','Firefox','Windows 7'),('1337','2019-04-17 12:34:42','caste',NULL,'Insert','caste/caste_action','1','122.163.37.171','Firefox','Windows 7'),('1338','2019-04-17 12:34:43','caste',NULL,'Insert','caste/caste_action','1','122.163.37.171','Firefox','Windows 7'),('1339','2019-04-17 12:34:43','caste',NULL,'Insert','caste/caste_action','1','122.163.37.171','Firefox','Windows 7'),('1340','2019-04-17 12:34:43','caste',NULL,'Insert','caste/caste_action','1','122.163.37.171','Firefox','Windows 7'),('1341','2019-04-17 12:36:01','caste',NULL,'Insert','caste/caste_action','1','122.163.37.171','Firefox','Windows 7'),('1342','2019-04-17 12:36:01','caste',NULL,'Insert','caste/caste_action','1','122.163.37.171','Firefox','Windows 7'),('1343','2019-04-17 12:36:01','caste',NULL,'Insert','caste/caste_action','1','122.163.37.171','Firefox','Windows 7'),('1344','2019-04-17 12:36:01','caste',NULL,'Insert','caste/caste_action','1','122.163.37.171','Firefox','Windows 7'),('1345','2019-04-17 12:37:43','caste',NULL,'Insert','caste/caste_action','1','122.163.37.171','Firefox','Windows 7'),('1346','2019-04-17 12:37:43','caste',NULL,'Insert','caste/caste_action','1','122.163.37.171','Firefox','Windows 7'),('1347','2019-04-17 12:37:43','caste',NULL,'Insert','caste/caste_action','1','122.163.37.171','Firefox','Windows 7'),('1348','2019-04-17 12:37:43','caste',NULL,'Insert','caste/caste_action','1','122.163.37.171','Firefox','Windows 7'),('1349','2019-04-17 12:38:54','caste',NULL,'Insert','caste/caste_action','1','122.163.37.171','Firefox','Windows 7'),('1350','2019-04-17 12:38:54','caste',NULL,'Insert','caste/caste_action','1','122.163.37.171','Firefox','Windows 7'),('1351','2019-04-17 12:41:21','caste',NULL,'Insert','caste/caste_action','1','122.163.37.171','Firefox','Windows 7'),('1352','2019-04-17 12:41:21','caste',NULL,'Insert','caste/caste_action','1','122.163.37.171','Firefox','Windows 7'),('1353','2019-04-17 12:44:26','contra',NULL,'Insert','contra/insertUpdate','1','122.163.37.171','Firefox','Windows 7'),('1354','2019-04-17 12:45:26','contra',NULL,'Insert','contra/insertUpdate','1','122.163.37.171','Firefox','Windows 7'),('1355','2019-04-17 12:46:24','contra',NULL,'Insert','contra/insertUpdate','1','122.163.37.171','Firefox','Windows 7'),('1356','2019-04-17 12:47:27','contra',NULL,'Insert','contra/insertUpdate','1','122.163.37.171','Firefox','Windows 7'),('1357','2019-04-17 12:48:45','contra',NULL,'Insert','contra/insertUpdate','1','122.163.37.171','Firefox','Windows 7'),('1358','2019-04-17 12:49:36','contra',NULL,'Insert','contra/insertUpdate','1','122.163.37.171','Firefox','Windows 7'),('1359','2019-04-17 12:51:02','contra',NULL,'Insert','contra/insertUpdate','1','122.163.37.171','Firefox','Windows 7'),('1360','2019-04-17 12:51:55','contra',NULL,'Insert','contra/insertUpdate','1','122.163.37.171','Firefox','Windows 7'),('1361','2019-04-17 12:53:09','contra',NULL,'Insert','contra/insertUpdate','1','122.163.37.171','Firefox','Windows 7'),('1362','2019-04-17 12:54:10','contra',NULL,'Insert','contra/insertUpdate','1','122.163.37.171','Firefox','Windows 7'),('1363','2019-04-17 12:55:21','contra',NULL,'Insert','contra/insertUpdate','1','122.163.37.171','Firefox','Windows 7'),('1364','2019-04-17 12:56:52','contra',NULL,'Insert','contra/insertUpdate','1','122.163.37.171','Firefox','Windows 7'),('1365','2019-04-17 12:58:33','feespayment',NULL,'Insert','feespayment/duePayment_action','1','122.163.37.171','Firefox','Windows 7'),('1366','2019-04-18 00:00:00','Registration',NULL,'Update','student/saveStudent','1','122.163.37.171','Firefox','Windows 7'),('1367','2019-04-19 11:05:59','caste',NULL,'Insert','caste/caste_action','1','122.163.37.171','Firefox','Windows 7'),('1368','2019-04-19 11:05:59','caste',NULL,'Insert','caste/caste_action','1','122.163.37.171','Firefox','Windows 7'),('1369','2019-04-19 11:05:59','caste',NULL,'Insert','caste/caste_action','1','122.163.37.171','Firefox','Windows 7'),('1370','2019-04-19 11:05:59','caste',NULL,'Insert','caste/caste_action','1','122.163.37.171','Firefox','Windows 7'),('1371','2019-04-19 11:27:35','contra',NULL,'Insert','contra/insertUpdate','1','122.163.37.171','Firefox','Windows 7'),('1372','2019-04-19 11:35:11','feespayment',NULL,'Delete','feespayment/deleteFeesPayment','1','122.163.37.171','Firefox','Windows 7'),('1373','2019-04-19 11:37:06','feespayment',NULL,'Insert','feespayment/duePayment_action','1','122.163.37.171','Firefox','Windows 7'),('1374','2019-04-19 11:40:21','feespayment',NULL,'Insert','feespayment/duePayment_action','1','122.163.37.171','Firefox','Windows 7'),('1375','2019-04-19 11:47:11','contra',NULL,'Insert','contra/insertUpdate','1','122.163.37.171','Firefox','Windows 7'),('1376','2019-04-19 11:48:47','contra',NULL,'Insert','contra/insertUpdate','1','122.163.37.171','Firefox','Windows 7'),('1377','2019-04-19 11:52:03','feespayment',NULL,'Insert','feespayment/duePayment_action','1','122.163.37.171','Firefox','Windows 7'),('1378','2019-04-19 11:58:16','contra',NULL,'Insert','contra/insertUpdate','1','122.163.37.171','Firefox','Windows 7'),('1379','2019-04-19 12:00:43','feespayment',NULL,'Insert','feespayment/duePayment_action','1','122.163.37.171','Firefox','Windows 7'),('1380','2019-04-19 12:03:36','feespayment',NULL,'Insert','feespayment/duePayment_action','1','122.163.37.171','Firefox','Windows 7'),('1381','2019-04-19 12:04:40','contra',NULL,'Insert','contra/insertUpdate','1','122.163.37.171','Firefox','Windows 7'),('1382','2019-04-19 12:06:33','feespayment',NULL,'Insert','feespayment/duePayment_action','1','122.163.37.171','Firefox','Windows 7'),('1383','2019-04-19 12:08:05','contra',NULL,'Insert','contra/insertUpdate','1','122.163.37.171','Firefox','Windows 7'),('1384','2019-04-19 00:00:00','Registration',NULL,'Insert','student/saveStudent','1','122.163.37.171','Firefox','Windows 7'),('1385','2019-04-19 12:20:35','caste',NULL,'Insert','caste/caste_action','1','122.163.37.171','Firefox','Windows 7'),('1386','2019-04-19 12:20:35','caste',NULL,'Insert','caste/caste_action','1','122.163.37.171','Firefox','Windows 7'),('1387','2019-04-19 12:21:50','contra',NULL,'Insert','contra/insertUpdate','1','122.163.37.171','Firefox','Windows 7'),('1388','2019-04-19 12:24:04','feespayment',NULL,'Insert','feespayment/duePayment_action','1','122.163.37.171','Firefox','Windows 7'),('1389','2019-04-19 12:25:02','contra',NULL,'Insert','contra/insertUpdate','1','122.163.37.171','Firefox','Windows 7'),('1390','2019-04-19 12:33:06','feespayment',NULL,'Insert','feespayment/duePayment_action','1','122.163.37.171','Firefox','Windows 7'),('1391','2019-04-19 12:34:07','contra',NULL,'Insert','contra/insertUpdate','1','122.163.37.171','Firefox','Windows 7'),('1392','2019-04-19 12:38:52','feespayment',NULL,'Insert','feespayment/duePayment_action','1','122.163.37.171','Firefox','Windows 7'),('1393','2019-04-19 12:40:33','contra',NULL,'Insert','contra/insertUpdate','1','122.163.37.171','Firefox','Windows 7'),('1394','2019-04-20 08:37:04','contra',NULL,'Insert','contra/insertUpdate','1','122.163.37.171','Firefox','Windows 7'),('1395','2019-04-20 08:49:59','contra',NULL,'Insert','contra/insertUpdate','1','122.163.37.171','Firefox','Windows 7'),('1396','2019-04-20 08:51:32','contra',NULL,'Insert','contra/insertUpdate','1','122.163.37.171','Firefox','Windows 7'),('1397','2019-04-20 08:54:12','Feespayment',NULL,'Update','Feespayment/updatePaymentMaster','1','122.163.37.171','Firefox','Windows 7'),('1398','2019-04-20 08:59:09','feespayment',NULL,'Insert','feespayment/duePayment_action','1','122.163.37.171','Firefox','Windows 7'),('1399','2019-04-20 00:00:00','Registration',NULL,'Insert','student/saveStudent','1','122.163.37.171','Firefox','Windows 7'),('1400','2019-04-20 00:00:00','Registration',NULL,'Insert','student/saveStudent','1','122.163.37.171','Firefox','Windows 7'),('1401','2019-04-22 07:18:20','feescomponent',NULL,'Update','feescomponent/feesComponent_action','1','47.15.174.108','Firefox','Windows 7'),('1402','2019-04-22 07:18:20','feescomponent',NULL,'Insert','feescomponent/feesComponent_action','1','47.15.174.108','Firefox','Windows 7'),('1403','2019-04-22 07:18:20','feescomponent',NULL,'Insert','feescomponent/feesComponent_action','1','47.15.174.108','Firefox','Windows 7'),('1404','2019-04-22 07:18:20','feescomponent',NULL,'Insert','feescomponent/feesComponent_action','1','47.15.174.108','Firefox','Windows 7'),('1405','2019-04-22 07:18:20','feescomponent',NULL,'Insert','feescomponent/feesComponent_action','1','47.15.174.108','Firefox','Windows 7'),('1406','2019-04-22 07:18:20','feescomponent',NULL,'Insert','feescomponent/feesComponent_action','1','47.15.174.108','Firefox','Windows 7'),('1407','2019-04-22 07:18:20','feescomponent',NULL,'Insert','feescomponent/feesComponent_action','1','47.15.174.108','Firefox','Windows 7'),('1408','2019-04-22 07:18:20','feescomponent',NULL,'Insert','feescomponent/feesComponent_action','1','47.15.174.108','Firefox','Windows 7'),('1409','2019-04-22 07:18:20','feescomponent',NULL,'Insert','feescomponent/feesComponent_action','1','47.15.174.108','Firefox','Windows 7'),('1410','2019-04-22 07:18:20','feescomponent',NULL,'Insert','feescomponent/feesComponent_action','1','47.15.174.108','Firefox','Windows 7'),('1411','2019-04-22 07:18:20','feescomponent',NULL,'Insert','feescomponent/feesComponent_action','1','47.15.174.108','Firefox','Windows 7'),('1412','2019-04-22 07:18:20','feescomponent',NULL,'Insert','feescomponent/feesComponent_action','1','47.15.174.108','Firefox','Windows 7'),('1413','2019-04-22 07:18:20','feescomponent',NULL,'Insert','feescomponent/feesComponent_action','1','47.15.174.108','Firefox','Windows 7'),('1414','2019-04-22 07:18:43','feescomponent',NULL,'Update','feescomponent/feesComponent_action','1','47.15.132.102','Firefox','Windows 7'),('1415','2019-04-22 07:18:43','feescomponent',NULL,'Insert','feescomponent/feesComponent_action','1','47.15.132.102','Firefox','Windows 7'),('1416','2019-04-22 07:18:43','feescomponent',NULL,'Insert','feescomponent/feesComponent_action','1','47.15.132.102','Firefox','Windows 7'),('1417','2019-04-22 07:18:43','feescomponent',NULL,'Insert','feescomponent/feesComponent_action','1','47.15.132.102','Firefox','Windows 7'),('1418','2019-04-22 07:18:43','feescomponent',NULL,'Insert','feescomponent/feesComponent_action','1','47.15.132.102','Firefox','Windows 7'),('1419','2019-04-22 07:18:43','feescomponent',NULL,'Insert','feescomponent/feesComponent_action','1','47.15.132.102','Firefox','Windows 7'),('1420','2019-04-22 07:18:43','feescomponent',NULL,'Insert','feescomponent/feesComponent_action','1','47.15.132.102','Firefox','Windows 7'),('1421','2019-04-22 07:18:43','feescomponent',NULL,'Insert','feescomponent/feesComponent_action','1','47.15.132.102','Firefox','Windows 7'),('1422','2019-04-22 07:18:43','feescomponent',NULL,'Insert','feescomponent/feesComponent_action','1','47.15.132.102','Firefox','Windows 7'),('1423','2019-04-22 07:18:43','feescomponent',NULL,'Insert','feescomponent/feesComponent_action','1','47.15.132.102','Firefox','Windows 7'),('1424','2019-04-22 07:18:43','feescomponent',NULL,'Insert','feescomponent/feesComponent_action','1','47.15.132.102','Firefox','Windows 7'),('1425','2019-04-22 07:18:43','feescomponent',NULL,'Insert','feescomponent/feesComponent_action','1','47.15.132.102','Firefox','Windows 7'),('1426','2019-04-22 07:18:43','feescomponent',NULL,'Insert','feescomponent/feesComponent_action','1','47.15.132.102','Firefox','Windows 7'),('1427','2019-04-22 08:02:33','account',NULL,'Insert','account/accountAddEdit','1','47.15.184.203','Firefox','Windows 7'),('1428','2019-04-22 08:06:42','feescomponent',NULL,'Insert','feescomponent/feesComponent_action','1','47.15.184.203','Firefox','Windows 7'),('1429','2019-04-22 08:06:42','feescomponent',NULL,'Insert','feescomponent/feesComponent_action','1','47.15.184.203','Firefox','Windows 7'),('1430','2019-04-22 08:06:42','feescomponent',NULL,'Insert','feescomponent/feesComponent_action','1','47.15.184.203','Firefox','Windows 7'),('1431','2019-04-22 08:06:42','feescomponent',NULL,'Insert','feescomponent/feesComponent_action','1','47.15.184.203','Firefox','Windows 7'),('1432','2019-04-22 08:06:42','feescomponent',NULL,'Insert','feescomponent/feesComponent_action','1','47.15.184.203','Firefox','Windows 7'),('1433','2019-04-22 08:06:42','feescomponent',NULL,'Insert','feescomponent/feesComponent_action','1','47.15.184.203','Firefox','Windows 7'),('1434','2019-04-22 08:06:42','feescomponent',NULL,'Insert','feescomponent/feesComponent_action','1','47.15.184.203','Firefox','Windows 7'),('1435','2019-04-22 08:06:42','feescomponent',NULL,'Insert','feescomponent/feesComponent_action','1','47.15.184.203','Firefox','Windows 7'),('1436','2019-04-22 08:06:42','feescomponent',NULL,'Insert','feescomponent/feesComponent_action','1','47.15.184.203','Firefox','Windows 7'),('1437','2019-04-22 08:06:42','feescomponent',NULL,'Insert','feescomponent/feesComponent_action','1','47.15.184.203','Firefox','Windows 7'),('1438','2019-04-22 08:06:42','feescomponent',NULL,'Insert','feescomponent/feesComponent_action','1','47.15.184.203','Firefox','Windows 7'),('1439','2019-04-22 08:06:42','feescomponent',NULL,'Insert','feescomponent/feesComponent_action','1','47.15.184.203','Firefox','Windows 7'),('1440','2019-04-22 08:13:23','feesstructure',NULL,'Insert','feesstructure/feesStructure_action','1','47.15.184.203','Firefox','Windows 7'),('1441','2019-04-22 08:13:52','feesstructure',NULL,'Insert','feesstructure/feesStructure_action','1','47.15.184.203','Firefox','Windows 7'),('1442','2019-04-22 08:16:08','feesstructure',NULL,'Insert','feesstructure/feesStructure_action','1','47.15.184.203','Firefox','Windows 7'),('1443','2019-04-22 08:16:43','feesstructure',NULL,'Insert','feesstructure/feesStructure_action','1','47.15.184.203','Firefox','Windows 7'),('1444','2019-04-22 08:17:08','feesstructure',NULL,'Insert','feesstructure/feesStructure_action','1','47.15.184.203','Firefox','Windows 7'),('1445','2019-04-22 08:20:21','feesstructure',NULL,'Insert','feesstructure/feesStructure_action','1','47.15.184.203','Firefox','Windows 7'),('1446','2019-04-22 08:20:43','feesstructure',NULL,'Insert','feesstructure/feesStructure_action','1','47.15.184.203','Firefox','Windows 7'),('1447','2019-04-22 08:21:31','feesstructure',NULL,'Insert','feesstructure/feesStructure_action','1','47.15.184.203','Firefox','Windows 7'),('1448','2019-04-22 08:23:38','feesstructure',NULL,'Insert','feesstructure/feesStructure_action','1','47.15.184.203','Firefox','Windows 7'),('1449','2019-04-22 08:24:01','feesstructure',NULL,'Insert','feesstructure/feesStructure_action','1','47.15.184.203','Firefox','Windows 7'),('1450','2019-04-22 09:06:42','feescomponent',NULL,'Update','feescomponent/feesComponent_action','1','47.15.184.203','Firefox','Windows 7'),('1451','2019-04-22 09:06:42','feescomponent',NULL,'Insert','feescomponent/feesComponent_action','1','47.15.184.203','Firefox','Windows 7'),('1452','2019-04-22 00:00:00','Registration',NULL,'Insert','student/saveStudent','1','47.15.184.203','Firefox','Windows 7'),('1453','2019-04-22 00:00:00','Registration',NULL,'Update','student/saveStudent','1','47.15.184.203','Firefox','Windows 7'),('1454','2019-04-22 00:00:00','Registration',NULL,'Update','student/saveStudent','1','47.15.184.203','Firefox','Windows 7'),('1455','2019-04-22 00:00:00','Registration',NULL,'Insert','student/saveStudent','1','47.15.184.203','Firefox','Windows 7'),('1456','2019-04-23 00:00:00','Registration',NULL,'Insert','student/saveStudent','1','122.163.37.171','Firefox','Windows 7'),('1457','2019-04-23 00:00:00','Registration',NULL,'Insert','student/saveStudent','1','122.163.37.171','Firefox','Windows 7'),('1458','2019-04-25 00:00:00','Registration',NULL,'Update','student/saveStudent','1','122.163.37.171','Firefox','Windows 7'),('1459','2019-04-25 00:00:00','Registration',NULL,'Update','student/saveStudent','1','122.163.37.171','Firefox','Windows 7'),('1460','2019-04-25 12:10:14','generalvoucher',NULL,'Insert','generalvoucher/saveVoucherData','1','122.163.37.171','Firefox','Windows 7'),('1461','2019-04-25 12:11:40','contra',NULL,'Insert','contra/insertUpdate','1','122.163.37.171','Firefox','Windows 7'),('1462','2019-04-25 12:13:31','contra',NULL,'Insert','journal/insertUpdate','1','122.163.37.171','Firefox','Windows 7'),('1463','2019-04-25 12:16:02','contra',NULL,'Insert','contra/insertUpdate','1','122.163.37.171','Firefox','Windows 7'),('1464','2019-04-25 12:18:34','contra',NULL,'Insert','journal/insertUpdate','1','122.163.37.171','Firefox','Windows 7'),('1465','2019-04-25 12:22:10','generalvoucher',NULL,'Insert','generalvoucher/saveVoucherData','1','122.163.37.171','Firefox','Windows 7'),('1466','2019-04-25 12:27:09','contra',NULL,'Insert','journal/insertUpdate','1','122.163.37.171','Firefox','Windows 7'),('1467','2019-04-25 12:39:04','feescomponent',NULL,'Update','feescomponent/feesComponent_action','1','122.163.37.171','Firefox','Windows 7'),('1468','2019-04-25 12:39:04','feescomponent',NULL,'Insert','feescomponent/feesComponent_action','1','122.163.37.171','Firefox','Windows 7'),('1469','2019-04-25 12:39:04','feescomponent',NULL,'Insert','feescomponent/feesComponent_action','1','122.163.37.171','Firefox','Windows 7'),('1470','2019-04-25 12:39:04','feescomponent',NULL,'Insert','feescomponent/feesComponent_action','1','122.163.37.171','Firefox','Windows 7'),('1471','2019-04-25 12:39:04','feescomponent',NULL,'Insert','feescomponent/feesComponent_action','1','122.163.37.171','Firefox','Windows 7'),('1472','2019-04-25 12:39:04','feescomponent',NULL,'Insert','feescomponent/feesComponent_action','1','122.163.37.171','Firefox','Windows 7'),('1473','2019-04-25 12:39:04','feescomponent',NULL,'Insert','feescomponent/feesComponent_action','1','122.163.37.171','Firefox','Windows 7'),('1474','2019-04-25 12:39:04','feescomponent',NULL,'Insert','feescomponent/feesComponent_action','1','122.163.37.171','Firefox','Windows 7'),('1475','2019-04-25 12:39:04','feescomponent',NULL,'Insert','feescomponent/feesComponent_action','1','122.163.37.171','Firefox','Windows 7'),('1476','2019-04-25 12:39:04','feescomponent',NULL,'Insert','feescomponent/feesComponent_action','1','122.163.37.171','Firefox','Windows 7'),('1477','2019-04-25 12:39:04','feescomponent',NULL,'Insert','feescomponent/feesComponent_action','1','122.163.37.171','Firefox','Windows 7'),('1478','2019-04-25 12:39:05','feescomponent',NULL,'Insert','feescomponent/feesComponent_action','1','122.163.37.171','Firefox','Windows 7'),('1479','2019-04-25 12:39:05','feescomponent',NULL,'Insert','feescomponent/feesComponent_action','1','122.163.37.171','Firefox','Windows 7'),('1480','2019-04-25 12:48:24','caste',NULL,'Insert','caste/caste_action','1','122.163.37.171','Firefox','Windows 7'),('1481','2019-04-25 12:48:24','caste',NULL,'Insert','caste/caste_action','1','122.163.37.171','Firefox','Windows 7'),('1482','2019-04-25 12:48:24','caste',NULL,'Insert','caste/caste_action','1','122.163.37.171','Firefox','Windows 7'),('1483','2019-04-25 12:49:46','contra',NULL,'Insert','contra/insertUpdate','1','122.163.37.171','Firefox','Windows 7'),('1484','2019-04-25 12:58:30','feescomponent',NULL,'Update','feescomponent/feesComponent_action','1','202.142.91.147','Chrome','Windows 10'),('1485','2019-04-25 12:58:30','feescomponent',NULL,'Insert','feescomponent/feesComponent_action','1','202.142.91.147','Chrome','Windows 10'),('1486','2019-04-25 13:00:21','feescomponent',NULL,'Update','feescomponent/feesComponent_action','1','202.142.91.147','Chrome','Windows 10'),('1487','2019-04-25 13:00:21','feescomponent',NULL,'Insert','feescomponent/feesComponent_action','1','202.142.91.147','Chrome','Windows 10'),('1488','2019-04-25 13:00:21','feescomponent',NULL,'Insert','feescomponent/feesComponent_action','1','202.142.91.147','Chrome','Windows 10'),('1489','2019-04-25 13:00:21','feescomponent',NULL,'Insert','feescomponent/feesComponent_action','1','202.142.91.147','Chrome','Windows 10'),('1490','2019-04-25 13:00:21','feescomponent',NULL,'Insert','feescomponent/feesComponent_action','1','202.142.91.147','Chrome','Windows 10'),('1491','2019-04-25 13:00:21','feescomponent',NULL,'Insert','feescomponent/feesComponent_action','1','202.142.91.147','Chrome','Windows 10'),('1492','2019-04-25 13:00:21','feescomponent',NULL,'Insert','feescomponent/feesComponent_action','1','202.142.91.147','Chrome','Windows 10'),('1493','2019-04-25 13:00:21','feescomponent',NULL,'Insert','feescomponent/feesComponent_action','1','202.142.91.147','Chrome','Windows 10'),('1494','2019-04-25 13:00:21','feescomponent',NULL,'Insert','feescomponent/feesComponent_action','1','202.142.91.147','Chrome','Windows 10'),('1495','2019-04-25 13:00:21','feescomponent',NULL,'Insert','feescomponent/feesComponent_action','1','202.142.91.147','Chrome','Windows 10'),('1496','2019-04-25 13:00:21','feescomponent',NULL,'Insert','feescomponent/feesComponent_action','1','202.142.91.147','Chrome','Windows 10'),('1497','2019-04-25 13:00:21','feescomponent',NULL,'Insert','feescomponent/feesComponent_action','1','202.142.91.147','Chrome','Windows 10'),('1498','2019-04-25 13:00:21','feescomponent',NULL,'Insert','feescomponent/feesComponent_action','1','202.142.91.147','Chrome','Windows 10'),('1499','2019-04-26 14:57:28','feesstructure',NULL,'Insert','feesstructure/feesStructure_action','1','202.142.91.147','Firefox','Windows 10');

/*Table structure for table `admin_menu_master` */

CREATE TABLE `admin_menu_master` (
  `adm_menu_id` int(10) NOT NULL AUTO_INCREMENT,
  `adm_menu_name` varchar(255) DEFAULT NULL,
  `adm_menu_link` varchar(255) DEFAULT NULL,
  `is_parent` enum('P','SM','SSM','C') DEFAULT NULL COMMENT 'P= Parent,SM=Sub Menu, SSM= Sub Sub Menu',
  `parent_id` int(10) DEFAULT NULL,
  `menu_srl` int(10) DEFAULT NULL,
  `is_active` enum('Y','N') DEFAULT NULL,
  `created_on` datetime DEFAULT NULL,
  PRIMARY KEY (`adm_menu_id`)
) ENGINE=InnoDB AUTO_INCREMENT=31 DEFAULT CHARSET=utf8;

/*Data for the table `admin_menu_master` */

insert  into `admin_menu_master`(`adm_menu_id`,`adm_menu_name`,`adm_menu_link`,`is_parent`,`parent_id`,`menu_srl`,`is_active`,`created_on`) values ('1','Get Ready',NULL,'P',NULL,'1','Y','2018-12-26 17:14:21'),('3','Class','classlist','C','1','1','Y','2018-12-26 17:56:03'),('4','Section','section','C','1','2','Y','2018-12-26 18:04:30'),('5','Occupation','occupation','C','1','3','Y','2018-12-26 18:04:54'),('6','Religion','religion','C','1','4','Y','2018-12-26 18:05:27'),('7','Caste','caste','C','1','5','Y','2018-12-26 18:09:12'),('8','Relationship','relationship','C','1','6','Y','2018-12-26 18:10:08'),('9','Student',NULL,'P',NULL,'2','Y','2018-12-26 18:10:31'),('10','Registration','student/addstudent','C','9','1','Y','2018-12-29 13:15:15'),('11','Student - List','student','C','9','2','Y','2018-12-29 13:16:41'),('12','Settings',NULL,'P',NULL,'3','Y','2019-01-07 12:51:57'),('13','Fees Component','feescomponent','C','12','1','Y','2019-01-07 12:55:51'),('14','Fees Structure','feesstructure','C','12','2','Y','2019-01-07 12:56:10'),('15','Fees Receipt','feespayment','C','24','3','Y','2019-01-08 15:39:35'),('16','Receipt History','feespayment/payment_history','C','24','4','Y','2019-01-10 16:25:56'),('17','Accounts',NULL,'C','1','7','Y','2019-01-21 17:08:03'),('18','Group','accounts','SM','17','1','Y','2019-01-21 17:09:56'),('19','Account','accounts/accountList','SM','17','2','Y','2019-01-23 12:44:40'),('20','Section & Roll Allotment','sectionandroll','C','9','3','Y','2019-01-29 00:00:00'),('21','Vendor','vendor','SM','17','4','Y','2019-01-30 00:00:00'),('22','Voucher',NULL,'P',NULL,'5','Y','2019-02-11 00:00:00'),('23','Contra','contra','C','22','1','Y','2019-02-11 00:00:00'),('24','Receipt',NULL,'P',NULL,'4','Y','2019-02-11 00:00:00'),('25','Journal','journal','C','22','2','Y','2019-02-14 00:00:00'),('26','Accounting Statement',NULL,'P',NULL,'6','Y','2019-02-18 00:00:00'),('27','Trial Balance','trialbalance','C','26','2','Y','2019-02-18 00:00:00'),('28','General Ledger','generalledger','C','26','1','Y','2019-02-22 14:34:23'),('29','General','generalvoucher','C','22','3','Y','2019-02-28 11:56:05'),('30','Closing Blance Transfer','Closingblancetransfer','C','26','3','Y','2019-04-03 13:15:00');

/*Table structure for table `admin_user` */

CREATE TABLE `admin_user` (
  `user_id` int(10) NOT NULL AUTO_INCREMENT,
  `username` varchar(255) DEFAULT NULL,
  `password` varchar(255) DEFAULT NULL,
  `school_master_id` int(10) DEFAULT NULL,
  `is_active` enum('Y','N') DEFAULT NULL,
  `mobile_no` varchar(20) DEFAULT NULL,
  `created_on` timestamp NULL DEFAULT CURRENT_TIMESTAMP,
  `created_by` int(10) DEFAULT NULL,
  `last_modified` datetime DEFAULT NULL,
  PRIMARY KEY (`user_id`)
) ENGINE=InnoDB AUTO_INCREMENT=2 DEFAULT CHARSET=utf8;

/*Data for the table `admin_user` */

insert  into `admin_user`(`user_id`,`username`,`password`,`school_master_id`,`is_active`,`mobile_no`,`created_on`,`created_by`,`last_modified`) values ('1','admin','admin','1','Y',NULL,'2018-12-26 18:37:27',NULL,NULL);

/*Table structure for table `blood_group` */

CREATE TABLE `blood_group` (
  `id` int(10) NOT NULL AUTO_INCREMENT,
  `group` varchar(50) DEFAULT NULL,
  PRIMARY KEY (`id`)
) ENGINE=InnoDB AUTO_INCREMENT=9 DEFAULT CHARSET=utf8;

/*Data for the table `blood_group` */

insert  into `blood_group`(`id`,`group`) values ('1','A'),('2','B'),('3','AB'),('4','O'),('5','A-'),('6','B-'),('7','AB-'),('8','O-');

/*Table structure for table `caste_master` */

CREATE TABLE `caste_master` (
  `id` int(10) NOT NULL AUTO_INCREMENT,
  `caste` varchar(255) DEFAULT NULL,
  `is_active` tinyint(1) DEFAULT NULL,
  `created_on` timestamp NOT NULL DEFAULT CURRENT_TIMESTAMP,
  `created_by` int(10) DEFAULT NULL,
  `last_modified` datetime DEFAULT NULL,
  PRIMARY KEY (`id`)
) ENGINE=InnoDB AUTO_INCREMENT=8 DEFAULT CHARSET=utf8;

/*Data for the table `caste_master` */

insert  into `caste_master`(`id`,`caste`,`is_active`,`created_on`,`created_by`,`last_modified`) values ('1','General','1','2018-12-26 23:59:05','1',NULL),('2','ST','1','2018-12-26 23:59:19','1','2018-12-26 00:00:00'),('5','SC','1','2018-12-27 00:39:20','1',NULL),('6','OBC','1','2018-12-27 00:39:28','1',NULL),('7','Others','1','2018-12-27 00:42:27','1',NULL);

/*Table structure for table `class_master` */

CREATE TABLE `class_master` (
  `id` int(10) NOT NULL AUTO_INCREMENT,
  `classname` varbinary(255) DEFAULT NULL,
  `created_on` timestamp NOT NULL DEFAULT CURRENT_TIMESTAMP,
  `created_by` int(10) DEFAULT NULL,
  `last_modified` datetime DEFAULT NULL,
  `is_active` tinyint(1) DEFAULT NULL,
  PRIMARY KEY (`id`)
) ENGINE=InnoDB AUTO_INCREMENT=12 DEFAULT CHARSET=utf8;

/*Data for the table `class_master` */

insert  into `class_master`(`id`,`classname`,`created_on`,`created_by`,`last_modified`,`is_active`) values ('1','Nursery','2018-12-26 18:38:49','1','2019-02-01 00:00:00','1'),('2','Lower KG','2018-12-26 21:33:57','1','2019-01-25 00:00:00','1'),('3','Upper KG','2019-01-07 14:38:52','1','2019-01-25 00:00:00','1'),('4','I','2019-01-07 14:39:00','1',NULL,'1'),('5','II','2019-01-07 14:39:57','1',NULL,'1'),('6','III','2019-01-07 14:40:09','1',NULL,'1'),('7','IV','2019-01-07 14:40:18','1',NULL,'1'),('8','V','2019-01-07 14:40:29','1',NULL,'1'),('10','VI','2019-01-25 10:20:24','1',NULL,'1'),('11','VII','2019-03-27 11:25:28','1',NULL,'1');

/*Table structure for table `csvdata` */

CREATE TABLE `csvdata` (
  `id` int(20) NOT NULL AUTO_INCREMENT,
  `Alphsorted` int(20) DEFAULT NULL,
  `Changedate` datetime DEFAULT NULL,
  `Changecomment` varchar(255) DEFAULT NULL,
  `Createddate` datetime DEFAULT NULL,
  `NPUcode` varchar(255) DEFAULT NULL,
  `Shortdefinition` varchar(255) DEFAULT NULL,
  `System` varchar(100) DEFAULT NULL,
  `Sysspec` varchar(255) DEFAULT NULL,
  `Prefix` varchar(255) DEFAULT NULL,
  `Component` varchar(255) DEFAULT NULL,
  `Compspec` varchar(255) DEFAULT NULL,
  `Kindofproperty` varchar(255) DEFAULT NULL,
  `Proc` varchar(255) DEFAULT NULL,
  `Unit` varchar(50) DEFAULT NULL,
  `Speciality` varchar(255) DEFAULT NULL,
  `Subspeciality` varchar(255) DEFAULT NULL,
  `Type` varchar(255) DEFAULT NULL,
  `Codevalue` varchar(255) DEFAULT NULL,
  `Contextdependant` varchar(255) DEFAULT NULL,
  `Scaletype` varchar(255) DEFAULT NULL,
  `Rule` varchar(255) DEFAULT NULL,
  `Active` enum('0','1') DEFAULT '0',
  PRIMARY KEY (`id`)
) ENGINE=InnoDB DEFAULT CHARSET=utf8;

/*Data for the table `csvdata` */

/*Table structure for table `district` */

CREATE TABLE `district` (
  `id` int(11) NOT NULL AUTO_INCREMENT,
  `name` varchar(30) NOT NULL,
  `state_id` int(11) NOT NULL,
  `is_active` enum('Y','N') DEFAULT NULL,
  `created_by` int(10) DEFAULT NULL,
  `created_on` datetime DEFAULT NULL,
  PRIMARY KEY (`id`)
) ENGINE=InnoDB AUTO_INCREMENT=30 DEFAULT CHARSET=utf8;

/*Data for the table `district` */

insert  into `district`(`id`,`name`,`state_id`,`is_active`,`created_by`,`created_on`) values ('4','Bangladesh','4121','Y','1','2018-02-19 16:55:26'),('5','Dhaka','4121','Y','1','2018-02-19 16:55:51'),('6','Jessore','4121','Y','1','2018-02-19 16:56:10'),('7','Khulna','4121','Y','1','2018-02-19 16:56:25'),('8','Naugaon','4121','Y','1','2018-02-19 16:56:39'),('9','Pabna','4121','Y','1','2018-02-19 16:56:56'),('10','Rajsahi','4121','Y','1','2018-02-19 16:57:07'),('11','Dhanbad','16','Y','1','2018-02-19 16:57:17'),('12','Birbhum','41','Y','1','2018-02-19 16:57:25'),('13','Bardhaman','41','Y','1','2018-02-19 16:57:32'),('14','Cooch Behar','41','Y','1','2018-02-19 16:57:38'),('15','South Dinajpur','41','Y','1','2018-02-19 16:57:45'),('16','Darjeeling','41','Y','1','2018-02-19 16:57:52'),('17','Hooghly','41','Y','1','2018-02-19 16:58:21'),('18','Howrah','41','Y','1','2018-02-19 16:58:28'),('19','Jalpaiguri','41','Y','1','2018-02-19 16:58:50'),('20','Kolkata','41','Y','1','2018-02-19 16:58:59'),('21','Malda','41','Y','1','2018-02-19 16:59:04'),('22','Murshidabad','41','Y','1','2018-02-19 16:59:11'),('23','Nadia','41','Y','1','2018-02-19 16:59:17'),('24','24pgs(N)','41','Y','1','2018-02-19 16:59:24'),('25','West Midnapore','41','Y','1','2018-02-19 17:00:00'),('26','East Midnapore','41','Y','1','2018-02-19 17:00:09'),('27','Puruliya','41','Y','1','2018-02-19 17:00:17'),('28','24pgs(S)','41','Y','1','2018-02-19 17:00:25'),('29','North Dinajpur','41','Y','1','2018-02-19 17:00:33');

/*Table structure for table `documents_upload_type` */

CREATE TABLE `documents_upload_type` (
  `id` int(10) NOT NULL AUTO_INCREMENT,
  `document_type` varchar(255) DEFAULT NULL,
  `allowed_extension` varchar(255) DEFAULT NULL,
  `is_active` enum('Y','N') DEFAULT NULL,
  PRIMARY KEY (`id`)
) ENGINE=InnoDB AUTO_INCREMENT=6 DEFAULT CHARSET=utf8;

/*Data for the table `documents_upload_type` */

insert  into `documents_upload_type`(`id`,`document_type`,`allowed_extension`,`is_active`) values ('1','Profile Pic',NULL,'Y'),('2','Images',NULL,'Y'),('3','PDF Documents',NULL,'Y'),('4','XLS Documents',NULL,'Y'),('5','Others',NULL,'Y');

/*Table structure for table `fees_session` */

CREATE TABLE `fees_session` (
  `id` int(10) NOT NULL AUTO_INCREMENT,
  `fees_id` int(10) DEFAULT NULL,
  `class_id` int(10) DEFAULT NULL,
  `amount` decimal(10,2) DEFAULT NULL,
  `acdm_session_id` int(10) DEFAULT NULL,
  `accnt_year_id` int(11) DEFAULT NULL,
  `school_id` int(10) DEFAULT NULL,
  `created_on` timestamp NOT NULL DEFAULT CURRENT_TIMESTAMP,
  `created_by` int(10) DEFAULT NULL,
  `last_modified` datetime DEFAULT NULL,
  PRIMARY KEY (`id`)
) ENGINE=InnoDB AUTO_INCREMENT=46 DEFAULT CHARSET=utf8;

/*Data for the table `fees_session` */

insert  into `fees_session`(`id`,`fees_id`,`class_id`,`amount`,`acdm_session_id`,`accnt_year_id`,`school_id`,`created_on`,`created_by`,`last_modified`) values ('6','15','2','11000.00','1','1','1','2019-03-06 04:54:15','1',NULL),('7','13','2','5000.00','1','1','1','2019-03-06 04:54:40','1',NULL),('8','15','3','11000.00','1','1','1','2019-03-06 04:55:11','1',NULL),('9','13','3','5000.00','1','1','1','2019-03-06 04:55:34','1',NULL),('12','15','1','11000.00','1','1','1','2019-03-06 04:58:11','1',NULL),('13','13','1','5000.00','1','1','1','2019-03-06 04:58:33','1',NULL),('14','15','4','11000.00','1','1','1','2019-03-06 04:58:56','1',NULL),('15','13','4','5000.00','1','1','1','2019-03-06 04:59:18','1',NULL),('16','15','5','11000.00','1','1','1','2019-03-06 04:59:39','1',NULL),('18','15','6','11000.00','1','1','1','2019-03-06 05:00:28','1',NULL),('19','13','6','5000.00','1','1','1','2019-03-06 05:01:02','1',NULL),('20','15','7','11000.00','1','1','1','2019-03-06 05:01:29','1',NULL),('21','13','7','5000.00','1','1','1','2019-03-06 05:01:51','1',NULL),('22','15','8','11000.00','1','1','1','2019-03-06 05:02:15','1',NULL),('23','13','8','5000.00','1','1','1','2019-03-06 05:02:31','1',NULL),('24','15','10','11000.00','1','1','1','2019-03-06 05:02:59','1',NULL),('25','13','10','5000.00','1','1','1','2019-03-06 05:03:49','1',NULL),('26','15','4','11000.00','2','1','1','2019-03-12 06:12:30','1',NULL),('27','13','4','5000.00','2','1','1','2019-03-12 06:12:51','1',NULL),('29','15','1','11000.00','2','1','1','2019-03-20 11:07:37','1',NULL),('30','13','1','5000.00','2','1','1','2019-03-20 11:08:23','1',NULL),('31','15','7','11000.00','2','1','1','2019-03-20 11:09:28','1',NULL),('32','13','7','5000.00','2','1','1','2019-03-20 11:09:49','1',NULL),('33','15','11','11000.00','1','1','1','2019-03-28 07:24:47','1',NULL),('34','13','11','5000.00','1','1','1','2019-03-28 07:25:17','1',NULL),('45','13','5','5000.00','1','1','1','2019-04-26 14:57:28','1',NULL);

/*Table structure for table `fees_strucrure_month_dtl` */

CREATE TABLE `fees_strucrure_month_dtl` (
  `id` int(10) NOT NULL AUTO_INCREMENT,
  `fees_structure_id` int(10) DEFAULT NULL COMMENT 'Table:fees_structure',
  `month_id` int(10) DEFAULT NULL,
  `amount` decimal(10,2) DEFAULT NULL,
  `created_on` timestamp NOT NULL DEFAULT CURRENT_TIMESTAMP,
  `created_by` int(10) DEFAULT NULL,
  `last_modified` datetime DEFAULT NULL,
  PRIMARY KEY (`id`)
) ENGINE=InnoDB AUTO_INCREMENT=228 DEFAULT CHARSET=utf8;

/*Data for the table `fees_strucrure_month_dtl` */

insert  into `fees_strucrure_month_dtl`(`id`,`fees_structure_id`,`month_id`,`amount`,`created_on`,`created_by`,`last_modified`) values ('114','8','8',NULL,'2019-01-25 08:29:44',NULL,NULL),('115','2','1',NULL,'2019-01-25 08:58:46',NULL,NULL),('117','14','1',NULL,'2019-02-16 11:49:09',NULL,NULL),('165','16','1',NULL,'2019-03-13 09:40:23',NULL,NULL),('166','13','1',NULL,'2019-04-22 07:18:20',NULL,NULL),('167','13','2',NULL,'2019-04-22 07:18:20',NULL,NULL),('168','13','3',NULL,'2019-04-22 07:18:20',NULL,NULL),('169','13','4',NULL,'2019-04-22 07:18:20',NULL,NULL),('170','13','5',NULL,'2019-04-22 07:18:20',NULL,NULL),('171','13','6',NULL,'2019-04-22 07:18:20',NULL,NULL),('172','13','7',NULL,'2019-04-22 07:18:20',NULL,NULL),('173','13','8',NULL,'2019-04-22 07:18:20',NULL,NULL),('174','13','9',NULL,'2019-04-22 07:18:20',NULL,NULL),('175','13','10',NULL,'2019-04-22 07:18:20',NULL,NULL),('176','13','11',NULL,'2019-04-22 07:18:20',NULL,NULL),('177','13','12',NULL,'2019-04-22 07:18:20',NULL,NULL),('178','15','1',NULL,'2019-04-22 07:18:43',NULL,NULL),('179','15','2',NULL,'2019-04-22 07:18:43',NULL,NULL),('180','15','3',NULL,'2019-04-22 07:18:43',NULL,NULL),('181','15','4',NULL,'2019-04-22 07:18:43',NULL,NULL),('182','15','5',NULL,'2019-04-22 07:18:43',NULL,NULL),('183','15','6',NULL,'2019-04-22 07:18:43',NULL,NULL),('184','15','7',NULL,'2019-04-22 07:18:43',NULL,NULL),('185','15','8',NULL,'2019-04-22 07:18:43',NULL,NULL),('186','15','9',NULL,'2019-04-22 07:18:43',NULL,NULL),('187','15','10',NULL,'2019-04-22 07:18:43',NULL,NULL),('188','15','11',NULL,'2019-04-22 07:18:43',NULL,NULL),('189','15','12',NULL,'2019-04-22 07:18:43',NULL,NULL);

/*Table structure for table `fees_structure` */

CREATE TABLE `fees_structure` (
  `id` int(10) NOT NULL AUTO_INCREMENT,
  `fees_desc` varchar(255) DEFAULT NULL,
  `account_id` int(50) DEFAULT NULL,
  `school_id` int(10) DEFAULT NULL,
  `created_on` timestamp NOT NULL DEFAULT CURRENT_TIMESTAMP,
  `created_by` int(10) DEFAULT NULL,
  `last_modified` datetime DEFAULT NULL,
  PRIMARY KEY (`id`)
) ENGINE=InnoDB AUTO_INCREMENT=18 DEFAULT CHARSET=utf8;

/*Data for the table `fees_structure` */

insert  into `fees_structure`(`id`,`fees_desc`,`account_id`,`school_id`,`created_on`,`created_by`,`last_modified`) values ('2','Session Fees','21','1','2019-01-07 16:58:57','1','2019-01-25 00:00:00'),('3','ADMINISTRATION CHARGES',NULL,'1','2019-01-08 13:22:07','1','2019-01-09 00:00:00'),('4','DEVELOPMENT FEES',NULL,'1','2019-01-08 14:24:41','1','2019-01-09 00:00:00'),('5','COMPUTER FEES',NULL,'1','2019-01-08 14:24:58','1','2019-01-08 00:00:00'),('6','MUSIC &amp; DANCE',NULL,'1','2019-01-08 14:25:29','1',NULL),('8','EXAM FEES','20','1','2019-01-08 14:27:09','1','2019-01-25 00:00:00'),('13','Registration Fees','22','1','2019-01-25 08:59:08','1','2019-04-22 00:00:00'),('14','LABORATORY FEES',NULL,'1','2019-02-16 11:49:09','1',NULL),('15','Admission Fees','103','1','2019-02-26 09:48:01','1','2019-04-22 00:00:00'),('16','Text Book Fee','112','1','2019-03-13 09:40:23','1',NULL),('17','Monthly Fees','173','1','2019-04-22 08:06:42','1','2019-04-25 00:00:00');

/*Table structure for table `gender_master` */

CREATE TABLE `gender_master` (
  `id` int(10) NOT NULL AUTO_INCREMENT,
  `gender` varchar(50) DEFAULT NULL,
  PRIMARY KEY (`id`)
) ENGINE=InnoDB AUTO_INCREMENT=4 DEFAULT CHARSET=utf8;

/*Data for the table `gender_master` */

insert  into `gender_master`(`id`,`gender`) values ('1','Male'),('2','Female'),('3','Other');

/*Table structure for table `group_master` */

CREATE TABLE `group_master` (
  `id` int(11) NOT NULL AUTO_INCREMENT,
  `group_description` varchar(1000) NOT NULL,
  `main_category` enum('B','P') NOT NULL COMMENT 'B-Balance Sheet,P-Profit & Loss',
  `sub_category` enum('A','L','I','E') NOT NULL COMMENT 'A-Assets,L-Liability,I-Income,E-Expenditure',
  `is_bank` enum('Y','N') DEFAULT NULL,
  `is_special` enum('Y','N') NOT NULL COMMENT 'for delete purpose',
  `is_active` enum('Y','N') NOT NULL,
  `create_dt` timestamp NOT NULL DEFAULT CURRENT_TIMESTAMP ON UPDATE CURRENT_TIMESTAMP,
  PRIMARY KEY (`id`)
) ENGINE=InnoDB AUTO_INCREMENT=46 DEFAULT CHARSET=latin1;

/*Data for the table `group_master` */

insert  into `group_master`(`id`,`group_description`,`main_category`,`sub_category`,`is_bank`,`is_special`,`is_active`,`create_dt`) values ('31','Sundry Debtor','B','A',NULL,'Y','Y','2019-02-13 14:11:55'),('32','Sundry Creditor','B','L',NULL,'Y','Y','2019-02-26 07:24:50'),('33','Cash','B','A',NULL,'Y','Y','2019-02-13 14:11:55'),('34','Bank','B','A',NULL,'Y','Y','2019-02-13 14:11:55'),('35','Indirect Expenses','P','E',NULL,'Y','Y','2019-02-18 07:22:17'),('36','Sale','P','I',NULL,'Y','Y','2019-02-13 14:11:55'),('37','Purchase','P','E',NULL,'Y','Y','2019-02-13 14:11:55'),('38','Current Liabilities','B','L',NULL,'Y','Y','2019-02-13 14:11:55'),('39','Direct Expenditure','P','E',NULL,'Y','Y','2019-02-13 14:11:55'),('40','Fixed Assets','B','A',NULL,'Y','Y','2019-02-13 14:11:55'),('41','Indirect Income','P','I',NULL,'Y','Y','2019-02-13 14:11:55'),('42','Investment','B','A',NULL,'Y','Y','2019-02-13 14:11:55'),('43','Direct Income','P','I','N','N','Y','2019-02-13 14:13:09'),('44','Salary','P','E','N','N','Y','2019-02-21 10:40:14'),('45','Vendor','P','E','Y','N','Y','2019-02-26 07:44:03');

/*Table structure for table `month_master` */

CREATE TABLE `month_master` (
  `id` int(10) NOT NULL AUTO_INCREMENT,
  `month` varchar(255) DEFAULT NULL,
  `month_code` varchar(10) DEFAULT NULL,
  PRIMARY KEY (`id`)
) ENGINE=InnoDB AUTO_INCREMENT=13 DEFAULT CHARSET=utf8;

/*Data for the table `month_master` */

insert  into `month_master`(`id`,`month`,`month_code`) values ('1','April','APR'),('2','May','MAY'),('3','June','JUN'),('4','July','JUL'),('5','August','AUG'),('6','September','SEP'),('7','October','OCT'),('8','November','MOV'),('9','December','DEC'),('10','January','JAN'),('11','February','FEB'),('12','March','MAR');

/*Table structure for table `occupation_master` */

CREATE TABLE `occupation_master` (
  `id` int(10) NOT NULL AUTO_INCREMENT,
  `occupation` varchar(255) DEFAULT NULL,
  `is_active` tinyint(1) DEFAULT NULL,
  `created_on` timestamp NOT NULL DEFAULT CURRENT_TIMESTAMP,
  `created_by` int(10) DEFAULT NULL,
  `last_modified` datetime DEFAULT NULL,
  PRIMARY KEY (`id`)
) ENGINE=InnoDB AUTO_INCREMENT=8 DEFAULT CHARSET=utf8;

/*Data for the table `occupation_master` */

insert  into `occupation_master`(`id`,`occupation`,`is_active`,`created_on`,`created_by`,`last_modified`) values ('1','Teacher','1','2018-12-26 22:43:34','1','2018-12-26 00:00:00'),('4','Service','1','2019-01-25 08:18:28','1',NULL),('5','Business','1','2019-01-29 08:14:37','1',NULL),('6','Housewife','1','2019-01-29 08:15:10','1',NULL),('7','Doctor','1','2019-01-31 09:46:57','1',NULL);

/*Table structure for table `payment_details` */

CREATE TABLE `payment_details` (
  `id` int(10) NOT NULL AUTO_INCREMENT,
  `payment_master_id` int(10) DEFAULT NULL,
  `payment_month_dtl_id` int(10) DEFAULT NULL COMMENT 'Table:payment_month_dtl',
  `month_id` int(10) DEFAULT NULL,
  `fees_component_id` int(10) DEFAULT NULL COMMENT 'Table:fes_structure',
  `amount` int(10) DEFAULT NULL,
  `created_on` timestamp NULL DEFAULT CURRENT_TIMESTAMP,
  `created_by` int(10) DEFAULT NULL,
  `fees_session_id` int(11) NOT NULL,
  `last_modified` datetime DEFAULT NULL,
  PRIMARY KEY (`id`)
) ENGINE=InnoDB AUTO_INCREMENT=330 DEFAULT CHARSET=utf8;

/*Data for the table `payment_details` */

insert  into `payment_details`(`id`,`payment_master_id`,`payment_month_dtl_id`,`month_id`,`fees_component_id`,`amount`,`created_on`,`created_by`,`fees_session_id`,`last_modified`) values ('5','3','3','1','15','11000','2019-03-08 07:47:39','1','6',NULL),('6','3','3','1','13','5000','2019-03-08 07:47:39','1','6',NULL),('7','4','4','1','15','11000','2019-03-08 07:51:08','1','6',NULL),('8','4','4','1','13','5000','2019-03-08 07:51:08','1','6',NULL),('9','5','5','1','15','11000','2019-03-08 07:56:03','1','6',NULL),('10','5','5','1','13','5000','2019-03-08 07:56:03','1','6',NULL),('13','7','7','1','15','11000','2019-03-08 08:34:34','1','6',NULL),('14','7','7','1','13','5000','2019-03-08 08:34:34','1','6',NULL),('25','9','14','1','15','11000','2019-03-08 11:34:57','1','6',NULL),('26','9','14','1','13','5000','2019-03-08 11:34:57','1','6',NULL),('27','8','15','1','15','11000','2019-03-11 06:16:47','1','0',NULL),('28','8','15','1','13','5000','2019-03-11 06:16:47','1','0',NULL),('29','10','16','1','15','11000','2019-03-12 04:54:50','1','14',NULL),('30','10','16','1','13','5000','2019-03-12 04:54:50','1','14',NULL),('33','12','18','1','15','11000','2019-03-12 09:49:27','1','12',NULL),('34','12','18','1','13','5000','2019-03-12 09:49:27','1','12',NULL),('35','13','19','1','15','11000','2019-03-12 09:57:05','1','12',NULL),('36','13','19','1','13','5000','2019-03-12 09:57:05','1','12',NULL),('37','14','20','1','15','11000','2019-03-12 10:03:21','1','12',NULL),('38','14','20','1','13','5000','2019-03-12 10:03:21','1','12',NULL),('39','15','21','1','15','11000','2019-03-12 10:09:58','1','12',NULL),('40','15','21','1','13','5000','2019-03-12 10:09:58','1','12',NULL),('41','16','22','1','15','11000','2019-03-12 10:13:21','1','12',NULL),('42','16','22','1','13','5000','2019-03-12 10:13:21','1','12',NULL),('43','17','23','1','15','11000','2019-03-12 10:21:33','1','12',NULL),('44','17','23','1','13','5000','2019-03-12 10:21:33','1','12',NULL),('45','18','24','1','15','11000','2019-03-12 10:26:59','1','12',NULL),('46','18','24','1','13','5000','2019-03-12 10:26:59','1','12',NULL),('47','19','25','1','15','11000','2019-03-12 10:31:09','1','12',NULL),('48','19','25','1','13','5000','2019-03-12 10:31:09','1','12',NULL),('49','20','26','1','15','11000','2019-03-12 10:43:08','1','8',NULL),('50','20','26','1','13','5000','2019-03-12 10:43:08','1','8',NULL),('53','22','28','1','15','11000','2019-03-12 11:14:58','1','8',NULL),('54','22','28','1','13','5000','2019-03-12 11:14:58','1','8',NULL),('55','23','29','1','15','11000','2019-03-12 11:19:07','1','8',NULL),('56','23','29','1','13','5000','2019-03-12 11:19:07','1','8',NULL),('57','24','30','1','15','11000','2019-03-12 11:21:51','1','8',NULL),('58','24','30','1','13','5000','2019-03-12 11:21:51','1','8',NULL),('59','25','31','1','15','11000','2019-03-12 11:24:55','1','8',NULL),('60','25','31','1','13','5000','2019-03-12 11:24:55','1','8',NULL),('61','26','32','1','15','11000','2019-03-13 06:44:04','1','14',NULL),('62','26','32','1','15','11000','2019-03-13 06:44:04','1','14',NULL),('63','26','32','1','13','5000','2019-03-13 06:44:04','1','14',NULL),('64','26','32','1','13','5000','2019-03-13 06:44:04','1','14',NULL),('65','27','33','1','15','11000','2019-03-13 06:45:31','1','14',NULL),('66','27','33','1','15','11000','2019-03-13 06:45:31','1','14',NULL),('67','27','33','1','13','5000','2019-03-13 06:45:31','1','14',NULL),('68','27','33','1','13','5000','2019-03-13 06:45:31','1','14',NULL),('69','28','34','1','15','11000','2019-03-13 06:49:26','1','14',NULL),('70','28','34','1','15','11000','2019-03-13 06:49:26','1','14',NULL),('71','28','34','1','13','5000','2019-03-13 06:49:26','1','14',NULL),('72','28','34','1','13','5000','2019-03-13 06:49:26','1','14',NULL),('73','29','35','1','15','11000','2019-03-13 06:52:03','1','14',NULL),('74','29','35','1','15','11000','2019-03-13 06:52:04','1','14',NULL),('75','29','35','1','13','5000','2019-03-13 06:52:04','1','14',NULL),('76','29','35','1','13','5000','2019-03-13 06:52:04','1','14',NULL),('77','30','36','1','15','11000','2019-03-13 06:54:10','1','14',NULL),('78','30','36','1','15','11000','2019-03-13 06:54:10','1','14',NULL),('79','30','36','1','13','5000','2019-03-13 06:54:10','1','14',NULL),('80','30','36','1','13','5000','2019-03-13 06:54:10','1','14',NULL),('81','31','37','1','15','11000','2019-03-13 06:55:54','1','14',NULL),('82','31','37','1','15','11000','2019-03-13 06:55:55','1','14',NULL),('83','31','37','1','13','5000','2019-03-13 06:55:55','1','14',NULL),('84','31','37','1','13','5000','2019-03-13 06:55:55','1','14',NULL),('85','32','38','1','15','11000','2019-03-13 06:57:38','1','14',NULL),('86','32','38','1','15','11000','2019-03-13 06:57:38','1','14',NULL),('87','32','38','1','13','5000','2019-03-13 06:57:38','1','14',NULL),('88','32','38','1','13','5000','2019-03-13 06:57:38','1','14',NULL),('93','34','40','1','15','11000','2019-03-13 07:27:45','1','16',NULL),('94','34','40','1','13','5000','2019-03-13 07:27:45','1','16',NULL),('95','35','41','1','15','11000','2019-03-14 07:25:10','1','16',NULL),('96','35','41','1','13','5000','2019-03-14 07:25:10','1','16',NULL),('97','36','42','1','15','11000','2019-03-14 08:44:41','1','16',NULL),('98','36','42','1','13','5000','2019-03-14 08:44:41','1','16',NULL),('99','37','43','1','15','11000','2019-03-14 08:48:24','1','16',NULL),('100','37','43','1','13','5000','2019-03-14 08:48:24','1','16',NULL),('101','38','44','1','15','11000','2019-03-14 11:10:30','1','16',NULL),('102','38','44','1','13','5000','2019-03-14 11:10:30','1','16',NULL),('103','39','45','1','15','11000','2019-03-14 11:13:15','1','16',NULL),('104','39','45','1','13','5000','2019-03-14 11:13:15','1','16',NULL),('105','40','46','1','15','11000','2019-03-14 11:15:41','1','16',NULL),('106','40','46','1','13','5000','2019-03-14 11:15:41','1','16',NULL),('107','41','47','1','15','11000','2019-03-14 11:18:46','1','16',NULL),('108','41','47','1','13','5000','2019-03-14 11:18:46','1','16',NULL),('109','42','48','1','15','11000','2019-03-14 11:26:43','1','16',NULL),('110','42','48','1','13','5000','2019-03-14 11:26:43','1','16',NULL),('111','43','49','1','15','11000','2019-03-14 11:30:28','1','16',NULL),('112','43','49','1','13','5000','2019-03-14 11:30:28','1','16',NULL),('113','44','50','1','15','11000','2019-03-14 11:37:59','1','16',NULL),('114','44','50','1','13','5000','2019-03-14 11:37:59','1','16',NULL),('115','45','51','1','15','11000','2019-03-14 11:44:22','1','16',NULL),('116','45','51','1','13','5000','2019-03-14 11:44:22','1','16',NULL),('117','46','52','1','15','11000','2019-03-15 06:05:09','1','18',NULL),('118','46','52','1','13','5000','2019-03-15 06:05:09','1','18',NULL),('119','47','53','1','15','11000','2019-03-15 06:07:37','1','18',NULL),('120','47','53','1','13','5000','2019-03-15 06:07:37','1','18',NULL),('121','48','54','1','15','11000','2019-03-15 06:16:29','1','18',NULL),('122','48','54','1','13','5000','2019-03-15 06:16:29','1','18',NULL),('125','50','56','1','15','11000','2019-03-15 06:28:48','1','18',NULL),('126','50','56','1','13','5000','2019-03-15 06:28:48','1','18',NULL),('127','51','57','1','15','11000','2019-03-15 06:31:22','1','20',NULL),('128','51','57','1','13','5000','2019-03-15 06:31:22','1','20',NULL),('131','53','59','1','15','11000','2019-03-15 11:11:01','1','20',NULL),('132','53','59','1','13','5000','2019-03-15 11:11:01','1','20',NULL),('135','55','61','1','15','11000','2019-03-16 06:24:20','1','20',NULL),('136','55','61','1','13','5000','2019-03-16 06:24:20','1','20',NULL),('137','56','62','1','15','11000','2019-03-16 06:27:41','1','22',NULL),('138','56','62','1','13','5000','2019-03-16 06:27:41','1','22',NULL),('139','57','63','1','15','11000','2019-03-16 06:31:44','1','22',NULL),('140','57','63','1','13','5000','2019-03-16 06:31:44','1','22',NULL),('141','58','64','1','15','11000','2019-03-16 06:36:59','1','22',NULL),('142','58','64','1','13','5000','2019-03-16 06:36:59','1','22',NULL),('143','59','65','1','15','11000','2019-03-16 06:40:37','1','22',NULL),('144','59','65','1','13','5000','2019-03-16 06:40:37','1','22',NULL),('145','60','66','1','15','11000','2019-03-16 06:44:23','1','22',NULL),('146','60','66','1','13','5000','2019-03-16 06:44:23','1','22',NULL),('147','61','67','1','15','11000','2019-03-16 06:46:49','1','22',NULL),('148','61','67','1','13','5000','2019-03-16 06:46:49','1','22',NULL),('149','62','68','1','15','11000','2019-03-16 06:48:53','1','22',NULL),('150','62','68','1','13','5000','2019-03-16 06:48:53','1','22',NULL),('151','63','69','1','15','11000','2019-03-16 06:53:43','1','24',NULL),('152','63','69','1','13','5000','2019-03-16 06:53:43','1','24',NULL),('153','64','70','1','15','11000','2019-03-16 07:35:19','1','24',NULL),('154','64','70','1','13','5000','2019-03-16 07:35:19','1','24',NULL),('155','65','71','1','15','11000','2019-03-18 08:19:16','1','14',NULL),('156','65','71','1','15','11000','2019-03-18 08:19:16','1','14',NULL),('157','65','71','1','13','5000','2019-03-18 08:19:16','1','14',NULL),('158','65','71','1','13','5000','2019-03-18 08:19:16','1','14',NULL),('163','67','73','1','15','11000','2019-03-18 11:28:40','1','14',NULL),('164','67','73','1','15','11000','2019-03-18 11:28:40','1','14',NULL),('165','67','73','1','13','5000','2019-03-18 11:28:40','1','14',NULL),('166','67','73','1','13','5000','2019-03-18 11:28:40','1','14',NULL),('171','69','75','1','15','11000','2019-03-20 05:49:43','1','16',NULL),('172','69','75','1','13','5000','2019-03-20 05:49:43','1','16',NULL),('173','70','76','1','15','11000','2019-03-20 11:22:22','1','12',NULL),('174','70','76','1','15','11000','2019-03-20 11:22:22','1','12',NULL),('175','70','76','1','13','5000','2019-03-20 11:22:22','1','12',NULL),('176','70','76','1','13','5000','2019-03-20 11:22:22','1','12',NULL),('177','71','77','1','15','11000','2019-03-20 11:25:29','1','20',NULL),('178','71','77','1','15','11000','2019-03-20 11:25:29','1','20',NULL),('179','71','77','1','13','5000','2019-03-20 11:25:29','1','20',NULL),('180','71','77','1','13','5000','2019-03-20 11:25:29','1','20',NULL),('181','72','78','1','15','11000','2019-03-20 11:27:18','1','20',NULL),('182','72','78','1','15','11000','2019-03-20 11:27:18','1','20',NULL),('183','72','78','1','13','5000','2019-03-20 11:27:18','1','20',NULL),('184','72','78','1','13','5000','2019-03-20 11:27:18','1','20',NULL),('197','76','82','1','15','11000','2019-03-23 08:29:48','1','14',NULL),('198','76','82','1','15','11000','2019-03-23 08:29:48','1','14',NULL),('199','76','82','1','13','5000','2019-03-23 08:29:48','1','14',NULL),('200','76','82','1','13','5000','2019-03-23 08:29:48','1','14',NULL),('201','78','84','1','15','11000','2019-03-28 07:29:04','1','33',NULL),('202','78','84','1','13','5000','2019-03-28 07:29:04','1','33',NULL),('203','79','85','1','15','11000','2019-03-28 09:20:08','1','22',NULL),('204','79','85','1','13','5000','2019-03-28 09:20:08','1','22',NULL),('205','80','86','1','15','11000','2019-03-28 10:12:47','1','24',NULL),('206','80','86','1','13','5000','2019-03-28 10:12:47','1','24',NULL),('207','81','87','1','15','11000','2019-03-28 10:23:42','1','24',NULL),('208','81','87','1','13','5000','2019-03-28 10:23:42','1','24',NULL),('209','82','88','1','15','11000','2019-03-29 08:58:12','1','6',NULL),('210','82','88','1','13','5000','2019-03-29 08:58:12','1','6',NULL),('211','83','89','1','15','11000','2019-03-29 11:50:40','1','22',NULL),('212','83','89','1','13','5000','2019-03-29 11:50:40','1','22',NULL),('213','84','90','1','15','11000','2019-03-30 06:11:42','1','20',NULL),('214','84','90','1','15','11000','2019-03-30 06:11:43','1','20',NULL),('215','84','90','1','13','5000','2019-03-30 06:11:43','1','20',NULL),('216','84','90','1','13','5000','2019-03-30 06:11:43','1','20',NULL),('217','85','91','1','15','11000','2019-03-30 06:29:47','1','20',NULL),('218','85','91','1','15','11000','2019-03-30 06:29:47','1','20',NULL),('219','85','91','1','13','5000','2019-03-30 06:29:47','1','20',NULL),('220','85','91','1','13','5000','2019-03-30 06:29:47','1','20',NULL),('221','86','92','1','15','11000','2019-04-01 06:25:10','1','33',NULL),('222','86','92','1','13','5000','2019-04-01 06:25:10','1','33',NULL),('223','87','93','1','15','11000','2019-04-01 06:30:37','1','33',NULL),('224','87','93','1','13','5000','2019-04-01 06:30:37','1','33',NULL),('225','88','94','1','15','11000','2019-04-01 06:36:20','1','24',NULL),('226','88','94','1','13','5000','2019-04-01 06:36:20','1','24',NULL),('227','89','95','1','15','11000','2019-04-01 09:24:52','1','18',NULL),('228','89','95','1','13','5000','2019-04-01 09:24:52','1','18',NULL),('229','90','96','1','15','11000','2019-04-01 12:53:06','1','33',NULL),('230','90','96','1','13','5000','2019-04-01 12:53:06','1','33',NULL),('231','91','97','1','15','11000','2019-04-02 09:45:33','1','16',NULL),('232','91','97','1','13','5000','2019-04-02 09:45:33','1','16',NULL),('233','92','98','1','15','11000','2019-04-02 09:53:54','1','24',NULL),('234','92','98','1','13','5000','2019-04-02 09:53:54','1','24',NULL),('235','93','99','1','15','11000','2019-04-02 10:23:29','1','24',NULL),('236','93','99','1','13','5000','2019-04-02 10:23:29','1','24',NULL),('237','94','100','1','15','11000','2019-04-02 10:25:05','1','18',NULL),('238','94','100','1','13','5000','2019-04-02 10:25:05','1','18',NULL),('241','96','102','1','15','11000','2019-04-04 06:09:15','1','22',NULL),('242','96','102','1','13','5000','2019-04-04 06:09:15','1','22',NULL),('243','97','103','1','15','11000','2019-04-05 12:31:29','1','20',NULL),('244','97','103','1','15','11000','2019-04-05 12:31:29','1','20',NULL),('245','97','103','1','13','5000','2019-04-05 12:31:29','1','20',NULL),('246','97','103','1','13','5000','2019-04-05 12:31:29','1','20',NULL),('247','98','104','1','15','11000','2019-04-05 12:51:14','1','14',NULL),('248','98','104','1','15','11000','2019-04-05 12:51:14','1','14',NULL),('249','98','104','1','13','5000','2019-04-05 12:51:14','1','14',NULL),('250','98','104','1','13','5000','2019-04-05 12:51:14','1','14',NULL),('251','99','105','1','15','11000','2019-04-10 10:12:24','1','20',NULL),('252','99','105','1','15','11000','2019-04-10 10:12:24','1','20',NULL),('253','99','105','1','13','5000','2019-04-10 10:12:24','1','20',NULL),('254','99','105','1','13','5000','2019-04-10 10:12:24','1','20',NULL),('255','100','106','1','15','11000','2019-04-10 10:23:12','1','20',NULL),('256','100','106','1','15','11000','2019-04-10 10:23:12','1','20',NULL),('257','100','106','1','13','5000','2019-04-10 10:23:12','1','20',NULL),('258','100','106','1','13','5000','2019-04-10 10:23:12','1','20',NULL),('259','101','107','1','15','11000','2019-04-10 10:52:55','1','33',NULL),('260','101','107','1','13','5000','2019-04-10 10:52:55','1','33',NULL),('261','102','108','1','15','11000','2019-04-10 10:57:55','1','16',NULL),('262','102','108','1','13','5000','2019-04-10 10:57:55','1','16',NULL),('263','103','109','1','15','11000','2019-04-10 11:10:26','1','20',NULL),('264','103','109','1','15','11000','2019-04-10 11:10:26','1','20',NULL),('265','103','109','1','13','5000','2019-04-10 11:10:26','1','20',NULL),('266','103','109','1','13','5000','2019-04-10 11:10:26','1','20',NULL),('267','104','110','1','15','11000','2019-04-11 05:57:14','1','14',NULL),('268','104','110','1','15','11000','2019-04-11 05:57:14','1','14',NULL),('269','104','110','1','13','5000','2019-04-11 05:57:14','1','14',NULL),('270','104','110','1','13','5000','2019-04-11 05:57:14','1','14',NULL),('271','105','111','1','15','11000','2019-04-11 06:05:06','1','18',NULL),('272','105','111','1','13','5000','2019-04-11 06:05:06','1','18',NULL),('273','106','112','1','15','11000','2019-04-11 06:54:08','1','20',NULL),('274','106','112','1','15','11000','2019-04-11 06:54:08','1','20',NULL),('275','106','112','1','13','5000','2019-04-11 06:54:09','1','20',NULL),('276','106','112','1','13','5000','2019-04-11 06:54:09','1','20',NULL),('277','107','113','1','15','11000','2019-04-11 07:12:48','1','22',NULL),('278','107','113','1','13','5000','2019-04-11 07:12:48','1','22',NULL),('279','108','114','1','15','11000','2019-04-11 07:20:46','1','12',NULL),('280','108','114','1','15','11000','2019-04-11 07:20:46','1','12',NULL),('281','108','114','1','13','5000','2019-04-11 07:20:46','1','12',NULL),('282','108','114','1','13','5000','2019-04-11 07:20:46','1','12',NULL),('283','109','115','1','15','11000','2019-04-13 08:32:53','1','14',NULL),('284','109','115','1','15','11000','2019-04-13 08:32:53','1','14',NULL),('285','109','115','1','13','5000','2019-04-13 08:32:53','1','14',NULL),('286','109','115','1','13','5000','2019-04-13 08:32:53','1','14',NULL),('287','110','116','1','15','11000','2019-04-13 08:49:13','1','8',NULL),('288','110','116','1','13','5000','2019-04-13 08:49:13','1','8',NULL),('289','111','117','1','15','11000','2019-04-17 12:27:31','1','33',NULL),('290','111','117','1','13','5000','2019-04-17 12:27:31','1','33',NULL),('291','112','118','1','15','11000','2019-04-17 12:28:47','1','33',NULL),('292','112','118','1','13','5000','2019-04-17 12:28:47','1','33',NULL),('293','113','119','1','15','11000','2019-04-17 12:29:53','1','18',NULL),('294','113','119','1','13','5000','2019-04-17 12:29:53','1','18',NULL),('295','114','120','1','15','11000','2019-04-17 12:30:55','1','18',NULL),('296','114','120','1','13','5000','2019-04-17 12:30:55','1','18',NULL),('297','115','121','1','15','11000','2019-04-17 12:32:01','1','14',NULL),('298','115','121','1','15','11000','2019-04-17 12:32:01','1','14',NULL),('299','115','121','1','13','5000','2019-04-17 12:32:01','1','14',NULL),('300','115','121','1','13','5000','2019-04-17 12:32:01','1','14',NULL),('301','116','122','1','15','11000','2019-04-17 12:33:13','1','14',NULL),('302','116','122','1','15','11000','2019-04-17 12:33:13','1','14',NULL),('303','116','122','1','13','5000','2019-04-17 12:33:13','1','14',NULL),('304','116','122','1','13','5000','2019-04-17 12:33:13','1','14',NULL),('305','117','123','1','15','11000','2019-04-17 12:34:42','1','20',NULL),('306','117','123','1','15','11000','2019-04-17 12:34:43','1','20',NULL),('307','117','123','1','13','5000','2019-04-17 12:34:43','1','20',NULL),('308','117','123','1','13','5000','2019-04-17 12:34:43','1','20',NULL),('309','118','124','1','15','11000','2019-04-17 12:36:01','1','14',NULL),('310','118','124','1','15','11000','2019-04-17 12:36:01','1','14',NULL),('311','118','124','1','13','5000','2019-04-17 12:36:01','1','14',NULL),('312','118','124','1','13','5000','2019-04-17 12:36:01','1','14',NULL),('313','119','125','1','15','11000','2019-04-17 12:37:43','1','14',NULL),('314','119','125','1','15','11000','2019-04-17 12:37:43','1','14',NULL),('315','119','125','1','13','5000','2019-04-17 12:37:43','1','14',NULL),('316','119','125','1','13','5000','2019-04-17 12:37:43','1','14',NULL),('317','120','126','1','15','11000','2019-04-17 12:38:54','1','24',NULL),('318','120','126','1','13','5000','2019-04-17 12:38:54','1','24',NULL),('319','121','127','1','15','11000','2019-04-17 12:41:21','1','8',NULL),('320','121','127','1','13','5000','2019-04-17 12:41:21','1','8',NULL),('325','123','129','1','15','11000','2019-04-19 12:20:35','1','22',NULL),('326','123','129','1','13','5000','2019-04-19 12:20:35','1','22',NULL),('327','124','130','1','15','11000','2019-04-25 12:48:24','1','18',NULL),('328','124','130','1','13','5000','2019-04-25 12:48:24','1','18',NULL),('329','124','130','1','17','1530','2019-04-25 12:48:24','1','18',NULL);

/*Table structure for table `payment_master` */

CREATE TABLE `payment_master` (
  `payment_id` int(10) NOT NULL AUTO_INCREMENT,
  `academic_dtl_id` int(10) DEFAULT NULL,
  `class_id` int(10) DEFAULT NULL,
  `school_id` int(10) DEFAULT NULL,
  `acdm_session_id` int(10) DEFAULT NULL,
  `accnt_year_id` int(11) DEFAULT NULL,
  `student_id` int(10) DEFAULT NULL,
  `payment_date` datetime DEFAULT NULL,
  `payment_mode` varchar(255) DEFAULT NULL,
  `total_amount` decimal(10,2) DEFAULT NULL,
  `paid_amount` decimal(10,2) NOT NULL,
  `cheque_no` varchar(50) DEFAULT NULL,
  `bank_name` varchar(100) DEFAULT NULL,
  `cheque_date` date DEFAULT NULL,
  `branch_name` varchar(100) DEFAULT NULL,
  `narration` varchar(255) DEFAULT NULL,
  `voucher_master_id` int(10) DEFAULT NULL,
  `created_on` timestamp NOT NULL DEFAULT CURRENT_TIMESTAMP,
  `created_by` int(10) DEFAULT NULL,
  `last_modified` datetime DEFAULT NULL,
  `memono` varchar(255) DEFAULT NULL,
  PRIMARY KEY (`payment_id`)
) ENGINE=InnoDB AUTO_INCREMENT=125 DEFAULT CHARSET=utf8;

/*Data for the table `payment_master` */

insert  into `payment_master`(`payment_id`,`academic_dtl_id`,`class_id`,`school_id`,`acdm_session_id`,`accnt_year_id`,`student_id`,`payment_date`,`payment_mode`,`total_amount`,`paid_amount`,`cheque_no`,`bank_name`,`cheque_date`,`branch_name`,`narration`,`voucher_master_id`,`created_on`,`created_by`,`last_modified`,`memono`) values ('3','33','2','1','1','1','34','2019-02-06 00:00:00','3','16000.00','11000.00','109811','Allahabad Bank','2018-12-03','','Being the Fees recd.from Adrija Biswas',NULL,'2019-03-08 07:47:39','1',NULL,NULL),('4','36','2','1','1','1','37','2018-12-12 00:00:00','3','16000.00','11000.00','497556','S.B.I','2018-12-10','','Being the Fees recd.from Shradda Sing',NULL,'2019-03-08 07:51:08','1',NULL,NULL),('5','41','2','1','1','1','42','2018-12-12 00:00:00','2','16000.00','11000.00','','',NULL,'','Being the amount recd.as a Fees from Soumallo Aditya',NULL,'2019-03-08 07:56:03','1',NULL,NULL),('7','68','2','1','1','1','69','2019-02-11 00:00:00','2','16000.00','11000.00','','',NULL,'','being the fees red.from  Swaraj Shaw for UKG',NULL,'2019-03-08 08:34:34','1',NULL,NULL),('8','54','4','1','1','1','55','2019-01-10 00:00:00','2','16000.00','10000.00','','',NULL,'','being the fees recd.',NULL,'2019-03-08 10:33:29','1','2019-03-11 00:00:00',NULL),('9','72','2','1','1','1','73','2019-02-13 00:00:00','2','16000.00','8000.00','','',NULL,'','',NULL,'2019-03-08 11:34:56','1',NULL,NULL),('10','79','4','1','2','1','80','2019-03-06 00:00:00','3','16000.00','5000.00','449763','State Bank Of India','2019-06-03','','New admission',NULL,'2019-03-12 04:54:50','1',NULL,NULL),('12','25','1','1','1','1','26','2018-11-20 00:00:00','2','16000.00','10000.00','','',NULL,'','being the cash recd.from student',NULL,'2019-03-12 09:49:27','1',NULL,NULL),('13','26','1','1','1','1','27','2018-11-20 00:00:00','2','16000.00','11000.00','','',NULL,'','being the cash recd.from Meyan Sardar',NULL,'2019-03-12 09:57:05','1',NULL,NULL),('14','53','1','1','1','1','54','2019-01-05 00:00:00','2','16000.00','11000.00','','',NULL,'','being the cash recd.from Divyanshi Roy',NULL,'2019-03-12 10:03:20','1',NULL,NULL),('15','57','1','1','1','1','58','2019-01-18 00:00:00','3','16000.00','16000.00','627419','U.B.I','2019-01-17','Sarsuna','being the chq.recd. from Bidushi Roy',NULL,'2019-03-12 10:09:58','1',NULL,NULL),('16','24','1','1','1','1','25','2018-11-12 00:00:00','2','16000.00','11000.00','','',NULL,'','being the cash recd.from Hreet Sardar',NULL,'2019-03-12 10:13:21','1',NULL,NULL),('17','58','1','1','1','1','59','2019-01-18 00:00:00','3','16000.00','11000.00','911896','Canara Bank','2019-01-18','Sonamukhi','being the chq.recd.from Sujatro Mandal',NULL,'2019-03-12 10:21:33','1',NULL,NULL),('18','78','1','1','1','1','79','2019-03-09 00:00:00','2','16000.00','5000.00','','',NULL,'','being the cash recd.from Ashutosh Parida',NULL,'2019-03-12 10:26:59','1',NULL,NULL),('19','80','1','1','1','1','81','2019-03-12 00:00:00','2','16000.00','5000.00','','',NULL,'','being the cash recd.from Ronak Barnawal',NULL,'2019-03-12 10:31:09','1',NULL,NULL),('20','35','3','1','1','1','36','2018-12-10 00:00:00','2','16000.00','10000.00','','',NULL,'','BEING THE CASH RECD.FROM Prapti Halder',NULL,'2019-03-12 10:43:08','1',NULL,NULL),('22','44','3','1','1','1','45','2019-01-21 00:00:00','2','16000.00','10000.00','','',NULL,'','being the cash recd.from Ayesha Bose',NULL,'2019-03-12 11:14:58','1',NULL,NULL),('23','46','3','1','1','1','47','2019-02-13 00:00:00','3','16000.00','12000.00','432686','S.B.I','2019-02-13','','being the chq.recd.from Sraddhya Tripathi ',NULL,'2019-03-12 11:19:07','1',NULL,NULL),('24','66','3','1','1','1','67','2019-02-05 00:00:00','2','16000.00','11000.00','','',NULL,'','Being the cash recd.from Aditi Shaw',NULL,'2019-03-12 11:21:51','1',NULL,NULL),('25','69','3','1','1','1','70','2019-02-11 00:00:00','2','16000.00','11000.00','','',NULL,'','being the cash recd.from Arnav Mitra',NULL,'2019-03-12 11:24:55','1',NULL,NULL),('26','29','4','1','1','1','30','2019-01-23 00:00:00','4','16000.00','10000.00','','',NULL,'','being the amount recd.from Aniket Gupta',NULL,'2019-03-13 06:44:04','1',NULL,NULL),('27','37','4','1','1','1','38','2018-12-12 00:00:00','2','16000.00','16000.00','','',NULL,'','',NULL,'2019-03-13 06:45:31','1',NULL,NULL),('28','62','4','1','1','1','63','2019-01-22 00:00:00','3','16000.00','11000.00','093031','Bank of Maharashtra','2019-01-22','SP Mukherjee Road','being the chq.recd.from Rajveer Singh',NULL,'2019-03-13 06:49:26','1',NULL,NULL),('29','67','4','1','1','1','68','2019-02-06 00:00:00','2','16000.00','5000.00','','',NULL,'','being the cash recd.from Shreyan Sarkar',NULL,'2019-03-13 06:52:03','1',NULL,NULL),('30','70','4','1','1','1','71','2019-02-11 00:00:00','2','16000.00','6000.00','','',NULL,'','being the cash recd.from Archisman Aich\n',NULL,'2019-03-13 06:54:10','1',NULL,NULL),('31','71','4','1','1','1','72','2019-02-14 00:00:00','2','16000.00','12000.00','','',NULL,'','being the cash recd.from Anurag Mukherjee',NULL,'2019-03-13 06:55:54','1',NULL,NULL),('32','73','4','1','1','1','74','2019-02-20 00:00:00','2','16000.00','12000.00','','',NULL,'','being the cash recd.from Swarnadeep Das',NULL,'2019-03-13 06:57:38','1',NULL,NULL),('34','76','5','1','1','1','77','2019-03-05 00:00:00','2','16000.00','16000.00','','',NULL,'','',NULL,'2019-03-13 07:27:45','1',NULL,NULL),('35','77','5','1','1','1','78','2019-03-06 00:00:00','3','16000.00','5000.00','593531','Canara Bank','2019-03-06','','being the chq.recd from Rajdeep Saha',NULL,'2019-03-14 07:25:10','1',NULL,NULL),('36','59','5','1','1','1','60','2019-02-15 00:00:00','3','16000.00','11000.00','069522','State Bank Of India','2019-02-15','Taratala','being the chq.recd.from Ronit Kumar Mahato',NULL,'2019-03-14 08:44:41','1',NULL,NULL),('37','31','5','1','1','1','32','2018-12-03 00:00:00','2','16000.00','6000.00','','',NULL,'','being the amount recd.from Arpita Naskar',NULL,'2019-03-14 08:48:24','1',NULL,NULL),('38','34','5','1','1','1','35','2018-12-10 00:00:00','2','16000.00','16000.00','','',NULL,'','being the cash recd.from Barsha Mondal',NULL,'2019-03-14 11:10:30','1',NULL,NULL),('39','40','5','1','1','1','41','2018-12-12 00:00:00','2','16000.00','12000.00','','',NULL,'','being the cash recd.from Anubhab Sardar',NULL,'2019-03-14 11:13:15','1',NULL,NULL),('40','48','5','1','1','1','49','2018-12-24 00:00:00','2','16000.00','12000.00','','',NULL,'','being the cash recd.from Shilpa Sha',NULL,'2019-03-14 11:15:41','1',NULL,NULL),('41','42','5','1','1','1','43','2018-12-15 00:00:00','2','16000.00','11000.00','','',NULL,'','being the cash recd.from Somosree Mondal',NULL,'2019-03-14 11:18:46','1',NULL,NULL),('42','49','5','1','1','1','50','2018-12-27 00:00:00','2','16000.00','10000.00','','',NULL,'','being the cash recd.from  Raunak Roy',NULL,'2019-03-14 11:26:43','1',NULL,NULL),('43','52','5','1','1','1','53','2019-01-10 00:00:00','2','16000.00','11000.00','','',NULL,'','being the chq.recd from Ishan biswas',NULL,'2019-03-14 11:30:28','1',NULL,NULL),('44','55','5','1','1','1','56','2019-01-10 00:00:00','2','16000.00','11000.00','','',NULL,'','being the cash recd.from Rupam Ghosh',NULL,'2019-03-14 11:37:59','1',NULL,NULL),('45','63','5','1','1','1','64','2019-02-06 00:00:00','3','16000.00','6000.00','030791','State Bank Of India','2019-02-06','','being the chq.recd.from Prateek Kr Pandey',NULL,'2019-03-14 11:44:22','1',NULL,NULL),('46','28','6','1','1','1','29','2018-11-28 00:00:00','2','16000.00','16000.00','','',NULL,'','being the amount recd.from Subhajit Kayal',NULL,'2019-03-15 06:05:09','1',NULL,NULL),('47','45','6','1','1','1','46','2018-12-21 00:00:00','2','16000.00','11000.00','','',NULL,'','being the amount recd.from Sayan Mistri',NULL,'2019-03-15 06:07:37','1',NULL,NULL),('48','65','6','1','1','1','66','2019-02-04 00:00:00','2','16000.00','10000.00','','',NULL,'','being the cash recd.from Ankur Sarkar',NULL,'2019-03-15 06:16:29','1',NULL,NULL),('50','75','6','1','1','1','76','2019-03-04 00:00:00','2','16000.00','4000.00','','',NULL,'','being the amount recd.from Sreejita Pradhan',NULL,'2019-03-15 06:28:48','1',NULL,NULL),('51','47','7','1','1','1','48','2018-12-24 00:00:00','2','16000.00','12000.00','','',NULL,'','being the amount recd.from Ashish Kumar Sah',NULL,'2019-03-15 06:31:22','1',NULL,NULL),('53','56','7','1','1','1','57','2019-01-09 00:00:00','3','16000.00','11000.00','111593','State Bank Of India','2019-01-09','Sitalatala','being the chq.recd.from Swarup Chanda',NULL,'2019-03-15 11:11:01','1',NULL,NULL),('55','81','7','1','1','1','82','2019-03-15 00:00:00','2','16000.00','13000.00','','',NULL,'','being the cashrecd.from Naitik Shaw',NULL,'2019-03-16 06:24:20','1',NULL,NULL),('56','30','8','1','1','1','31','2019-02-21 00:00:00','3','16000.00','10000.00','042279','BOI','2018-12-03','','being the chq.recd.from Raj Gupta',NULL,'2019-03-16 06:27:41','1',NULL,NULL),('57','38','8','1','1','1','39','2019-01-28 00:00:00','2','16000.00','11000.00','','',NULL,'','being the cash recd.from Sagar Kumar Shaw',NULL,'2019-03-16 06:31:44','1',NULL,NULL),('58','50','8','1','1','1','51','2019-02-05 00:00:00','3','16000.00','11000.00','034630','Allahabad Bank','2019-02-05','Sakuntala Park','being the amount paid by CHQ.\n\n',NULL,'2019-03-16 06:36:59','1',NULL,NULL),('59','51','8','1','1','1','52','2019-02-05 00:00:00','3','16000.00','11000.00','034630','Allahabad Bank','2019-02-05','Sakuntala Park','being the amount paid by chq. by \nDiptanshu & Diptendu Bhattacharjee.',NULL,'2019-03-16 06:40:37','1',NULL,NULL),('60','60','8','1','1','1','61','2019-02-15 00:00:00','3','16000.00','11000.00','069521','State Bank Of India','2019-02-15','Taratala','being the chq.recd.from Smriti Mahata',NULL,'2019-03-16 06:44:23','1',NULL,NULL),('61','61','8','1','1','1','62','2019-01-22 00:00:00','2','16000.00','11000.00','','',NULL,'','being the cash recd.from Ayush Anand',NULL,'2019-03-16 06:46:49','1',NULL,NULL),('62','64','8','1','1','1','65','2019-02-07 00:00:00','2','16000.00','16000.00','','',NULL,'','being the cash recd.from Swarnadeep Bhore',NULL,'2019-03-16 06:48:53','1',NULL,NULL),('63','39','10','1','1','1','40','2018-12-25 00:00:00','3','16000.00','11000.00','839578','Canara Bank','2018-12-25','','being the chq.recd.from Nandini Kumar Shaw',NULL,'2019-03-16 06:53:43','1',NULL,NULL),('64','43','10','1','1','1','44','2019-01-01 00:00:00','3','16000.00','10000.00','162765','State Bank Of India','2019-01-01','Bakultala','being the chq.recd.from Avijit Dey',NULL,'2019-03-16 07:35:19','1',NULL,NULL),('65','74','4','1','1','1','75','2019-02-22 00:00:00','2','16000.00','10000.00','','',NULL,'','being the cash recd.from Jishnu Das',NULL,'2019-03-18 08:19:16','1',NULL,NULL),('67','82','4','1','1','1','83','2019-03-18 00:00:00','2','16000.00','2000.00','','',NULL,'','Being the amount recd.from Md.Aman Kabir',NULL,'2019-03-18 11:28:39','1',NULL,NULL),('69','85','5','1','1','1','86','2019-03-20 00:00:00','2','16000.00','5500.00','','',NULL,'','being the cash recd.from Aaradhya Rajak,Class-II',NULL,'2019-03-20 05:49:43','1',NULL,NULL),('70','87','1','1','2','1','89','2019-03-20 00:00:00','2','16000.00','1000.00','','',NULL,'','cash recd.from Souhardya Saha',NULL,'2019-03-20 11:22:22','1',NULL,NULL),('71','86','7','1','2','1','88','2019-03-20 00:00:00','2','16000.00','1000.00','','',NULL,'','Being the cash recd.from Samridh Barnwal',NULL,'2019-03-20 11:25:29','1',NULL,NULL),('72','88','7','1','2','1','90','2019-03-20 00:00:00','2','16000.00','1000.00','','',NULL,'','being the cash recd.from Soujanya Saha',NULL,'2019-03-20 11:27:18','1',NULL,NULL),('76','83','4','1','1','1','84','2019-03-18 00:00:00','2','16000.00','16000.00','','',NULL,'','being the cash recd.from Ayush Kumar Gupta,Class: I',NULL,'2019-03-23 08:29:48','1',NULL,NULL),('78','97','11','1','1','1','99','2019-03-25 00:00:00','2','16000.00','15000.00','','',NULL,'','being the amount recd.from Ishika Sen,Class-VII',NULL,'2019-03-28 07:29:04','1',NULL,NULL),('79','84','8','1','1','1','85','2019-03-19 00:00:00','2','16000.00','11000.00','','',NULL,'','being the cash recd.from Dipayan Roy,Class-V',NULL,'2019-03-28 09:20:08','1',NULL,NULL),('80','94','10','1','1','1','96','2019-03-25 00:00:00','2','16000.00','11000.00','','',NULL,'','being the cash recd.from Neer Shaw,Class-VI',NULL,'2019-03-28 10:12:47','1',NULL,NULL),('81','95','10','1','1','1','97','2019-03-25 00:00:00','2','16000.00','11000.00','','',NULL,'','being the fees recd.from Suryanshu Seal,ClassVI',NULL,'2019-03-28 10:23:42','1',NULL,NULL),('82','100','2','1','1','1','102','2019-03-29 00:00:00','2','16000.00','14500.00','','',NULL,'','',NULL,'2019-03-29 08:58:12','1',NULL,NULL),('83','91','8','1','1','1','93','2019-03-20 00:00:00','2','16000.00','5000.00','','',NULL,'','BEING THE CASH RECD.FROM SOMYODIP MAITY,CLASS-V',NULL,'2019-03-29 11:50:40','1',NULL,NULL),('84','92','7','1','1','1','94','2019-03-22 00:00:00','2','16000.00','5000.00','','',NULL,'','being the fees recd.for class-IV',NULL,'2019-03-30 06:11:42','1',NULL,NULL),('85','93','7','1','1','1','95','2019-03-26 00:00:00','2','16000.00','12000.00','','',NULL,'','',NULL,'2019-03-30 06:29:47','1',NULL,NULL),('86','101','11','1','1','1','103','2019-03-30 00:00:00','2','16000.00','12000.00','','',NULL,'','being the cash recd.from Shlok Saha,class-VII.',NULL,'2019-04-01 06:25:10','1',NULL,NULL),('87','102','11','1','1','1','104','2019-03-30 00:00:00','2','16000.00','11000.00','','',NULL,'','being the cash recd.from Kaushal Shah,Class-VII',NULL,'2019-04-01 06:30:37','1',NULL,NULL),('88','103','10','1','1','1','105','2019-03-30 00:00:00','2','16000.00','15000.00','','',NULL,'','being the cash recd.from  Rajdeep Chakraborty',NULL,'2019-04-01 06:36:20','1',NULL,NULL),('89','99','6','1','1','1','101','2019-03-27 00:00:00','2','16000.00','7000.00','','',NULL,'','being the fees recd.from Ramajay Das',NULL,'2019-04-01 09:24:52','1',NULL,NULL),('90','106','11','1','1','2','108','2019-04-01 00:00:00','2','16000.00','11000.00','','',NULL,'','being the fees recd.',NULL,'2019-04-01 12:53:06','1',NULL,NULL),('91','104','5','1','1','2','106','2019-04-02 00:00:00','3','16000.00','13500.00','135177','State Bank Of India','2019-04-02','Behala','being the fees recd.',NULL,'2019-04-02 09:45:33','1',NULL,NULL),('92','105','10','1','1','2','107','2019-04-02 00:00:00','3','16000.00','16000.00','875679','Canara Bank','2019-04-02','R.R.M.R. Road','being the fees recd for class : VI',NULL,'2019-04-02 09:53:54','1',NULL,NULL),('93','107','10','1','1','2','109','2019-04-02 00:00:00','2','16000.00','2000.00','','',NULL,'','being the fees recd.',NULL,'2019-04-02 10:23:29','1',NULL,NULL),('94','108','6','1','1','2','110','2019-04-02 00:00:00','2','16000.00','5000.00','','',NULL,'','being the fees recd.',NULL,'2019-04-02 10:25:05','1',NULL,NULL),('96','109','8','1','1','2','111','2019-04-04 00:00:00','2','16000.00','10000.00','','',NULL,'','being the fees recd. for Class-V',NULL,'2019-04-04 06:09:15','1',NULL,NULL),('97','110','7','1','1','2','112','2019-04-05 00:00:00','2','16000.00','16000.00','','',NULL,'','being the fees recd.for\n Class-IV',NULL,'2019-04-05 12:31:29','1',NULL,NULL),('98','111','4','1','1','2','113','2019-04-05 00:00:00','2','16000.00','10000.00','','',NULL,'','being the amount recd.from Alankit Moitra',NULL,'2019-04-05 12:51:14','1',NULL,NULL),('99','112','7','1','1','2','114','2019-04-09 00:00:00','2','16000.00','10800.00','','',NULL,'','being the admission fees recd.',NULL,'2019-04-10 10:12:23','1',NULL,NULL),('100','113','7','1','1','2','115','2019-04-09 00:00:00','3','16000.00','15000.00','000013','Bank of Baroda','2019-04-09','Alipore,Kolkata','being the fees recd.',NULL,'2019-04-10 10:23:12','1',NULL,NULL),('101','114','11','1','1','2','116','2019-04-10 00:00:00','3','16000.00','5000.00','334916','U.B.I','2019-04-10','Barisha','being the fees recd.',NULL,'2019-04-10 10:52:55','1',NULL,NULL),('102','115','5','1','1','2','117','2019-04-10 00:00:00','2','16000.00','10000.00','','',NULL,'','being the fees recd.',NULL,'2019-04-10 10:57:55','1',NULL,NULL),('103','116','7','1','1','2','118','2019-04-12 00:00:00','3','16000.00','19200.00','800615','State Bank Of India','2019-04-12','Bhusan Steel Plant-Narendrapur','being the fees recd.',NULL,'2019-04-10 11:10:26','1',NULL,NULL),('104','121','4','1','1','2','123','2019-04-10 00:00:00','3','16000.00','15000.00','010883','State Bank Of India','2019-04-10','SAKHER BAZAR','BEING THE FEES RECD.FOR CLASS-I\n\n',NULL,'2019-04-11 05:57:14','1',NULL,NULL),('105','120','6','1','1','2','122','2019-04-10 00:00:00','2','16000.00','10000.00','','',NULL,'','BEING THE FEES RECD.FORCLASS-III',NULL,'2019-04-11 06:05:06','1',NULL,NULL),('106','119','7','1','1','2','121','2019-04-10 00:00:00','2','16000.00','11000.00','','',NULL,'','being the fees recd.for class-IV',NULL,'2019-04-11 06:54:08','1',NULL,NULL),('107','118','8','1','1','2','120','2019-04-10 00:00:00','2','16000.00','11000.00','','',NULL,'','being the fees recd.',NULL,'2019-04-11 07:12:48','1',NULL,NULL),('108','117','1','1','1','2','119','2019-04-10 00:00:00','2','16000.00','11000.00','','',NULL,'','being the fees recd.',NULL,'2019-04-11 07:20:46','1',NULL,NULL),('109','122','4','1','1','2','124','2019-04-11 00:00:00','2','16000.00','11000.00','','',NULL,'','being the fees recd.',NULL,'2019-04-13 08:32:52','1',NULL,NULL),('110','123','3','1','1','2','125','2019-04-11 00:00:00','2','16000.00','2500.00','','',NULL,'','being the fees recd',NULL,'2019-04-13 08:49:13','1',NULL,NULL),('111','124','11','1','1','2','126','2019-04-11 00:00:00','2','16000.00','10000.00','','',NULL,'','BEING THE FEES RECD.',NULL,'2019-04-17 12:27:30','1',NULL,NULL),('112','125','11','1','1','2','127','2019-04-11 00:00:00','2','16000.00','5000.00','','',NULL,'','BEING THE FEES RECD.',NULL,'2019-04-17 12:28:47','1',NULL,NULL),('113','126','6','1','1','2','128','2019-04-11 00:00:00','2','16000.00','5000.00','','',NULL,'','BEING THE FEES RECD.',NULL,'2019-04-17 12:29:53','1',NULL,NULL),('114','127','6','1','1','2','129','2019-04-11 00:00:00','2','16000.00','5000.00','','',NULL,'','BEING THE FEES RECD.',NULL,'2019-04-17 12:30:55','1',NULL,NULL),('115','128','4','1','1','2','130','2019-04-11 00:00:00','2','16000.00','10000.00','','',NULL,'','BEING THE FEES RECD.',NULL,'2019-04-17 12:32:00','1',NULL,NULL),('116','129','4','1','1','2','131','2019-04-11 00:00:00','2','16000.00','4000.00','','',NULL,'','BEING THE FEES RECD.',NULL,'2019-04-17 12:33:12','1',NULL,NULL),('117','130','7','1','1','2','132','2019-04-11 00:00:00','2','16000.00','2000.00','','',NULL,'','BEING THE FEES RECD.',NULL,'2019-04-17 12:34:42','1',NULL,NULL),('118','131','4','1','1','2','133','2019-04-12 00:00:00','2','16000.00','11000.00','','',NULL,'','BEING THE FEES RECD.',NULL,'2019-04-17 12:36:01','1',NULL,NULL),('119','134','4','1','1','2','136','2019-04-16 00:00:00','2','16000.00','11000.00','','',NULL,'','BEING THE FEES RECD.',NULL,'2019-04-17 12:37:43','1',NULL,NULL),('120','132','10','1','1','2','134','2019-04-16 00:00:00','2','16000.00','4000.00','','',NULL,'','BEING THE FEES RECD.',NULL,'2019-04-17 12:38:54','1',NULL,NULL),('121','133','3','1','1','2','135','2019-04-16 00:00:00','2','16000.00','10000.00','','',NULL,'','',NULL,'2019-04-17 12:41:21','1',NULL,NULL),('123','135','8','1','1','2','138','2019-04-18 00:00:00','2','16000.00','9000.00','','',NULL,'','being the fees recd by cash',NULL,'2019-04-19 12:20:34','1',NULL,NULL),('124','141','6','1','1','2','144','2019-04-25 00:00:00','2','17530.00','10000.00','','',NULL,'','',NULL,'2019-04-25 12:48:24','1',NULL,NULL);

/*Table structure for table `payment_mode_master` */

CREATE TABLE `payment_mode_master` (
  `id` int(11) NOT NULL AUTO_INCREMENT,
  `payment_mode` varchar(50) DEFAULT NULL,
  `create_date` timestamp NOT NULL DEFAULT CURRENT_TIMESTAMP ON UPDATE CURRENT_TIMESTAMP,
  PRIMARY KEY (`id`)
) ENGINE=MyISAM AUTO_INCREMENT=5 DEFAULT CHARSET=latin1;

/*Data for the table `payment_mode_master` */

insert  into `payment_mode_master`(`id`,`payment_mode`,`create_date`) values ('1','Card','2019-03-05 11:29:12'),('2','Cash','2019-03-05 11:29:25'),('3','Cheque','2019-03-05 11:29:39'),('4','Transfer','2019-03-05 11:29:49');

/*Table structure for table `payment_month_dtl` */

CREATE TABLE `payment_month_dtl` (
  `id` int(10) NOT NULL AUTO_INCREMENT,
  `payment_master_id` int(10) DEFAULT NULL,
  `month_id` int(10) DEFAULT NULL,
  `amount` decimal(10,2) DEFAULT NULL COMMENT 'total monthly component sum',
  `created_on` timestamp NOT NULL DEFAULT CURRENT_TIMESTAMP,
  `created_by` int(10) DEFAULT NULL,
  `last_modified` datetime DEFAULT NULL,
  PRIMARY KEY (`id`)
) ENGINE=InnoDB AUTO_INCREMENT=131 DEFAULT CHARSET=utf8;

/*Data for the table `payment_month_dtl` */

insert  into `payment_month_dtl`(`id`,`payment_master_id`,`month_id`,`amount`,`created_on`,`created_by`,`last_modified`) values ('3','3','1','16000.00','2019-03-08 07:47:39','1',NULL),('4','4','1','16000.00','2019-03-08 07:51:08','1',NULL),('5','5','1','16000.00','2019-03-08 07:56:03','1',NULL),('7','7','1','16000.00','2019-03-08 08:34:34','1',NULL),('14','9','1','16000.00','2019-03-08 11:34:57','1',NULL),('15','8','1','16000.00','2019-03-11 06:16:47','1',NULL),('16','10','1','16000.00','2019-03-12 04:54:50','1',NULL),('18','12','1','16000.00','2019-03-12 09:49:27','1',NULL),('19','13','1','16000.00','2019-03-12 09:57:05','1',NULL),('20','14','1','16000.00','2019-03-12 10:03:20','1',NULL),('21','15','1','16000.00','2019-03-12 10:09:58','1',NULL),('22','16','1','16000.00','2019-03-12 10:13:21','1',NULL),('23','17','1','16000.00','2019-03-12 10:21:33','1',NULL),('24','18','1','16000.00','2019-03-12 10:26:59','1',NULL),('25','19','1','16000.00','2019-03-12 10:31:09','1',NULL),('26','20','1','16000.00','2019-03-12 10:43:08','1',NULL),('28','22','1','16000.00','2019-03-12 11:14:58','1',NULL),('29','23','1','16000.00','2019-03-12 11:19:07','1',NULL),('30','24','1','16000.00','2019-03-12 11:21:51','1',NULL),('31','25','1','16000.00','2019-03-12 11:24:55','1',NULL),('32','26','1','32000.00','2019-03-13 06:44:04','1',NULL),('33','27','1','32000.00','2019-03-13 06:45:31','1',NULL),('34','28','1','32000.00','2019-03-13 06:49:26','1',NULL),('35','29','1','32000.00','2019-03-13 06:52:03','1',NULL),('36','30','1','32000.00','2019-03-13 06:54:10','1',NULL),('37','31','1','32000.00','2019-03-13 06:55:54','1',NULL),('38','32','1','32000.00','2019-03-13 06:57:38','1',NULL),('40','34','1','16000.00','2019-03-13 07:27:45','1',NULL),('41','35','1','16000.00','2019-03-14 07:25:10','1',NULL),('42','36','1','16000.00','2019-03-14 08:44:41','1',NULL),('43','37','1','16000.00','2019-03-14 08:48:24','1',NULL),('44','38','1','16000.00','2019-03-14 11:10:30','1',NULL),('45','39','1','16000.00','2019-03-14 11:13:15','1',NULL),('46','40','1','16000.00','2019-03-14 11:15:41','1',NULL),('47','41','1','16000.00','2019-03-14 11:18:46','1',NULL),('48','42','1','16000.00','2019-03-14 11:26:43','1',NULL),('49','43','1','16000.00','2019-03-14 11:30:28','1',NULL),('50','44','1','16000.00','2019-03-14 11:37:59','1',NULL),('51','45','1','16000.00','2019-03-14 11:44:22','1',NULL),('52','46','1','16000.00','2019-03-15 06:05:09','1',NULL),('53','47','1','16000.00','2019-03-15 06:07:37','1',NULL),('54','48','1','16000.00','2019-03-15 06:16:29','1',NULL),('56','50','1','16000.00','2019-03-15 06:28:48','1',NULL),('57','51','1','16000.00','2019-03-15 06:31:22','1',NULL),('59','53','1','16000.00','2019-03-15 11:11:01','1',NULL),('61','55','1','16000.00','2019-03-16 06:24:20','1',NULL),('62','56','1','16000.00','2019-03-16 06:27:41','1',NULL),('63','57','1','16000.00','2019-03-16 06:31:44','1',NULL),('64','58','1','16000.00','2019-03-16 06:36:59','1',NULL),('65','59','1','16000.00','2019-03-16 06:40:37','1',NULL),('66','60','1','16000.00','2019-03-16 06:44:23','1',NULL),('67','61','1','16000.00','2019-03-16 06:46:49','1',NULL),('68','62','1','16000.00','2019-03-16 06:48:53','1',NULL),('69','63','1','16000.00','2019-03-16 06:53:43','1',NULL),('70','64','1','16000.00','2019-03-16 07:35:19','1',NULL),('71','65','1','32000.00','2019-03-18 08:19:16','1',NULL),('73','67','1','32000.00','2019-03-18 11:28:40','1',NULL),('75','69','1','16000.00','2019-03-20 05:49:43','1',NULL),('76','70','1','32000.00','2019-03-20 11:22:22','1',NULL),('77','71','1','32000.00','2019-03-20 11:25:29','1',NULL),('78','72','1','32000.00','2019-03-20 11:27:18','1',NULL),('82','76','1','32000.00','2019-03-23 08:29:48','1',NULL),('84','78','1','16000.00','2019-03-28 07:29:04','1',NULL),('85','79','1','16000.00','2019-03-28 09:20:08','1',NULL),('86','80','1','16000.00','2019-03-28 10:12:47','1',NULL),('87','81','1','16000.00','2019-03-28 10:23:42','1',NULL),('88','82','1','16000.00','2019-03-29 08:58:12','1',NULL),('89','83','1','16000.00','2019-03-29 11:50:40','1',NULL),('90','84','1','32000.00','2019-03-30 06:11:42','1',NULL),('91','85','1','32000.00','2019-03-30 06:29:47','1',NULL),('92','86','1','16000.00','2019-04-01 06:25:10','1',NULL),('93','87','1','16000.00','2019-04-01 06:30:37','1',NULL),('94','88','1','16000.00','2019-04-01 06:36:20','1',NULL),('95','89','1','16000.00','2019-04-01 09:24:52','1',NULL),('96','90','1','16000.00','2019-04-01 12:53:06','1',NULL),('97','91','1','16000.00','2019-04-02 09:45:33','1',NULL),('98','92','1','16000.00','2019-04-02 09:53:54','1',NULL),('99','93','1','16000.00','2019-04-02 10:23:29','1',NULL),('100','94','1','16000.00','2019-04-02 10:25:05','1',NULL),('102','96','1','16000.00','2019-04-04 06:09:15','1',NULL),('103','97','1','32000.00','2019-04-05 12:31:29','1',NULL),('104','98','1','32000.00','2019-04-05 12:51:14','1',NULL),('105','99','1','32000.00','2019-04-10 10:12:23','1',NULL),('106','100','1','32000.00','2019-04-10 10:23:12','1',NULL),('107','101','1','16000.00','2019-04-10 10:52:55','1',NULL),('108','102','1','16000.00','2019-04-10 10:57:55','1',NULL),('109','103','1','32000.00','2019-04-10 11:10:26','1',NULL),('110','104','1','32000.00','2019-04-11 05:57:14','1',NULL),('111','105','1','16000.00','2019-04-11 06:05:06','1',NULL),('112','106','1','32000.00','2019-04-11 06:54:08','1',NULL),('113','107','1','16000.00','2019-04-11 07:12:48','1',NULL),('114','108','1','32000.00','2019-04-11 07:20:46','1',NULL),('115','109','1','32000.00','2019-04-13 08:32:53','1',NULL),('116','110','1','16000.00','2019-04-13 08:49:13','1',NULL),('117','111','1','16000.00','2019-04-17 12:27:31','1',NULL),('118','112','1','16000.00','2019-04-17 12:28:47','1',NULL),('119','113','1','16000.00','2019-04-17 12:29:53','1',NULL),('120','114','1','16000.00','2019-04-17 12:30:55','1',NULL),('121','115','1','32000.00','2019-04-17 12:32:01','1',NULL),('122','116','1','32000.00','2019-04-17 12:33:13','1',NULL),('123','117','1','32000.00','2019-04-17 12:34:42','1',NULL),('124','118','1','32000.00','2019-04-17 12:36:01','1',NULL),('125','119','1','32000.00','2019-04-17 12:37:43','1',NULL),('126','120','1','16000.00','2019-04-17 12:38:54','1',NULL),('127','121','1','16000.00','2019-04-17 12:41:21','1',NULL),('129','123','1','16000.00','2019-04-19 12:20:35','1',NULL),('130','124','1','17530.00','2019-04-25 12:48:24','1',NULL);

/*Table structure for table `payment_voucher_ref` */

CREATE TABLE `payment_voucher_ref` (
  `id` int(11) NOT NULL AUTO_INCREMENT,
  `payment_id` int(11) NOT NULL,
  `voucher_id` int(11) NOT NULL,
  `voucher_tag` enum('J','R') DEFAULT NULL COMMENT 'J- JV vouher,R- RC voucher',
  `payment_mode` int(11) DEFAULT NULL,
  `paid_amount` float(10,2) DEFAULT NULL,
  `cheque_no` varchar(100) DEFAULT NULL,
  `cheque_date` date DEFAULT NULL,
  `bank_name` varchar(100) DEFAULT NULL,
  `branch_name` varchar(100) DEFAULT NULL,
  `narration` varchar(255) DEFAULT NULL,
  `voucher_type` enum('P','C') DEFAULT NULL COMMENT 'P-parent,C-child',
  `create_dt` timestamp NOT NULL DEFAULT CURRENT_TIMESTAMP,
  PRIMARY KEY (`id`)
) ENGINE=MyISAM AUTO_INCREMENT=288 DEFAULT CHARSET=latin1;

/*Data for the table `payment_voucher_ref` */

insert  into `payment_voucher_ref`(`id`,`payment_id`,`voucher_id`,`voucher_tag`,`payment_mode`,`paid_amount`,`cheque_no`,`cheque_date`,`bank_name`,`branch_name`,`narration`,`voucher_type`,`create_dt`) values ('16','8','29','R','2','10000.00','',NULL,'','','being the fees recd.','P','2019-03-08 10:33:29'),('15','8','28','J','2','16000.00','',NULL,'','','','P','2019-03-08 10:33:29'),('140','66','154','J','2','16000.00','',NULL,'','','being the amount recd.from Ayush Kumar Gupta','P','2019-03-18 11:27:13'),('5','3','16','J','3','16000.00',NULL,NULL,NULL,NULL,NULL,'P','2019-03-08 07:47:39'),('6','3','17','R','3','11000.00','109811','2018-12-03','Allahabad Bank','','Being the Fees recd.from Adrija Biswas','P','2019-03-08 07:47:39'),('7','4','18','J','3','16000.00',NULL,NULL,NULL,NULL,NULL,'P','2019-03-08 07:51:08'),('8','4','19','R','3','11000.00','497556','2018-12-10','S.B.I','','Being the Fees recd.from Shradda Sing','P','2019-03-08 07:51:08'),('9','5','20','J','2','16000.00',NULL,NULL,NULL,NULL,NULL,'P','2019-03-08 07:56:03'),('10','5','21','R','2','11000.00','',NULL,'','','Being the amount recd.as a Fees from Soumallo Aditya','P','2019-03-08 07:56:03'),('14','7','25','R','2','11000.00','',NULL,'','','being the fees red.from  Swaraj Shaw for UKG','P','2019-03-08 08:34:34'),('13','7','24','J','2','16000.00',NULL,NULL,NULL,NULL,NULL,'P','2019-03-08 08:34:34'),('17','9','30','J','2','16000.00',NULL,NULL,NULL,NULL,NULL,'P','2019-03-08 11:34:56'),('18','9','31','R','2','8000.00',NULL,NULL,NULL,NULL,NULL,'P','2019-03-08 11:34:57'),('19','9','32','R','2','4000.00','',NULL,'','','','C','2019-03-11 06:49:00'),('20','10','33','J','3','16000.00','449763','2019-03-06','State Bank Of India','','New admission','P','2019-03-12 04:54:50'),('21','10','34','R','3','5000.00','449763','2019-06-03','State Bank Of India','','New admission','P','2019-03-12 04:54:50'),('139','48','153','R','2','1000.00','',NULL,'','','being the balance cash recd.from Ankur Sarkar','C','2019-03-18 09:40:13'),('24','12','37','J','2','16000.00','',NULL,'','','being the cash recd.from student','P','2019-03-12 09:49:27'),('25','12','38','R','2','10000.00','',NULL,'','','being the cash recd.from student','P','2019-03-12 09:49:27'),('26','12','39','R','2','6000.00','',NULL,'','','being the balance payment recd.from Ritika Sha','C','2019-03-12 09:52:07'),('27','13','40','J','2','16000.00','',NULL,'','','being the cash recd.from Meyan Sardar','P','2019-03-12 09:57:05'),('28','13','41','R','2','11000.00','',NULL,'','','being the cash recd.from Meyan Sardar','P','2019-03-12 09:57:05'),('29','13','42','R','2','1000.00','',NULL,'','','being the balance amount paid by Meyan Sardar','C','2019-03-12 09:58:57'),('30','14','43','J','2','16000.00','',NULL,'','','being the cash recd.from Divyanshi Roy','P','2019-03-12 10:03:20'),('31','14','44','R','2','11000.00','',NULL,'','','being the cash recd.from Divyanshi Roy','P','2019-03-12 10:03:20'),('32','15','45','J','3','16000.00','627419','2019-01-17','U.B.I','Sarsuna','being the chq.recd. from Bidushi Roy','P','2019-03-12 10:09:58'),('33','15','46','R','3','16000.00','627419','2019-01-17','U.B.I','Sarsuna','being the chq.recd. from Bidushi Roy','P','2019-03-12 10:09:58'),('34','16','47','J','2','16000.00','',NULL,'','','being the cash recd.from Hreet Sardar','P','2019-03-12 10:13:21'),('35','16','48','R','2','11000.00','',NULL,'','','being the cash recd.from Hreet Sardar','P','2019-03-12 10:13:21'),('36','16','49','R','2','5000.00','',NULL,'','','being the balance cash recd.from Hreet Sardar','C','2019-03-12 10:15:04'),('37','17','50','J','3','16000.00','911896','2019-01-18','Canara Bank','Sonamukhi','being the chq.recd.from Sujatro Mandal','P','2019-03-12 10:21:33'),('38','17','51','R','3','11000.00','911896','2019-01-18','Canara Bank','Sonamukhi','being the chq.recd.from Sujatro Mandal','P','2019-03-12 10:21:33'),('39','17','52','R','2','1000.00','',NULL,'','','being the balance amount recd.from Sujatro Mandal','C','2019-03-12 10:23:17'),('40','18','53','J','2','16000.00','',NULL,'','','being the cash recd.from Ashutosh Parida','P','2019-03-12 10:26:59'),('41','18','54','R','2','5000.00','',NULL,'','','being the cash recd.from Ashutosh Parida','P','2019-03-12 10:26:59'),('42','19','55','J','2','16000.00','',NULL,'','','being the cash recd.from Ronak Barnawal','P','2019-03-12 10:31:09'),('43','19','56','R','2','5000.00','',NULL,'','','being the cash recd.from Ronak Barnawal','P','2019-03-12 10:31:09'),('44','20','57','J','2','16000.00','',NULL,'','','BEING THE CASH RECD.FROM Prapti Halder','P','2019-03-12 10:43:08'),('45','20','58','R','2','10000.00','',NULL,'','','BEING THE CASH RECD.FROM Prapti Halder','P','2019-03-12 10:43:08'),('49','22','62','R','2','10000.00','',NULL,'','','being the cash recd.from Ayesha Bose','P','2019-03-12 11:14:58'),('48','22','61','J','2','16000.00','',NULL,'','','being the cash recd.from Ayesha Bose','P','2019-03-12 11:14:58'),('50','23','63','J','3','16000.00','432686','2019-02-13','S.B.I','','being the chq.recd.from Sraddhya Tripathi ','P','2019-03-12 11:19:07'),('51','23','64','R','3','12000.00','432686','2019-02-13','S.B.I','','being the chq.recd.from Sraddhya Tripathi ','P','2019-03-12 11:19:07'),('52','24','65','J','2','16000.00','',NULL,'','','Being the cash recd.from Aditi Shaw','P','2019-03-12 11:21:51'),('53','24','66','R','2','11000.00','',NULL,'','','Being the cash recd.from Aditi Shaw','P','2019-03-12 11:21:51'),('54','25','67','J','2','16000.00','',NULL,'','','being the cash recd.from Arnav Mitra','P','2019-03-12 11:24:55'),('55','25','68','R','2','11000.00','',NULL,'','','being the cash recd.from Arnav Mitra','P','2019-03-12 11:24:55'),('56','26','69','J','4','16000.00','',NULL,'','','being the amount recd.from Aniket Gupta','P','2019-03-13 06:44:04'),('57','26','70','R','4','10000.00','',NULL,'','','being the amount recd.from Aniket Gupta','P','2019-03-13 06:44:04'),('58','27','71','J','2','16000.00','',NULL,'','','','P','2019-03-13 06:45:31'),('59','27','72','R','2','16000.00','',NULL,'','','','P','2019-03-13 06:45:31'),('60','28','73','J','3','16000.00','093031','2019-01-22','Bank of Maharashtra','SP Mukherjee Road','being the chq.recd.from Rajveer Singh','P','2019-03-13 06:49:26'),('61','28','74','R','3','11000.00','093031','2019-01-22','Bank of Maharashtra','SP Mukherjee Road','being the chq.recd.from Rajveer Singh','P','2019-03-13 06:49:26'),('62','29','75','J','2','16000.00','',NULL,'','','being the cash recd.from Shreyan Sarkar','P','2019-03-13 06:52:03'),('63','29','76','R','2','5000.00','',NULL,'','','being the cash recd.from Shreyan Sarkar','P','2019-03-13 06:52:03'),('64','30','77','J','2','16000.00','',NULL,'','','being the cash recd.from Archisman Aich\n','P','2019-03-13 06:54:10'),('65','30','78','R','2','6000.00','',NULL,'','','being the cash recd.from Archisman Aich\n','P','2019-03-13 06:54:10'),('66','31','79','J','2','16000.00','',NULL,'','','being the cash recd.from Anurag Mukherjee','P','2019-03-13 06:55:54'),('67','31','80','R','2','12000.00','',NULL,'','','being the cash recd.from Anurag Mukherjee','P','2019-03-13 06:55:54'),('68','32','81','J','2','16000.00','',NULL,'','','being the cash recd.from Swarnadeep Das','P','2019-03-13 06:57:38'),('69','32','82','R','2','12000.00','',NULL,'','','being the cash recd.from Swarnadeep Das','P','2019-03-13 06:57:38'),('138','65','152','R','2','10000.00','',NULL,'','','being the cash recd.from Jishnu Das','P','2019-03-18 08:19:16'),('137','65','151','J','2','16000.00','',NULL,'','','being the cash recd.from Jishnu Das','P','2019-03-18 08:19:16'),('72','34','85','J','2','16000.00','',NULL,'','','','P','2019-03-13 07:27:45'),('73','34','86','R','2','16000.00','',NULL,'','','','P','2019-03-13 07:27:45'),('74','35','88','J','3','16000.00','593531','2019-03-06','Canara Bank','','being the chq.recd from Rajdeep Saha','P','2019-03-14 07:25:10'),('75','35','89','R','3','5000.00','593531','2019-03-06','Canara Bank','','being the chq.recd from Rajdeep Saha','P','2019-03-14 07:25:10'),('76','36','90','J','3','16000.00','069522','2019-02-15','State Bank Of India','Taratala','being the chq.recd.from Ronit Kumar Mahato','P','2019-03-14 08:44:41'),('77','36','91','R','3','11000.00','069522','2019-02-15','State Bank Of India','Taratala','being the chq.recd.from Ronit Kumar Mahato','P','2019-03-14 08:44:41'),('78','37','92','J','2','16000.00','',NULL,'','','being the amount recd.from Arpita Naskar','P','2019-03-14 08:48:24'),('79','37','93','R','2','6000.00','',NULL,'','','being the amount recd.from Arpita Naskar','P','2019-03-14 08:48:24'),('80','37','94','R','3','5000.00','178626','2018-12-03','State Bank Of India','','being the amount recd.from Arpita Naskar','C','2019-03-14 08:52:10'),('81','38','95','J','2','16000.00','',NULL,'','','being the cash recd.from Barsha Mondal','P','2019-03-14 11:10:30'),('82','38','96','R','2','16000.00','',NULL,'','','being the cash recd.from Barsha Mondal','P','2019-03-14 11:10:30'),('83','39','97','J','2','16000.00','',NULL,'','','being the cash recd.from Anubhab Sardar','P','2019-03-14 11:13:15'),('84','39','98','R','2','12000.00','',NULL,'','','being the cash recd.from Anubhab Sardar','P','2019-03-14 11:13:15'),('85','40','99','J','2','16000.00','',NULL,'','','being the cash recd.from Shilpa Sha','P','2019-03-14 11:15:41'),('86','40','100','R','2','12000.00','',NULL,'','','being the cash recd.from Shilpa Sha','P','2019-03-14 11:15:41'),('87','41','101','J','2','16000.00','',NULL,'','','being the cash recd.from Somosree Mondal','P','2019-03-14 11:18:46'),('88','41','102','R','2','11000.00','',NULL,'','','being the cash recd.from Somosree Mondal','P','2019-03-14 11:18:46'),('89','42','103','J','2','16000.00','',NULL,'','','being the cash recd.from  Raunak Roy','P','2019-03-14 11:26:43'),('90','42','104','R','2','10000.00','',NULL,'','','being the cash recd.from  Raunak Roy','P','2019-03-14 11:26:43'),('91','43','105','J','2','16000.00','',NULL,'','','being the chq.recd from Ishan biswas','P','2019-03-14 11:30:28'),('92','43','106','R','2','11000.00','',NULL,'','','being the chq.recd from Ishan biswas','P','2019-03-14 11:30:28'),('93','44','107','J','2','16000.00','',NULL,'','','being the cash recd.from Rupam Ghosh','P','2019-03-14 11:37:59'),('94','44','108','R','2','11000.00','',NULL,'','','being the cash recd.from Rupam Ghosh','P','2019-03-14 11:37:59'),('95','45','109','J','3','16000.00','030791','2019-02-06','State Bank Of India','','being the chq.recd.from Prateek Kr Pandey','P','2019-03-14 11:44:22'),('96','45','110','R','3','6000.00','030791','2019-02-06','State Bank Of India','','being the chq.recd.from Prateek Kr Pandey','P','2019-03-14 11:44:22'),('97','46','111','J','2','16000.00','',NULL,'','','being the amount recd.from Subhajit Kayal','P','2019-03-15 06:05:09'),('98','46','112','R','2','16000.00','',NULL,'','','being the amount recd.from Subhajit Kayal','P','2019-03-15 06:05:09'),('99','47','113','J','2','16000.00','',NULL,'','','being the amount recd.from Sayan Mistri','P','2019-03-15 06:07:37'),('100','47','114','R','2','11000.00','',NULL,'','','being the amount recd.from Sayan Mistri','P','2019-03-15 06:07:37'),('101','48','115','J','2','16000.00','',NULL,'','','being the cash recd.from Ankur Sarkar','P','2019-03-15 06:16:29'),('102','48','116','R','2','10000.00','',NULL,'','','being the cash recd.from Ankur Sarkar','P','2019-03-15 06:16:29'),('103','49','117','J','2','16000.00','',NULL,'','','being the cash recd.from Ankur Sarkar','P','2019-03-15 06:16:33'),('104','49','118','R','2','2500.00','',NULL,'','','being the cash recd.from Ankur Sarkar','P','2019-03-15 06:16:33'),('105','50','119','J','2','16000.00','',NULL,'','','being the amount recd.from Sreejita Pradhan','P','2019-03-15 06:28:48'),('106','50','120','R','2','4000.00','',NULL,'','','being the amount recd.from Sreejita Pradhan','P','2019-03-15 06:28:48'),('107','51','121','J','2','16000.00','',NULL,'','','being the amount recd.from Ashish Kumar Sah','P','2019-03-15 06:31:22'),('108','51','122','R','2','12000.00','',NULL,'','','being the amount recd.from Ashish Kumar Sah','P','2019-03-15 06:31:22'),('109','52','123','J','2','16000.00','',NULL,'','','being the amount recd.from Ashish Kumar Sah','P','2019-03-15 06:31:24'),('110','52','124','R','2','12000.00','',NULL,'','','being the amount recd.from Ashish Kumar Sah','P','2019-03-15 06:31:24'),('111','53','125','J','3','16000.00','111593','2019-01-09','State Bank Of India','Sitalatala','being the chq.recd.from Swarup Chanda','P','2019-03-15 11:11:01'),('112','53','126','R','3','11000.00','111593','2019-01-09','State Bank Of India','Sitalatala','being the chq.recd.from Swarup Chanda','P','2019-03-15 11:11:01'),('113','53','127','R','2','5000.00','',NULL,'','','being the balance amount recd.from Swarup Chanda','C','2019-03-15 11:12:56'),('180','84','241','R','2','5000.00','',NULL,'','','being the fees recd.for class-IV','P','2019-03-30 06:11:42'),('179','84','240','J','2','16000.00','',NULL,'','','being the fees recd.for class-IV','P','2019-03-30 06:11:42'),('117','55','131','J','2','16000.00','',NULL,'','','being the cashrecd.from Naitik Shaw','P','2019-03-16 06:24:20'),('118','55','132','R','2','13000.00','',NULL,'','','being the cashrecd.from Naitik Shaw','P','2019-03-16 06:24:20'),('119','56','133','J','3','16000.00','042279','2018-12-03','BOI','','being the chq.recd.from Raj Gupta','P','2019-03-16 06:27:41'),('120','56','134','R','3','10000.00','042279','2018-12-03','BOI','','being the chq.recd.from Raj Gupta','P','2019-03-16 06:27:41'),('121','57','135','J','2','16000.00','',NULL,'','','being the cash recd.from Sagar Kumar Shaw','P','2019-03-16 06:31:44'),('122','57','136','R','2','11000.00','',NULL,'','','being the cash recd.from Sagar Kumar Shaw','P','2019-03-16 06:31:44'),('123','58','137','J','3','16000.00','034630','2019-02-05','Allahabad Bank','Sakuntala Park','being the amount paid by CHQ.\n\n','P','2019-03-16 06:36:59'),('124','58','138','R','3','11000.00','034630','2019-02-05','Allahabad Bank','Sakuntala Park','being the amount paid by CHQ.\n\n','P','2019-03-16 06:36:59'),('125','59','139','J','3','16000.00','034630','2019-02-05','Allahabad Bank','Sakuntala Park','being the amount paid by chq. by \nDiptanshu & Diptendu Bhattacharjee.','P','2019-03-16 06:40:37'),('126','59','140','R','3','11000.00','034630','2019-02-05','Allahabad Bank','Sakuntala Park','being the amount paid by chq. by \nDiptanshu & Diptendu Bhattacharjee.','P','2019-03-16 06:40:37'),('127','60','141','J','3','16000.00','069521','2019-02-15','State Bank Of India','Taratala','being the chq.recd.from Smriti Mahata','P','2019-03-16 06:44:23'),('128','60','142','R','3','11000.00','069521','2019-02-15','State Bank Of India','Taratala','being the chq.recd.from Smriti Mahata','P','2019-03-16 06:44:23'),('129','61','143','J','2','16000.00','',NULL,'','','being the cash recd.from Ayush Anand','P','2019-03-16 06:46:49'),('130','61','144','R','2','11000.00','',NULL,'','','being the cash recd.from Ayush Anand','P','2019-03-16 06:46:49'),('131','62','145','J','2','16000.00','',NULL,'','','being the cash recd.from Swarnadeep Bhore','P','2019-03-16 06:48:53'),('132','62','146','R','2','16000.00','',NULL,'','','being the cash recd.from Swarnadeep Bhore','P','2019-03-16 06:48:53'),('133','63','147','J','3','16000.00','839578','2018-12-25','Canara Bank','','being the chq.recd.from Nandini Kumar Shaw','P','2019-03-16 06:53:43'),('134','63','148','R','3','11000.00','839578','2018-12-25','Canara Bank','','being the chq.recd.from Nandini Kumar Shaw','P','2019-03-16 06:53:43'),('135','64','149','J','3','16000.00','162765','2019-01-01','State Bank Of India','Bakultala','being the chq.recd.from Avijit Dey','P','2019-03-16 07:35:19'),('136','64','150','R','3','10000.00','162765','2019-01-01','State Bank Of India','Bakultala','being the chq.recd.from Avijit Dey','P','2019-03-16 07:35:19'),('142','67','156','J','2','16000.00','',NULL,'','','Being the amount recd.from Md.Aman Kabir','P','2019-03-18 11:28:40'),('143','67','157','R','2','2000.00','',NULL,'','','Being the amount recd.from Md.Aman Kabir','P','2019-03-18 11:28:40'),('163','22','183','R','2','1000.00','',NULL,'','','being the amount recd.fromAyesha Bose from UKG','C','2019-03-23 08:47:55'),('146','69','161','J','2','16000.00','',NULL,'','','being the cash recd.from Aaradhya Rajak,Class-II','P','2019-03-20 05:49:43'),('147','69','162','R','2','5500.00','',NULL,'','','being the cash recd.from Aaradhya Rajak,Class-II','P','2019-03-20 05:49:43'),('148','70','166','J','2','16000.00','',NULL,'','','cash recd.from Souhardya Saha','P','2019-03-20 11:22:22'),('149','70','167','R','2','1000.00','',NULL,'','','cash recd.from Souhardya Saha','P','2019-03-20 11:22:22'),('150','71','168','J','2','16000.00','',NULL,'','','Being the cash recd.from Samridh Barnwal','P','2019-03-20 11:25:29'),('151','71','169','R','2','1000.00','',NULL,'','','Being the cash recd.from Samridh Barnwal','P','2019-03-20 11:25:29'),('152','72','170','J','2','16000.00','',NULL,'','','being the cash recd.from Soujanya Saha','P','2019-03-20 11:27:18'),('153','72','171','R','2','1000.00','',NULL,'','','being the cash recd.from Soujanya Saha','P','2019-03-20 11:27:18'),('154','61','172','R','2','2000.00','',NULL,'','','being the cash recd.from Ayush Anand','C','2019-03-22 06:31:14'),('162','76','180','R','2','16000.00','',NULL,'','','being the cash recd.from Ayush Kumar Gupta,Class: I','P','2019-03-23 08:29:48'),('161','76','179','J','2','16000.00','',NULL,'','','being the cash recd.from Ayush Kumar Gupta,Class: I','P','2019-03-23 08:29:48'),('167','78','189','R','2','15000.00','',NULL,'','','being the amount recd.from Ishika Sen,Class-VII','P','2019-03-28 07:29:04'),('166','78','188','J','2','16000.00','',NULL,'','','being the amount recd.from Ishika Sen,Class-VII','P','2019-03-28 07:29:04'),('168','79','193','J','2','16000.00','',NULL,'','','being the cash recd.from Dipayan Roy,Class-V','P','2019-03-28 09:20:08'),('169','79','194','R','2','11000.00','',NULL,'','','being the cash recd.from Dipayan Roy,Class-V','P','2019-03-28 09:20:08'),('170','80','203','J','2','16000.00','',NULL,'','','being the cash recd.from Neer Shaw,Class-VI','P','2019-03-28 10:12:47'),('171','80','204','R','2','11000.00','',NULL,'','','being the cash recd.from Neer Shaw,Class-VI','P','2019-03-28 10:12:47'),('172','81','207','J','2','16000.00','',NULL,'','','being the fees recd.from Suryanshu Seal,ClassVI','P','2019-03-28 10:23:42'),('173','81','208','R','2','11000.00','',NULL,'','','being the fees recd.from Suryanshu Seal,ClassVI','P','2019-03-28 10:23:42'),('174','29','211','R','2','7000.00','',NULL,'','','being the cash recd.against Fees','C','2019-03-29 06:24:06'),('175','82','221','J','2','16000.00','',NULL,'','','','P','2019-03-29 08:58:12'),('176','82','222','R','2','14500.00','',NULL,'','','','P','2019-03-29 08:58:12'),('177','83','230','J','2','16000.00','',NULL,'','','BEING THE CASH RECD.FROM SOMYODIP MAITY,CLASS-V','P','2019-03-29 11:50:40'),('178','83','231','R','2','5000.00','',NULL,'','','BEING THE CASH RECD.FROM SOMYODIP MAITY,CLASS-V','P','2019-03-29 11:50:40'),('181','85','245','J','2','16000.00','',NULL,'','','','P','2019-03-30 06:29:47'),('182','85','246','R','2','12000.00','',NULL,'','','','P','2019-03-30 06:29:47'),('183','86','256','J','2','16000.00','',NULL,'','','being the cash recd.from Shlok Saha,class-VII.','P','2019-04-01 06:25:10'),('184','86','257','R','2','12000.00','',NULL,'','','being the cash recd.from Shlok Saha,class-VII.','P','2019-04-01 06:25:10'),('185','87','260','J','2','16000.00','',NULL,'','','being the cash recd.from Kaushal Shah,Class-VII','P','2019-04-01 06:30:37'),('186','87','261','R','2','11000.00','',NULL,'','','being the cash recd.from Kaushal Shah,Class-VII','P','2019-04-01 06:30:37'),('187','88','264','J','2','16000.00','',NULL,'','','being the cash recd.from  Rajdeep Chakraborty','P','2019-04-01 06:36:20'),('188','88','265','R','2','15000.00','',NULL,'','','being the cash recd.from  Rajdeep Chakraborty','P','2019-04-01 06:36:20'),('189','89','270','J','2','16000.00','',NULL,'','','being the fees recd.from Ramajay Das','P','2019-04-01 09:24:52'),('190','89','271','R','2','7000.00','',NULL,'','','being the fees recd.from Ramajay Das','P','2019-04-01 09:24:52'),('191','90','281','J','2','16000.00','',NULL,'','','being the fees recd.','P','2019-04-01 12:53:06'),('192','90','282','R','2','11000.00','',NULL,'','','being the fees recd.','P','2019-04-01 12:53:06'),('193','58','285','R','2','1000.00','',NULL,'','','being the balance fees recd.\r\n','C','2019-04-02 09:13:11'),('194','59','286','R','2','1000.00','',NULL,'','','being the due fees recd.','C','2019-04-02 09:16:29'),('195','91','290','J','3','16000.00','135177','2019-04-02','State Bank Of India','Behala','being the fees recd.','P','2019-04-02 09:45:33'),('196','91','291','R','3','13500.00','135177','2019-04-02','State Bank Of India','Behala','being the fees recd.','P','2019-04-02 09:45:33'),('197','92','293','J','3','16000.00','875679','2019-04-02','Canara Bank','R.R.M.R. Road','being the fees recd for class : VI','P','2019-04-02 09:53:54'),('198','92','294','R','3','16000.00','875679','2019-04-02','Canara Bank','R.R.M.R. Road','being the fees recd for class : VI','P','2019-04-02 09:53:54'),('199','93','297','J','2','16000.00','',NULL,'','','being the fees recd.','P','2019-04-02 10:23:29'),('200','93','298','R','2','2000.00','',NULL,'','','being the fees recd.','P','2019-04-02 10:23:29'),('201','94','299','J','2','16000.00','',NULL,'','','being the fees recd.','P','2019-04-02 10:25:05'),('202','94','300','R','2','5000.00','',NULL,'','','being the fees recd.','P','2019-04-02 10:25:05'),('209','94','315','R','2','5000.00','',NULL,'','','being the due fees recd.from Krish Das','C','2019-04-05 12:44:09'),('205','96','305','J','2','16000.00','',NULL,'','','being the fees recd. for Class-V','P','2019-04-04 06:09:15'),('206','96','306','R','2','10000.00','',NULL,'','','being the fees recd. for Class-V','P','2019-04-04 06:09:15'),('207','97','311','J','2','16000.00','',NULL,'','','being the fees recd.for\n Class-IV','P','2019-04-05 12:31:29'),('208','97','312','R','2','16000.00','',NULL,'','','being the fees recd.for\n Class-IV','P','2019-04-05 12:31:29'),('210','98','317','J','2','16000.00','',NULL,'','','being the amount recd.from Alankit Moitra','P','2019-04-05 12:51:14'),('211','98','318','R','2','10000.00','',NULL,'','','being the amount recd.from Alankit Moitra','P','2019-04-05 12:51:14'),('212','24','321','R','2','1000.00','',NULL,'','','being the due fees recd.','C','2019-04-05 12:57:19'),('213','19','328','R','2','6000.00','',NULL,'','','being the due fees recd.','C','2019-04-06 06:24:56'),('214','44','331','R','2','1000.00','',NULL,'','','being the balance fees recd.','C','2019-04-08 09:35:09'),('215','43','334','R','2','1000.00','',NULL,'','','being the due fees recd.','C','2019-04-08 10:19:42'),('216','42','336','R','2','5000.00','',NULL,'','','being the due fees recd.','C','2019-04-08 10:48:30'),('217','41','343','R','2','3000.00','',NULL,'','','being the due fees recd.','C','2019-04-08 11:54:56'),('218','37','344','R','2','1000.00','',NULL,'','','due fees recd.','C','2019-04-08 12:57:58'),('220','3','346','R','2','1000.00','',NULL,'','','balance fees recd.from Adrija Biswas','C','2019-04-09 06:15:36'),('221','99','347','J','2','16000.00','',NULL,'','','being the admission fees recd.','P','2019-04-10 10:12:23'),('222','99','348','R','2','10800.00','',NULL,'','','being the admission fees recd.','P','2019-04-10 10:12:23'),('223','100','351','J','3','16000.00','000013','2019-04-09','Bank of Baroda','Alipore,Kolkata','being the fees recd.','P','2019-04-10 10:23:12'),('224','100','352','R','3','15000.00','000013','2019-04-09','Bank of Baroda','Alipore,Kolkata','being the fees recd.','P','2019-04-10 10:23:12'),('225','101','354','J','3','16000.00','334916','2019-04-10','U.B.I','Barisha','being the fees recd.','P','2019-04-10 10:52:55'),('226','101','355','R','3','5000.00','334916','2019-04-10','U.B.I','Barisha','being the fees recd.','P','2019-04-10 10:52:55'),('227','102','356','J','2','16000.00','',NULL,'','','being the fees recd.','P','2019-04-10 10:57:55'),('228','102','357','R','2','10000.00','',NULL,'','','being the fees recd.','P','2019-04-10 10:57:55'),('229','103','360','J','3','16000.00','800615','2019-04-12','State Bank Of India','Bhusan Steel Plant-Narendrapur','being the fees recd.','P','2019-04-10 11:10:26'),('230','103','361','R','3','19200.00','800615','2019-04-12','State Bank Of India','Bhusan Steel Plant-Narendrapur','being the fees recd.','P','2019-04-10 11:10:26'),('231','30','363','R','2','4000.00','',NULL,'','','being the due fees recd.','C','2019-04-10 11:57:21'),('232','104','367','J','3','16000.00','010883','2019-04-10','State Bank Of India','SAKHER BAZAR','BEING THE FEES RECD.FOR CLASS-I\n\n','P','2019-04-11 05:57:14'),('233','104','368','R','3','15000.00','010883','2019-04-10','State Bank Of India','SAKHER BAZAR','BEING THE FEES RECD.FOR CLASS-I\n\n','P','2019-04-11 05:57:14'),('234','105','371','J','2','16000.00','',NULL,'','','BEING THE FEES RECD.FORCLASS-III','P','2019-04-11 06:05:06'),('235','105','372','R','2','10000.00','',NULL,'','','BEING THE FEES RECD.FORCLASS-III','P','2019-04-11 06:05:06'),('236','106','375','J','2','16000.00','',NULL,'','','being the fees recd.for class-IV','P','2019-04-11 06:54:08'),('237','106','376','R','2','11000.00','',NULL,'','','being the fees recd.for class-IV','P','2019-04-11 06:54:08'),('238','107','379','J','2','16000.00','',NULL,'','','being the fees recd.','P','2019-04-11 07:12:48'),('239','107','380','R','2','11000.00','',NULL,'','','being the fees recd.','P','2019-04-11 07:12:48'),('240','108','383','J','2','16000.00','',NULL,'','','being the fees recd.','P','2019-04-11 07:20:46'),('241','108','384','R','2','11000.00','',NULL,'','','being the fees recd.','P','2019-04-11 07:20:46'),('242','94','390','R','2','1000.00','',NULL,'','','due fees recd.from Krish Das,Class-III','C','2019-04-13 08:11:13'),('243','101','392','R','2','6000.00','',NULL,'','','being the due fees recd.from Debargha Chatterjee\r\n','C','2019-04-13 08:18:13'),('244','109','395','J','2','16000.00','',NULL,'','','being the fees recd.','P','2019-04-13 08:32:53'),('245','109','396','R','2','11000.00','',NULL,'','','being the fees recd.','P','2019-04-13 08:32:53'),('246','110','399','J','2','16000.00','',NULL,'','','being the fees recd','P','2019-04-13 08:49:13'),('247','110','400','R','2','2500.00','',NULL,'','','being the fees recd','P','2019-04-13 08:49:13'),('248','110','401','R','3','7500.00','000007','2019-04-12','Andhra bank','Kalipur,Sakuntala Park','Balance fees recd.','C','2019-04-13 08:53:37'),('249','111','403','J','2','16000.00','',NULL,'','','BEING THE FEES RECD.','P','2019-04-17 12:27:31'),('250','111','404','R','2','10000.00','',NULL,'','','BEING THE FEES RECD.','P','2019-04-17 12:27:31'),('251','112','405','J','2','16000.00','',NULL,'','','BEING THE FEES RECD.','P','2019-04-17 12:28:47'),('252','112','406','R','2','5000.00','',NULL,'','','BEING THE FEES RECD.','P','2019-04-17 12:28:47'),('253','113','407','J','2','16000.00','',NULL,'','','BEING THE FEES RECD.','P','2019-04-17 12:29:53'),('254','113','408','R','2','5000.00','',NULL,'','','BEING THE FEES RECD.','P','2019-04-17 12:29:53'),('255','114','409','J','2','16000.00','',NULL,'','','BEING THE FEES RECD.','P','2019-04-17 12:30:55'),('256','114','410','R','2','5000.00','',NULL,'','','BEING THE FEES RECD.','P','2019-04-17 12:30:55'),('257','115','411','J','2','16000.00','',NULL,'','','BEING THE FEES RECD.','P','2019-04-17 12:32:01'),('258','115','412','R','2','10000.00','',NULL,'','','BEING THE FEES RECD.','P','2019-04-17 12:32:01'),('259','116','413','J','2','16000.00','',NULL,'','','BEING THE FEES RECD.','P','2019-04-17 12:33:13'),('260','116','414','R','2','4000.00','',NULL,'','','BEING THE FEES RECD.','P','2019-04-17 12:33:13'),('261','117','415','J','2','16000.00','',NULL,'','','BEING THE FEES RECD.','P','2019-04-17 12:34:42'),('262','117','416','R','2','2000.00','',NULL,'','','BEING THE FEES RECD.','P','2019-04-17 12:34:42'),('263','118','417','J','2','16000.00','',NULL,'','','BEING THE FEES RECD.','P','2019-04-17 12:36:01'),('264','118','418','R','2','11000.00','',NULL,'','','BEING THE FEES RECD.','P','2019-04-17 12:36:01'),('265','119','419','J','2','16000.00','',NULL,'','','BEING THE FEES RECD.','P','2019-04-17 12:37:43'),('266','119','420','R','2','11000.00','',NULL,'','','BEING THE FEES RECD.','P','2019-04-17 12:37:43'),('267','120','421','J','2','16000.00','',NULL,'','','BEING THE FEES RECD.','P','2019-04-17 12:38:54'),('268','120','422','R','2','4000.00','',NULL,'','','BEING THE FEES RECD.','P','2019-04-17 12:38:54'),('269','121','423','J','2','16000.00','',NULL,'','','','P','2019-04-17 12:41:21'),('270','121','424','R','2','10000.00','',NULL,'','','','P','2019-04-17 12:41:21'),('271','113','437','R','2','5000.00','',NULL,'','','','C','2019-04-17 12:58:33'),('275','28','442','R','2','1000.00','',NULL,'','','due fees recd.','C','2019-04-19 11:40:21'),('274','18','441','R','2','5000.00','',NULL,'','','Due fees recd.','C','2019-04-19 11:37:06'),('276','50','445','R','2','6000.00','',NULL,'','','due fees recd.','C','2019-04-19 11:52:03'),('277','114','447','R','2','6000.00','',NULL,'','','due fees recd.','C','2019-04-19 12:00:43'),('278','67','448','R','2','6000.00','',NULL,'','','being the due fees recd.','C','2019-04-19 12:03:36'),('279','116','450','R','2','7000.00','',NULL,'','','due fees recd.','C','2019-04-19 12:06:33'),('280','123','452','J','2','16000.00','',NULL,'','','being the fees recd by cash','P','2019-04-19 12:20:35'),('281','123','453','R','2','9000.00','',NULL,'','','being the fees recd by cash','P','2019-04-19 12:20:35'),('282','89','455','R','2','2000.00','',NULL,'','','fees recd.','C','2019-04-19 12:24:04'),('283','84','457','R','2','5000.00','',NULL,'','','due fees recd.','C','2019-04-19 12:33:06'),('284','69','459','R','2','5500.00','',NULL,'','','fees recd.','C','2019-04-19 12:38:51'),('285','8','464','R','2','2000.00','',NULL,'','','due fees recd.','C','2019-04-20 08:59:09'),('286','124','472','J','2','17530.00','',NULL,'','','','P','2019-04-25 12:48:24'),('287','124','473','R','2','10000.00','',NULL,'','','','P','2019-04-25 12:48:24');

/*Table structure for table `relationship_master` */

CREATE TABLE `relationship_master` (
  `id` int(10) NOT NULL AUTO_INCREMENT,
  `relation` varchar(255) DEFAULT NULL,
  `is_active` tinyint(1) DEFAULT NULL,
  `created_on` timestamp NOT NULL DEFAULT CURRENT_TIMESTAMP,
  `created_by` int(10) DEFAULT NULL,
  `last_modified` datetime DEFAULT NULL,
  PRIMARY KEY (`id`)
) ENGINE=InnoDB AUTO_INCREMENT=20 DEFAULT CHARSET=utf8;

/*Data for the table `relationship_master` */

insert  into `relationship_master`(`id`,`relation`,`is_active`,`created_on`,`created_by`,`last_modified`) values ('1','Father',NULL,'2018-12-27 00:15:04','1',NULL),('2','Mother',NULL,'2018-12-27 00:15:04','1',NULL),('3','Son',NULL,'2018-12-27 00:15:04','1',NULL),('4','Daughter',NULL,'2018-12-27 00:15:04','1',NULL),('5','Husband',NULL,'2018-12-27 00:15:04','1',NULL),('6','Wife',NULL,'2018-12-27 00:15:04','1',NULL),('7','Brother',NULL,'2018-12-27 00:15:04','1',NULL),('8','Sister',NULL,'2018-12-27 00:15:04','1',NULL),('9','Grandfather',NULL,'2018-12-27 00:15:04','1',NULL),('10','Grandmother',NULL,'2018-12-27 00:15:04','1',NULL),('11','Grandson',NULL,'2018-12-27 00:15:04','1',NULL),('12','Granddaughter',NULL,'2018-12-27 00:15:04','1',NULL),('13','Uncle',NULL,'2018-12-27 00:15:04','1',NULL),('14','Aunt',NULL,'2018-12-27 00:15:04','1','2018-12-26 00:00:00'),('15','Nephew',NULL,'2018-12-27 00:15:04','1',NULL),('16','Niece',NULL,'2018-12-27 00:15:04','1',NULL),('17','Cousin',NULL,'2018-12-27 00:15:04','1',NULL),('18','Self',NULL,'2018-12-27 00:15:04','1',NULL),('19','Non Worker',NULL,'2018-12-27 00:15:04','1',NULL);

/*Table structure for table `religion_master` */

CREATE TABLE `religion_master` (
  `id` int(10) NOT NULL AUTO_INCREMENT,
  `religion` varchar(255) DEFAULT NULL,
  `is_active` tinyint(1) DEFAULT NULL,
  `created_on` timestamp NOT NULL DEFAULT CURRENT_TIMESTAMP,
  `created_by` int(10) DEFAULT NULL,
  `last_modified` datetime DEFAULT NULL,
  PRIMARY KEY (`id`)
) ENGINE=InnoDB AUTO_INCREMENT=4 DEFAULT CHARSET=utf8;

/*Data for the table `religion_master` */

insert  into `religion_master`(`id`,`religion`,`is_active`,`created_on`,`created_by`,`last_modified`) values ('1','Hindu','1','2018-12-26 23:03:20','1','2019-01-28 00:00:00'),('2','Muslim','1','2019-01-24 10:27:52','1','2019-01-24 00:00:00'),('3','Christian','1','2019-01-28 08:40:32','1',NULL);

/*Table structure for table `school_master` */

CREATE TABLE `school_master` (
  `id` int(10) NOT NULL AUTO_INCREMENT,
  `school_name` varchar(255) DEFAULT NULL,
  `address` varchar(255) NOT NULL,
  `address2` varchar(255) NOT NULL,
  `state` varchar(50) NOT NULL,
  `pin` varchar(50) NOT NULL,
  `contact_persone` varchar(50) NOT NULL,
  `is_active` enum('Y','N') DEFAULT NULL,
  `created_on` timestamp NULL DEFAULT CURRENT_TIMESTAMP,
  `created_by` int(10) DEFAULT NULL,
  `last_modified` datetime DEFAULT NULL,
  PRIMARY KEY (`id`)
) ENGINE=InnoDB AUTO_INCREMENT=2 DEFAULT CHARSET=utf8;

/*Data for the table `school_master` */

insert  into `school_master`(`id`,`school_name`,`address`,`address2`,`state`,`pin`,`contact_persone`,`is_active`,`created_on`,`created_by`,`last_modified`) values ('1','New Vista Academy','BAGPOTA ROAD, SARSUNA, KOLKATA - 700061','','West Bengal','700061','','Y','2018-12-26 18:36:27',NULL,'2019-02-18 00:00:00');

/*Table structure for table `section_master` */

CREATE TABLE `section_master` (
  `id` int(10) NOT NULL AUTO_INCREMENT,
  `section` varchar(255) DEFAULT NULL,
  `is_active` tinyint(1) DEFAULT NULL,
  `created_on` timestamp NOT NULL DEFAULT CURRENT_TIMESTAMP,
  `created_by` int(10) DEFAULT NULL,
  `last_modified` datetime DEFAULT NULL,
  PRIMARY KEY (`id`)
) ENGINE=InnoDB AUTO_INCREMENT=4 DEFAULT CHARSET=utf8;

/*Data for the table `section_master` */

insert  into `section_master`(`id`,`section`,`is_active`,`created_on`,`created_by`,`last_modified`) values ('1','A','1','2018-12-26 18:48:52','1',NULL),('2','B','1','2018-12-26 18:48:56','1',NULL),('3','C','1','2018-12-26 18:49:06','1',NULL);

/*Table structure for table `states` */

CREATE TABLE `states` (
  `id` int(11) NOT NULL AUTO_INCREMENT,
  `name` varchar(30) NOT NULL,
  `country_id` int(11) NOT NULL DEFAULT '1',
  `is_active` enum('Y','N') DEFAULT 'N',
  PRIMARY KEY (`id`)
) ENGINE=InnoDB AUTO_INCREMENT=4122 DEFAULT CHARSET=utf8;

/*Data for the table `states` */

insert  into `states`(`id`,`name`,`country_id`,`is_active`) values ('1','Andaman and Nicobar Islands','101','Y'),('2','Andhra Pradesh','101','Y'),('3','Arunachal Pradesh','101','Y'),('4','Assam','101','Y'),('5','Bihar','101','Y'),('6','Chandigarh','101','Y'),('7','Chhattisgarh','101','Y'),('8','Dadra and Nagar Haveli','101','Y'),('9','Daman and Diu','101','Y'),('10','Delhi','101','Y'),('11','Goa','101','Y'),('12','Gujarat','101','Y'),('13','Haryana','101','Y'),('14','Himachal Pradesh','101','Y'),('15','Jammu and Kashmir','101','Y'),('16','Jharkhand','101','Y'),('17','Karnataka','101','Y'),('18','Kenmore','101','Y'),('19','Kerala','101','Y'),('20','Lakshadweep','101','Y'),('21','Madhya Pradesh','101','Y'),('22','Maharashtra','101','Y'),('23','Manipur','101','Y'),('24','Meghalaya','101','Y'),('25','Mizoram','101','Y'),('26','Nagaland','101','Y'),('27','Narora','101','Y'),('28','Natwar','101','Y'),('29','Odisha','101','Y'),('30','Paschim Medinipur','101','Y'),('31','Pondicherry','101','Y'),('32','Punjab','101','Y'),('33','Rajasthan','101','Y'),('34','Sikkim','101','Y'),('35','Tamil Nadu','101','Y'),('36','Telangana','101','Y'),('37','Tripura','101','Y'),('38','Uttar Pradesh','101','Y'),('39','Uttarakhand','101','Y'),('40','Vaishali','101','Y'),('41','West Bengal','101','Y'),('42','Badakhshan','1','N'),('43','Badgis','1','N'),('44','Baglan','1','N'),('45','Balkh','1','N'),('46','Bamiyan','1','N'),('47','Farah','1','N'),('48','Faryab','1','N'),('49','Gawr','1','N'),('50','Gazni','1','N'),('51','Herat','1','N'),('52','Hilmand','1','N'),('53','Jawzjan','1','N'),('54','Kabul','1','N'),('55','Kapisa','1','N'),('56','Khawst','1','N'),('57','Kunar','1','N'),('58','Lagman','1','N'),('59','Lawghar','1','N'),('60','Nangarhar','1','N'),('61','Nimruz','1','N'),('62','Nuristan','1','N'),('63','Paktika','1','N'),('64','Paktiya','1','N'),('65','Parwan','1','N'),('66','Qandahar','1','N'),('67','Qunduz','1','N'),('68','Samangan','1','N'),('69','Sar-e Pul','1','N'),('70','Takhar','1','N'),('71','Uruzgan','1','N'),('72','Wardag','1','N'),('73','Zabul','1','N'),('74','Berat','2','N'),('75','Bulqize','2','N'),('76','Delvine','2','N'),('77','Devoll','2','N'),('78','Dibre','2','N'),('79','Durres','2','N'),('80','Elbasan','2','N'),('81','Fier','2','N'),('82','Gjirokaster','2','N'),('83','Gramsh','2','N'),('84','Has','2','N'),('85','Kavaje','2','N'),('86','Kolonje','2','N'),('87','Korce','2','N'),('88','Kruje','2','N'),('89','Kucove','2','N'),('90','Kukes','2','N'),('91','Kurbin','2','N'),('92','Lezhe','2','N'),('93','Librazhd','2','N'),('94','Lushnje','2','N'),('95','Mallakaster','2','N'),('96','Malsi e Madhe','2','N'),('97','Mat','2','N'),('98','Mirdite','2','N'),('99','Peqin','2','N'),('100','Permet','2','N'),('101','Pogradec','2','N'),('102','Puke','2','N'),('103','Sarande','2','N'),('104','Shkoder','2','N'),('105','Skrapar','2','N'),('106','Tepelene','2','N'),('107','Tirane','2','N'),('108','Tropoje','2','N'),('109','Vlore','2','N'),('110','\'Ayn Daflah','3','N'),('111','\'Ayn Tamushanat','3','N'),('112','Adrar','3','N'),('113','Algiers','3','N'),('114','Annabah','3','N'),('115','Bashshar','3','N'),('116','Batnah','3','N'),('117','Bijayah','3','N'),('118','Biskrah','3','N'),('119','Blidah','3','N'),('120','Buirah','3','N'),('121','Bumardas','3','N'),('122','Burj Bu Arririj','3','N'),('123','Ghalizan','3','N'),('124','Ghardayah','3','N'),('125','Ilizi','3','N'),('126','Jijili','3','N'),('127','Jilfah','3','N'),('128','Khanshalah','3','N'),('129','Masilah','3','N'),('130','Midyah','3','N'),('131','Milah','3','N'),('132','Muaskar','3','N'),('133','Mustaghanam','3','N'),('134','Naama','3','N'),('135','Oran','3','N'),('136','Ouargla','3','N'),('137','Qalmah','3','N'),('138','Qustantinah','3','N'),('139','Sakikdah','3','N'),('140','Satif','3','N'),('141','Sayda\'','3','N'),('142','Sidi ban-al-\'Abbas','3','N'),('143','Suq Ahras','3','N'),('144','Tamanghasat','3','N'),('145','Tibazah','3','N'),('146','Tibissah','3','N'),('147','Tilimsan','3','N'),('148','Tinduf','3','N'),('149','Tisamsilt','3','N'),('150','Tiyarat','3','N'),('151','Tizi Wazu','3','N'),('152','Umm-al-Bawaghi','3','N'),('153','Wahran','3','N'),('154','Warqla','3','N'),('155','Wilaya d Alger','3','N'),('156','Wilaya de Bejaia','3','N'),('157','Wilaya de Constantine','3','N'),('158','al-Aghwat','3','N'),('159','al-Bayadh','3','N'),('160','al-Jaza\'ir','3','N'),('161','al-Wad','3','N'),('162','ash-Shalif','3','N'),('163','at-Tarif','3','N'),('164','Eastern','4','N'),('165','Manu\'a','4','N'),('166','Swains Island','4','N'),('167','Western','4','N'),('168','Andorra la Vella','5','N'),('169','Canillo','5','N'),('170','Encamp','5','N'),('171','La Massana','5','N'),('172','Les Escaldes','5','N'),('173','Ordino','5','N'),('174','Sant Julia de Loria','5','N'),('175','Bengo','6','N'),('176','Benguela','6','N'),('177','Bie','6','N'),('178','Cabinda','6','N'),('179','Cunene','6','N'),('180','Huambo','6','N'),('181','Huila','6','N'),('182','Kuando-Kubango','6','N'),('183','Kwanza Norte','6','N'),('184','Kwanza Sul','6','N'),('185','Luanda','6','N'),('186','Lunda Norte','6','N'),('187','Lunda Sul','6','N'),('188','Malanje','6','N'),('189','Moxico','6','N'),('190','Namibe','6','N'),('191','Uige','6','N'),('192','Zaire','6','N'),('193','Other Provinces','7','N'),('194','Sector claimed by Argentina/Ch','8','N'),('195','Sector claimed by Argentina/UK','8','N'),('196','Sector claimed by Australia','8','N'),('197','Sector claimed by France','8','N'),('198','Sector claimed by New Zealand','8','N'),('199','Sector claimed by Norway','8','N'),('200','Unclaimed Sector','8','N'),('201','Barbuda','9','N'),('202','Saint George','9','N'),('203','Saint John','9','N'),('204','Saint Mary','9','N'),('205','Saint Paul','9','N'),('206','Saint Peter','9','N'),('207','Saint Philip','9','N'),('208','Buenos Aires','10','N'),('209','Catamarca','10','N'),('210','Chaco','10','N'),('211','Chubut','10','N'),('212','Cordoba','10','N'),('213','Corrientes','10','N'),('214','Distrito Federal','10','N'),('215','Entre Rios','10','N'),('216','Formosa','10','N'),('217','Jujuy','10','N'),('218','La Pampa','10','N'),('219','La Rioja','10','N'),('220','Mendoza','10','N'),('221','Misiones','10','N'),('222','Neuquen','10','N'),('223','Rio Negro','10','N'),('224','Salta','10','N'),('225','San Juan','10','N'),('226','San Luis','10','N'),('227','Santa Cruz','10','N'),('228','Santa Fe','10','N'),('229','Santiago del Estero','10','N'),('230','Tierra del Fuego','10','N'),('231','Tucuman','10','N'),('232','Aragatsotn','11','N'),('233','Ararat','11','N'),('234','Armavir','11','N'),('235','Gegharkunik','11','N'),('236','Kotaik','11','N'),('237','Lori','11','N'),('238','Shirak','11','N'),('239','Stepanakert','11','N'),('240','Syunik','11','N'),('241','Tavush','11','N'),('242','Vayots Dzor','11','N'),('243','Yerevan','11','N'),('244','Aruba','12','N'),('245','Auckland','13','N'),('246','Australian Capital Territory','13','N'),('247','Balgowlah','13','N'),('248','Balmain','13','N'),('249','Bankstown','13','N'),('250','Baulkham Hills','13','N'),('251','Bonnet Bay','13','N'),('252','Camberwell','13','N'),('253','Carole Park','13','N'),('254','Castle Hill','13','N'),('255','Caulfield','13','N'),('256','Chatswood','13','N'),('257','Cheltenham','13','N'),('258','Cherrybrook','13','N'),('259','Clayton','13','N'),('260','Collingwood','13','N'),('261','Frenchs Forest','13','N'),('262','Hawthorn','13','N'),('263','Jannnali','13','N'),('264','Knoxfield','13','N'),('265','Melbourne','13','N'),('266','New South Wales','13','N'),('267','Northern Territory','13','N'),('268','Perth','13','N'),('269','Queensland','13','N'),('270','South Australia','13','N'),('271','Tasmania','13','N'),('272','Templestowe','13','N'),('273','Victoria','13','N'),('274','Werribee south','13','N'),('275','Western Australia','13','N'),('276','Wheeler','13','N'),('277','Bundesland Salzburg','14','N'),('278','Bundesland Steiermark','14','N'),('279','Bundesland Tirol','14','N'),('280','Burgenland','14','N'),('281','Carinthia','14','N'),('282','Karnten','14','N'),('283','Liezen','14','N'),('284','Lower Austria','14','N'),('285','Niederosterreich','14','N'),('286','Oberosterreich','14','N'),('287','Salzburg','14','N'),('288','Schleswig-Holstein','14','N'),('289','Steiermark','14','N'),('290','Styria','14','N'),('291','Tirol','14','N'),('292','Upper Austria','14','N'),('293','Vorarlberg','14','N'),('294','Wien','14','N'),('295','Abseron','15','N'),('296','Baki Sahari','15','N'),('297','Ganca','15','N'),('298','Ganja','15','N'),('299','Kalbacar','15','N'),('300','Lankaran','15','N'),('301','Mil-Qarabax','15','N'),('302','Mugan-Salyan','15','N'),('303','Nagorni-Qarabax','15','N'),('304','Naxcivan','15','N'),('305','Priaraks','15','N'),('306','Qazax','15','N'),('307','Saki','15','N'),('308','Sirvan','15','N'),('309','Xacmaz','15','N'),('310','Abaco','16','N'),('311','Acklins Island','16','N'),('312','Andros','16','N'),('313','Berry Islands','16','N'),('314','Biminis','16','N'),('315','Cat Island','16','N'),('316','Crooked Island','16','N'),('317','Eleuthera','16','N'),('318','Exuma and Cays','16','N'),('319','Grand Bahama','16','N'),('320','Inagua Islands','16','N'),('321','Long Island','16','N'),('322','Mayaguana','16','N'),('323','New Providence','16','N'),('324','Ragged Island','16','N'),('325','Rum Cay','16','N'),('326','San Salvador','16','N'),('327','\'Isa','17','N'),('328','Badiyah','17','N'),('329','Hidd','17','N'),('330','Jidd Hafs','17','N'),('331','Mahama','17','N'),('332','Manama','17','N'),('333','Sitrah','17','N'),('334','al-Manamah','17','N'),('335','al-Muharraq','17','N'),('336','ar-Rifa\'a','17','N'),('337','Bagar Hat','18','Y'),('338','Bandarban','18','Y'),('339','Barguna','18','Y'),('340','Barisal','18','Y'),('341','Bhola','18','Y'),('342','Bogora','18','Y'),('343','Brahman Bariya','18','Y'),('344','Chandpur','18','Y'),('345','Chattagam','18','Y'),('346','Chittagong Division','18','Y'),('347','Chuadanga','18','Y'),('348','Dhaka','18','Y'),('349','Dinajpur','18','Y'),('350','Faridpur','18','Y'),('351','Feni','18','Y'),('352','Gaybanda','18','Y'),('353','Gazipur','18','Y'),('354','Gopalganj','18','Y'),('355','Habiganj','18','Y'),('356','Jaipur Hat','18','Y'),('357','Jamalpur','18','Y'),('358','Jessor','18','Y'),('359','Jhalakati','18','Y'),('360','Jhanaydah','18','Y'),('361','Khagrachhari','18','Y'),('362','Khulna','18','Y'),('363','Kishorganj','18','Y'),('364','Koks Bazar','18','Y'),('365','Komilla','18','Y'),('366','Kurigram','18','Y'),('367','Kushtiya','18','Y'),('368','Lakshmipur','18','Y'),('369','Lalmanir Hat','18','Y'),('370','Madaripur','18','Y'),('371','Magura','18','Y'),('372','Maimansingh','18','Y'),('373','Manikganj','18','Y'),('374','Maulvi Bazar','18','Y'),('375','Meherpur','18','Y'),('376','Munshiganj','18','Y'),('377','Naral','18','Y'),('378','Narayanganj','18','Y'),('379','Narsingdi','18','Y'),('380','Nator','18','Y'),('381','Naugaon','18','Y'),('382','Nawabganj','18','Y'),('383','Netrakona','18','Y'),('384','Nilphamari','18','Y'),('385','Noakhali','18','Y'),('386','Pabna','18','Y'),('387','Panchagarh','18','Y'),('388','Patuakhali','18','Y'),('389','Pirojpur','18','Y'),('390','Rajbari','18','Y'),('391','Rajshahi','18','Y'),('392','Rangamati','18','Y'),('393','Rangpur','18','Y'),('394','Satkhira','18','Y'),('395','Shariatpur','18','Y'),('396','Sherpur','18','Y'),('397','Silhat','18','Y'),('398','Sirajganj','18','Y'),('399','Sunamganj','18','Y'),('400','Tangayal','18','Y'),('401','Thakurgaon','18','Y'),('402','Christ Church','19','N'),('403','Saint Andrew','19','N'),('404','Saint George','19','N'),('405','Saint James','19','N'),('406','Saint John','19','N'),('407','Saint Joseph','19','N'),('408','Saint Lucy','19','N'),('409','Saint Michael','19','N'),('410','Saint Peter','19','N'),('411','Saint Philip','19','N'),('412','Saint Thomas','19','N'),('413','Brest','20','N'),('414','Homjel\'','20','N'),('415','Hrodna','20','N'),('416','Mahiljow','20','N'),('417','Mahilyowskaya Voblasts','20','N'),('418','Minsk','20','N'),('419','Minskaja Voblasts\'','20','N'),('420','Petrik','20','N'),('421','Vicebsk','20','N'),('422','Antwerpen','21','N'),('423','Berchem','21','N'),('424','Brabant','21','N'),('425','Brabant Wallon','21','N'),('426','Brussel','21','N'),('427','East Flanders','21','N'),('428','Hainaut','21','N'),('429','Liege','21','N'),('430','Limburg','21','N'),('431','Luxembourg','21','N'),('432','Namur','21','N'),('433','Ontario','21','N'),('434','Oost-Vlaanderen','21','N'),('435','Provincie Brabant','21','N'),('436','Vlaams-Brabant','21','N'),('437','Wallonne','21','N'),('438','West-Vlaanderen','21','N'),('439','Belize','22','N'),('440','Cayo','22','N'),('441','Corozal','22','N'),('442','Orange Walk','22','N'),('443','Stann Creek','22','N'),('444','Toledo','22','N'),('445','Alibori','23','N'),('446','Atacora','23','N'),('447','Atlantique','23','N'),('448','Borgou','23','N'),('449','Collines','23','N'),('450','Couffo','23','N'),('451','Donga','23','N'),('452','Littoral','23','N'),('453','Mono','23','N'),('454','Oueme','23','N'),('455','Plateau','23','N'),('456','Zou','23','N'),('457','Hamilton','24','N'),('458','Saint George','24','N'),('459','Bumthang','25','N'),('460','Chhukha','25','N'),('461','Chirang','25','N'),('462','Daga','25','N'),('463','Geylegphug','25','N'),('464','Ha','25','N'),('465','Lhuntshi','25','N'),('466','Mongar','25','N'),('467','Pemagatsel','25','N'),('468','Punakha','25','N'),('469','Rinpung','25','N'),('470','Samchi','25','N'),('471','Samdrup Jongkhar','25','N'),('472','Shemgang','25','N'),('473','Tashigang','25','N'),('474','Timphu','25','N'),('475','Tongsa','25','N'),('476','Wangdiphodrang','25','N'),('477','Beni','26','N'),('478','Chuquisaca','26','N'),('479','Cochabamba','26','N'),('480','La Paz','26','N'),('481','Oruro','26','N'),('482','Pando','26','N'),('483','Potosi','26','N'),('484','Santa Cruz','26','N'),('485','Tarija','26','N'),('486','Federacija Bosna i Hercegovina','27','N'),('487','Republika Srpska','27','N'),('488','Central Bobonong','28','N'),('489','Central Boteti','28','N'),('490','Central Mahalapye','28','N'),('491','Central Serowe-Palapye','28','N'),('492','Central Tutume','28','N'),('493','Chobe','28','N'),('494','Francistown','28','N'),('495','Gaborone','28','N'),('496','Ghanzi','28','N'),('497','Jwaneng','28','N'),('498','Kgalagadi North','28','N'),('499','Kgalagadi South','28','N'),('500','Kgatleng','28','N'),('501','Kweneng','28','N'),('502','Lobatse','28','N'),('503','Ngamiland','28','N'),('504','Ngwaketse','28','N'),('505','North East','28','N'),('506','Okavango','28','N'),('507','Orapa','28','N'),('508','Selibe Phikwe','28','N'),('509','South East','28','N'),('510','Sowa','28','N'),('511','Bouvet Island','29','N'),('512','Acre','30','N'),('513','Alagoas','30','N'),('514','Amapa','30','N'),('515','Amazonas','30','N'),('516','Bahia','30','N'),('517','Ceara','30','N'),('518','Distrito Federal','30','N'),('519','Espirito Santo','30','N'),('520','Estado de Sao Paulo','30','N'),('521','Goias','30','N'),('522','Maranhao','30','N'),('523','Mato Grosso','30','N'),('524','Mato Grosso do Sul','30','N'),('525','Minas Gerais','30','N'),('526','Para','30','N'),('527','Paraiba','30','N'),('528','Parana','30','N'),('529','Pernambuco','30','N'),('530','Piaui','30','N'),('531','Rio Grande do Norte','30','N'),('532','Rio Grande do Sul','30','N'),('533','Rio de Janeiro','30','N'),('534','Rondonia','30','N'),('535','Roraima','30','N'),('536','Santa Catarina','30','N'),('537','Sao Paulo','30','N'),('538','Sergipe','30','N'),('539','Tocantins','30','N'),('540','British Indian Ocean Territory','31','N'),('541','Belait','32','N'),('542','Brunei-Muara','32','N'),('543','Temburong','32','N'),('544','Tutong','32','N'),('545','Blagoevgrad','33','N'),('546','Burgas','33','N'),('547','Dobrich','33','N'),('548','Gabrovo','33','N'),('549','Haskovo','33','N'),('550','Jambol','33','N'),('551','Kardzhali','33','N'),('552','Kjustendil','33','N'),('553','Lovech','33','N'),('554','Montana','33','N'),('555','Oblast Sofiya-Grad','33','N'),('556','Pazardzhik','33','N'),('557','Pernik','33','N'),('558','Pleven','33','N'),('559','Plovdiv','33','N'),('560','Razgrad','33','N'),('561','Ruse','33','N'),('562','Shumen','33','N'),('563','Silistra','33','N'),('564','Sliven','33','N'),('565','Smoljan','33','N'),('566','Sofija grad','33','N'),('567','Sofijska oblast','33','N'),('568','Stara Zagora','33','N'),('569','Targovishte','33','N'),('570','Varna','33','N'),('571','Veliko Tarnovo','33','N'),('572','Vidin','33','N'),('573','Vraca','33','N'),('574','Yablaniza','33','N'),('575','Bale','34','N'),('576','Bam','34','N'),('577','Bazega','34','N'),('578','Bougouriba','34','N'),('579','Boulgou','34','N'),('580','Boulkiemde','34','N'),('581','Comoe','34','N'),('582','Ganzourgou','34','N'),('583','Gnagna','34','N'),('584','Gourma','34','N'),('585','Houet','34','N'),('586','Ioba','34','N'),('587','Kadiogo','34','N'),('588','Kenedougou','34','N'),('589','Komandjari','34','N'),('590','Kompienga','34','N'),('591','Kossi','34','N'),('592','Kouritenga','34','N'),('593','Kourweogo','34','N'),('594','Leraba','34','N'),('595','Mouhoun','34','N'),('596','Nahouri','34','N'),('597','Namentenga','34','N'),('598','Noumbiel','34','N'),('599','Oubritenga','34','N'),('600','Oudalan','34','N'),('601','Passore','34','N'),('602','Poni','34','N'),('603','Sanguie','34','N'),('604','Sanmatenga','34','N'),('605','Seno','34','N'),('606','Sissili','34','N'),('607','Soum','34','N'),('608','Sourou','34','N'),('609','Tapoa','34','N'),('610','Tuy','34','N'),('611','Yatenga','34','N'),('612','Zondoma','34','N'),('613','Zoundweogo','34','N'),('614','Bubanza','35','N'),('615','Bujumbura','35','N'),('616','Bururi','35','N'),('617','Cankuzo','35','N'),('618','Cibitoke','35','N'),('619','Gitega','35','N'),('620','Karuzi','35','N'),('621','Kayanza','35','N'),('622','Kirundo','35','N'),('623','Makamba','35','N'),('624','Muramvya','35','N'),('625','Muyinga','35','N'),('626','Ngozi','35','N'),('627','Rutana','35','N'),('628','Ruyigi','35','N'),('629','Banteay Mean Chey','36','N'),('630','Bat Dambang','36','N'),('631','Kampong Cham','36','N'),('632','Kampong Chhnang','36','N'),('633','Kampong Spoeu','36','N'),('634','Kampong Thum','36','N'),('635','Kampot','36','N'),('636','Kandal','36','N'),('637','Kaoh Kong','36','N'),('638','Kracheh','36','N'),('639','Krong Kaeb','36','N'),('640','Krong Pailin','36','N'),('641','Krong Preah Sihanouk','36','N'),('642','Mondol Kiri','36','N'),('643','Otdar Mean Chey','36','N'),('644','Phnum Penh','36','N'),('645','Pousat','36','N'),('646','Preah Vihear','36','N'),('647','Prey Veaeng','36','N'),('648','Rotanak Kiri','36','N'),('649','Siem Reab','36','N'),('650','Stueng Traeng','36','N'),('651','Svay Rieng','36','N'),('652','Takaev','36','N'),('653','Adamaoua','37','N'),('654','Centre','37','N'),('655','Est','37','N'),('656','Littoral','37','N'),('657','Nord','37','N'),('658','Nord Extreme','37','N'),('659','Nordouest','37','N'),('660','Ouest','37','N'),('661','Sud','37','N'),('662','Sudouest','37','N'),('663','Alberta','38','N'),('664','British Columbia','38','N'),('665','Manitoba','38','N'),('666','New Brunswick','38','N'),('667','Newfoundland and Labrador','38','N'),('668','Northwest Territories','38','N'),('669','Nova Scotia','38','N'),('670','Nunavut','38','N'),('671','Ontario','38','N'),('672','Prince Edward Island','38','N'),('673','Quebec','38','N'),('674','Saskatchewan','38','N'),('675','Yukon','38','N'),('676','Boavista','39','N'),('677','Brava','39','N'),('678','Fogo','39','N'),('679','Maio','39','N'),('680','Sal','39','N'),('681','Santo Antao','39','N'),('682','Sao Nicolau','39','N'),('683','Sao Tiago','39','N'),('684','Sao Vicente','39','N'),('685','Grand Cayman','40','N'),('686','Bamingui-Bangoran','41','N'),('687','Bangui','41','N'),('688','Basse-Kotto','41','N'),('689','Haut-Mbomou','41','N'),('690','Haute-Kotto','41','N'),('691','Kemo','41','N'),('692','Lobaye','41','N'),('693','Mambere-Kadei','41','N'),('694','Mbomou','41','N'),('695','Nana-Gribizi','41','N'),('696','Nana-Mambere','41','N'),('697','Ombella Mpoko','41','N'),('698','Ouaka','41','N'),('699','Ouham','41','N'),('700','Ouham-Pende','41','N'),('701','Sangha-Mbaere','41','N'),('702','Vakaga','41','N'),('703','Batha','42','N'),('704','Biltine','42','N'),('705','Bourkou-Ennedi-Tibesti','42','N'),('706','Chari-Baguirmi','42','N'),('707','Guera','42','N'),('708','Kanem','42','N'),('709','Lac','42','N'),('710','Logone Occidental','42','N'),('711','Logone Oriental','42','N'),('712','Mayo-Kebbi','42','N'),('713','Moyen-Chari','42','N'),('714','Ouaddai','42','N'),('715','Salamat','42','N'),('716','Tandjile','42','N'),('717','Aisen','43','N'),('718','Antofagasta','43','N'),('719','Araucania','43','N'),('720','Atacama','43','N'),('721','Bio Bio','43','N'),('722','Coquimbo','43','N'),('723','Libertador General Bernardo O\'','43','N'),('724','Los Lagos','43','N'),('725','Magellanes','43','N'),('726','Maule','43','N'),('727','Metropolitana','43','N'),('728','Metropolitana de Santiago','43','N'),('729','Tarapaca','43','N'),('730','Valparaiso','43','N'),('731','Anhui','44','N'),('732','Anhui Province','44','N'),('733','Anhui Sheng','44','N'),('734','Aomen','44','N'),('735','Beijing','44','N'),('736','Beijing Shi','44','N'),('737','Chongqing','44','N'),('738','Fujian','44','N'),('739','Fujian Sheng','44','N'),('740','Gansu','44','N'),('741','Guangdong','44','N'),('742','Guangdong Sheng','44','N'),('743','Guangxi','44','N'),('744','Guizhou','44','N'),('745','Hainan','44','N'),('746','Hebei','44','N'),('747','Heilongjiang','44','N'),('748','Henan','44','N'),('749','Hubei','44','N'),('750','Hunan','44','N'),('751','Jiangsu','44','N'),('752','Jiangsu Sheng','44','N'),('753','Jiangxi','44','N'),('754','Jilin','44','N'),('755','Liaoning','44','N'),('756','Liaoning Sheng','44','N'),('757','Nei Monggol','44','N'),('758','Ningxia Hui','44','N'),('759','Qinghai','44','N'),('760','Shaanxi','44','N'),('761','Shandong','44','N'),('762','Shandong Sheng','44','N'),('763','Shanghai','44','N'),('764','Shanxi','44','N'),('765','Sichuan','44','N'),('766','Tianjin','44','N'),('767','Xianggang','44','N'),('768','Xinjiang','44','N'),('769','Xizang','44','N'),('770','Yunnan','44','N'),('771','Zhejiang','44','N'),('772','Zhejiang Sheng','44','N'),('773','Christmas Island','45','N'),('774','Cocos (Keeling) Islands','46','N'),('775','Amazonas','47','N'),('776','Antioquia','47','N'),('777','Arauca','47','N'),('778','Atlantico','47','N'),('779','Bogota','47','N'),('780','Bolivar','47','N'),('781','Boyaca','47','N'),('782','Caldas','47','N'),('783','Caqueta','47','N'),('784','Casanare','47','N'),('785','Cauca','47','N'),('786','Cesar','47','N'),('787','Choco','47','N'),('788','Cordoba','47','N'),('789','Cundinamarca','47','N'),('790','Guainia','47','N'),('791','Guaviare','47','N'),('792','Huila','47','N'),('793','La Guajira','47','N'),('794','Magdalena','47','N'),('795','Meta','47','N'),('796','Narino','47','N'),('797','Norte de Santander','47','N'),('798','Putumayo','47','N'),('799','Quindio','47','N'),('800','Risaralda','47','N'),('801','San Andres y Providencia','47','N'),('802','Santander','47','N'),('803','Sucre','47','N'),('804','Tolima','47','N'),('805','Valle del Cauca','47','N'),('806','Vaupes','47','N'),('807','Vichada','47','N'),('808','Mwali','48','N'),('809','Njazidja','48','N'),('810','Nzwani','48','N'),('811','Bouenza','49','N'),('812','Brazzaville','49','N'),('813','Cuvette','49','N'),('814','Kouilou','49','N'),('815','Lekoumou','49','N'),('816','Likouala','49','N'),('817','Niari','49','N'),('818','Plateaux','49','N'),('819','Pool','49','N'),('820','Sangha','49','N'),('821','Bandundu','50','N'),('822','Bas-Congo','50','N'),('823','Equateur','50','N'),('824','Haut-Congo','50','N'),('825','Kasai-Occidental','50','N'),('826','Kasai-Oriental','50','N'),('827','Katanga','50','N'),('828','Kinshasa','50','N'),('829','Maniema','50','N'),('830','Nord-Kivu','50','N'),('831','Sud-Kivu','50','N'),('832','Aitutaki','51','N'),('833','Atiu','51','N'),('834','Mangaia','51','N'),('835','Manihiki','51','N'),('836','Mauke','51','N'),('837','Mitiaro','51','N'),('838','Nassau','51','N'),('839','Pukapuka','51','N'),('840','Rakahanga','51','N'),('841','Rarotonga','51','N'),('842','Tongareva','51','N'),('843','Alajuela','52','N'),('844','Cartago','52','N'),('845','Guanacaste','52','N'),('846','Heredia','52','N'),('847','Limon','52','N'),('848','Puntarenas','52','N'),('849','San Jose','52','N'),('850','Abidjan','53','N'),('851','Agneby','53','N'),('852','Bafing','53','N'),('853','Denguele','53','N'),('854','Dix-huit Montagnes','53','N'),('855','Fromager','53','N'),('856','Haut-Sassandra','53','N'),('857','Lacs','53','N'),('858','Lagunes','53','N'),('859','Marahoue','53','N'),('860','Moyen-Cavally','53','N'),('861','Moyen-Comoe','53','N'),('862','N\'zi-Comoe','53','N'),('863','Sassandra','53','N'),('864','Savanes','53','N'),('865','Sud-Bandama','53','N'),('866','Sud-Comoe','53','N'),('867','Vallee du Bandama','53','N'),('868','Worodougou','53','N'),('869','Zanzan','53','N'),('870','Bjelovar-Bilogora','54','N'),('871','Dubrovnik-Neretva','54','N'),('872','Grad Zagreb','54','N'),('873','Istra','54','N'),('874','Karlovac','54','N'),('875','Koprivnica-Krizhevci','54','N'),('876','Krapina-Zagorje','54','N'),('877','Lika-Senj','54','N'),('878','Medhimurje','54','N'),('879','Medimurska Zupanija','54','N'),('880','Osijek-Baranja','54','N'),('881','Osjecko-Baranjska Zupanija','54','N'),('882','Pozhega-Slavonija','54','N'),('883','Primorje-Gorski Kotar','54','N'),('884','Shibenik-Knin','54','N'),('885','Sisak-Moslavina','54','N'),('886','Slavonski Brod-Posavina','54','N'),('887','Split-Dalmacija','54','N'),('888','Varazhdin','54','N'),('889','Virovitica-Podravina','54','N'),('890','Vukovar-Srijem','54','N'),('891','Zadar','54','N'),('892','Zagreb','54','N'),('893','Camaguey','55','N'),('894','Ciego de Avila','55','N'),('895','Cienfuegos','55','N'),('896','Ciudad de la Habana','55','N'),('897','Granma','55','N'),('898','Guantanamo','55','N'),('899','Habana','55','N'),('900','Holguin','55','N'),('901','Isla de la Juventud','55','N'),('902','La Habana','55','N'),('903','Las Tunas','55','N'),('904','Matanzas','55','N'),('905','Pinar del Rio','55','N'),('906','Sancti Spiritus','55','N'),('907','Santiago de Cuba','55','N'),('908','Villa Clara','55','N'),('909','Government controlled area','56','N'),('910','Limassol','56','N'),('911','Nicosia District','56','N'),('912','Paphos','56','N'),('913','Turkish controlled area','56','N'),('914','Central Bohemian','57','N'),('915','Frycovice','57','N'),('916','Jihocesky Kraj','57','N'),('917','Jihochesky','57','N'),('918','Jihomoravsky','57','N'),('919','Karlovarsky','57','N'),('920','Klecany','57','N'),('921','Kralovehradecky','57','N'),('922','Liberecky','57','N'),('923','Lipov','57','N'),('924','Moravskoslezsky','57','N'),('925','Olomoucky','57','N'),('926','Olomoucky Kraj','57','N'),('927','Pardubicky','57','N'),('928','Plzensky','57','N'),('929','Praha','57','N'),('930','Rajhrad','57','N'),('931','Smirice','57','N'),('932','South Moravian','57','N'),('933','Straz nad Nisou','57','N'),('934','Stredochesky','57','N'),('935','Unicov','57','N'),('936','Ustecky','57','N'),('937','Valletta','57','N'),('938','Velesin','57','N'),('939','Vysochina','57','N'),('940','Zlinsky','57','N'),('941','Arhus','58','N'),('942','Bornholm','58','N'),('943','Frederiksborg','58','N'),('944','Fyn','58','N'),('945','Hovedstaden','58','N'),('946','Kobenhavn','58','N'),('947','Kobenhavns Amt','58','N'),('948','Kobenhavns Kommune','58','N'),('949','Nordjylland','58','N'),('950','Ribe','58','N'),('951','Ringkobing','58','N'),('952','Roervig','58','N'),('953','Roskilde','58','N'),('954','Roslev','58','N'),('955','Sjaelland','58','N'),('956','Soeborg','58','N'),('957','Sonderjylland','58','N'),('958','Storstrom','58','N'),('959','Syddanmark','58','N'),('960','Toelloese','58','N'),('961','Vejle','58','N'),('962','Vestsjalland','58','N'),('963','Viborg','58','N'),('964','\'Ali Sabih','59','N'),('965','Dikhil','59','N'),('966','Jibuti','59','N'),('967','Tajurah','59','N'),('968','Ubuk','59','N'),('969','Saint Andrew','60','N'),('970','Saint David','60','N'),('971','Saint George','60','N'),('972','Saint John','60','N'),('973','Saint Joseph','60','N'),('974','Saint Luke','60','N'),('975','Saint Mark','60','N'),('976','Saint Patrick','60','N'),('977','Saint Paul','60','N'),('978','Saint Peter','60','N'),('979','Azua','61','N'),('980','Bahoruco','61','N'),('981','Barahona','61','N'),('982','Dajabon','61','N'),('983','Distrito Nacional','61','N'),('984','Duarte','61','N'),('985','El Seybo','61','N'),('986','Elias Pina','61','N'),('987','Espaillat','61','N'),('988','Hato Mayor','61','N'),('989','Independencia','61','N'),('990','La Altagracia','61','N'),('991','La Romana','61','N'),('992','La Vega','61','N'),('993','Maria Trinidad Sanchez','61','N'),('994','Monsenor Nouel','61','N'),('995','Monte Cristi','61','N'),('996','Monte Plata','61','N'),('997','Pedernales','61','N'),('998','Peravia','61','N'),('999','Puerto Plata','61','N'),('1000','Salcedo','61','N'),('1001','Samana','61','N'),('1002','San Cristobal','61','N'),('1003','San Juan','61','N'),('1004','San Pedro de Macoris','61','N'),('1005','Sanchez Ramirez','61','N'),('1006','Santiago','61','N'),('1007','Santiago Rodriguez','61','N'),('1008','Valverde','61','N'),('1009','Aileu','62','N'),('1010','Ainaro','62','N'),('1011','Ambeno','62','N'),('1012','Baucau','62','N'),('1013','Bobonaro','62','N'),('1014','Cova Lima','62','N'),('1015','Dili','62','N'),('1016','Ermera','62','N'),('1017','Lautem','62','N'),('1018','Liquica','62','N'),('1019','Manatuto','62','N'),('1020','Manufahi','62','N'),('1021','Viqueque','62','N'),('1022','Azuay','63','N'),('1023','Bolivar','63','N'),('1024','Canar','63','N'),('1025','Carchi','63','N'),('1026','Chimborazo','63','N'),('1027','Cotopaxi','63','N'),('1028','El Oro','63','N'),('1029','Esmeraldas','63','N'),('1030','Galapagos','63','N'),('1031','Guayas','63','N'),('1032','Imbabura','63','N'),('1033','Loja','63','N'),('1034','Los Rios','63','N'),('1035','Manabi','63','N'),('1036','Morona Santiago','63','N'),('1037','Napo','63','N'),('1038','Orellana','63','N'),('1039','Pastaza','63','N'),('1040','Pichincha','63','N'),('1041','Sucumbios','63','N'),('1042','Tungurahua','63','N'),('1043','Zamora Chinchipe','63','N'),('1044','Aswan','64','N'),('1045','Asyut','64','N'),('1046','Bani Suwayf','64','N'),('1047','Bur Sa\'id','64','N'),('1048','Cairo','64','N'),('1049','Dumyat','64','N'),('1050','Kafr-ash-Shaykh','64','N'),('1051','Matruh','64','N'),('1052','Muhafazat ad Daqahliyah','64','N'),('1053','Muhafazat al Fayyum','64','N'),('1054','Muhafazat al Gharbiyah','64','N'),('1055','Muhafazat al Iskandariyah','64','N'),('1056','Muhafazat al Qahirah','64','N'),('1057','Qina','64','N'),('1058','Sawhaj','64','N'),('1059','Sina al-Janubiyah','64','N'),('1060','Sina ash-Shamaliyah','64','N'),('1061','ad-Daqahliyah','64','N'),('1062','al-Bahr-al-Ahmar','64','N'),('1063','al-Buhayrah','64','N'),('1064','al-Fayyum','64','N'),('1065','al-Gharbiyah','64','N'),('1066','al-Iskandariyah','64','N'),('1067','al-Ismailiyah','64','N'),('1068','al-Jizah','64','N'),('1069','al-Minufiyah','64','N'),('1070','al-Minya','64','N'),('1071','al-Qahira','64','N'),('1072','al-Qalyubiyah','64','N'),('1073','al-Uqsur','64','N'),('1074','al-Wadi al-Jadid','64','N'),('1075','as-Suways','64','N'),('1076','ash-Sharqiyah','64','N'),('1077','Ahuachapan','65','N'),('1078','Cabanas','65','N'),('1079','Chalatenango','65','N'),('1080','Cuscatlan','65','N'),('1081','La Libertad','65','N'),('1082','La Paz','65','N'),('1083','La Union','65','N'),('1084','Morazan','65','N'),('1085','San Miguel','65','N'),('1086','San Salvador','65','N'),('1087','San Vicente','65','N'),('1088','Santa Ana','65','N'),('1089','Sonsonate','65','N'),('1090','Usulutan','65','N'),('1091','Annobon','66','N'),('1092','Bioko Norte','66','N'),('1093','Bioko Sur','66','N'),('1094','Centro Sur','66','N'),('1095','Kie-Ntem','66','N'),('1096','Litoral','66','N'),('1097','Wele-Nzas','66','N'),('1098','Anseba','67','N'),('1099','Debub','67','N'),('1100','Debub-Keih-Bahri','67','N'),('1101','Gash-Barka','67','N'),('1102','Maekel','67','N'),('1103','Semien-Keih-Bahri','67','N'),('1104','Harju','68','N'),('1105','Hiiu','68','N'),('1106','Ida-Viru','68','N'),('1107','Jarva','68','N'),('1108','Jogeva','68','N'),('1109','Laane','68','N'),('1110','Laane-Viru','68','N'),('1111','Parnu','68','N'),('1112','Polva','68','N'),('1113','Rapla','68','N'),('1114','Saare','68','N'),('1115','Tartu','68','N'),('1116','Valga','68','N'),('1117','Viljandi','68','N'),('1118','Voru','68','N'),('1119','Addis Abeba','69','N'),('1120','Afar','69','N'),('1121','Amhara','69','N'),('1122','Benishangul','69','N'),('1123','Diredawa','69','N'),('1124','Gambella','69','N'),('1125','Harar','69','N'),('1126','Jigjiga','69','N'),('1127','Mekele','69','N'),('1128','Oromia','69','N'),('1129','Somali','69','N'),('1130','Southern','69','N'),('1131','Tigray','69','N'),('1132','Christmas Island','70','N'),('1133','Cocos Islands','70','N'),('1134','Coral Sea Islands','70','N'),('1135','Falkland Islands','71','N'),('1136','South Georgia','71','N'),('1137','Klaksvik','72','N'),('1138','Nor ara Eysturoy','72','N'),('1139','Nor oy','72','N'),('1140','Sandoy','72','N'),('1141','Streymoy','72','N'),('1142','Su uroy','72','N'),('1143','Sy ra Eysturoy','72','N'),('1144','Torshavn','72','N'),('1145','Vaga','72','N'),('1146','Central','73','N'),('1147','Eastern','73','N'),('1148','Northern','73','N'),('1149','South Pacific','73','N'),('1150','Western','73','N'),('1151','Ahvenanmaa','74','N'),('1152','Etela-Karjala','74','N'),('1153','Etela-Pohjanmaa','74','N'),('1154','Etela-Savo','74','N'),('1155','Etela-Suomen Laani','74','N'),('1156','Ita-Suomen Laani','74','N'),('1157','Ita-Uusimaa','74','N'),('1158','Kainuu','74','N'),('1159','Kanta-Hame','74','N'),('1160','Keski-Pohjanmaa','74','N'),('1161','Keski-Suomi','74','N'),('1162','Kymenlaakso','74','N'),('1163','Lansi-Suomen Laani','74','N'),('1164','Lappi','74','N'),('1165','Northern Savonia','74','N'),('1166','Ostrobothnia','74','N'),('1167','Oulun Laani','74','N'),('1168','Paijat-Hame','74','N'),('1169','Pirkanmaa','74','N'),('1170','Pohjanmaa','74','N'),('1171','Pohjois-Karjala','74','N'),('1172','Pohjois-Pohjanmaa','74','N'),('1173','Pohjois-Savo','74','N'),('1174','Saarijarvi','74','N'),('1175','Satakunta','74','N'),('1176','Southern Savonia','74','N'),('1177','Tavastia Proper','74','N'),('1178','Uleaborgs Lan','74','N'),('1179','Uusimaa','74','N'),('1180','Varsinais-Suomi','74','N'),('1181','Ain','75','N'),('1182','Aisne','75','N'),('1183','Albi Le Sequestre','75','N'),('1184','Allier','75','N'),('1185','Alpes-Cote dAzur','75','N'),('1186','Alpes-Maritimes','75','N'),('1187','Alpes-de-Haute-Provence','75','N'),('1188','Alsace','75','N'),('1189','Aquitaine','75','N'),('1190','Ardeche','75','N'),('1191','Ardennes','75','N'),('1192','Ariege','75','N'),('1193','Aube','75','N'),('1194','Aude','75','N'),('1195','Auvergne','75','N'),('1196','Aveyron','75','N'),('1197','Bas-Rhin','75','N'),('1198','Basse-Normandie','75','N'),('1199','Bouches-du-Rhone','75','N'),('1200','Bourgogne','75','N'),('1201','Bretagne','75','N'),('1202','Brittany','75','N'),('1203','Burgundy','75','N'),('1204','Calvados','75','N'),('1205','Cantal','75','N'),('1206','Cedex','75','N'),('1207','Centre','75','N'),('1208','Charente','75','N'),('1209','Charente-Maritime','75','N'),('1210','Cher','75','N'),('1211','Correze','75','N'),('1212','Corse-du-Sud','75','N'),('1213','Cote-d\'Or','75','N'),('1214','Cotes-d\'Armor','75','N'),('1215','Creuse','75','N'),('1216','Crolles','75','N'),('1217','Deux-Sevres','75','N'),('1218','Dordogne','75','N'),('1219','Doubs','75','N'),('1220','Drome','75','N'),('1221','Essonne','75','N'),('1222','Eure','75','N'),('1223','Eure-et-Loir','75','N'),('1224','Feucherolles','75','N'),('1225','Finistere','75','N'),('1226','Franche-Comte','75','N'),('1227','Gard','75','N'),('1228','Gers','75','N'),('1229','Gironde','75','N'),('1230','Haut-Rhin','75','N'),('1231','Haute-Corse','75','N'),('1232','Haute-Garonne','75','N'),('1233','Haute-Loire','75','N'),('1234','Haute-Marne','75','N'),('1235','Haute-Saone','75','N'),('1236','Haute-Savoie','75','N'),('1237','Haute-Vienne','75','N'),('1238','Hautes-Alpes','75','N'),('1239','Hautes-Pyrenees','75','N'),('1240','Hauts-de-Seine','75','N'),('1241','Herault','75','N'),('1242','Ile-de-France','75','N'),('1243','Ille-et-Vilaine','75','N'),('1244','Indre','75','N'),('1245','Indre-et-Loire','75','N'),('1246','Isere','75','N'),('1247','Jura','75','N'),('1248','Klagenfurt','75','N'),('1249','Landes','75','N'),('1250','Languedoc-Roussillon','75','N'),('1251','Larcay','75','N'),('1252','Le Castellet','75','N'),('1253','Le Creusot','75','N'),('1254','Limousin','75','N'),('1255','Loir-et-Cher','75','N'),('1256','Loire','75','N'),('1257','Loire-Atlantique','75','N'),('1258','Loiret','75','N'),('1259','Lorraine','75','N'),('1260','Lot','75','N'),('1261','Lot-et-Garonne','75','N'),('1262','Lower Normandy','75','N'),('1263','Lozere','75','N'),('1264','Maine-et-Loire','75','N'),('1265','Manche','75','N'),('1266','Marne','75','N'),('1267','Mayenne','75','N'),('1268','Meurthe-et-Moselle','75','N'),('1269','Meuse','75','N'),('1270','Midi-Pyrenees','75','N'),('1271','Morbihan','75','N'),('1272','Moselle','75','N'),('1273','Nievre','75','N'),('1274','Nord','75','N'),('1275','Nord-Pas-de-Calais','75','N'),('1276','Oise','75','N'),('1277','Orne','75','N'),('1278','Paris','75','N'),('1279','Pas-de-Calais','75','N'),('1280','Pays de la Loire','75','N'),('1281','Pays-de-la-Loire','75','N'),('1282','Picardy','75','N'),('1283','Puy-de-Dome','75','N'),('1284','Pyrenees-Atlantiques','75','N'),('1285','Pyrenees-Orientales','75','N'),('1286','Quelmes','75','N'),('1287','Rhone','75','N'),('1288','Rhone-Alpes','75','N'),('1289','Saint Ouen','75','N'),('1290','Saint Viatre','75','N'),('1291','Saone-et-Loire','75','N'),('1292','Sarthe','75','N'),('1293','Savoie','75','N'),('1294','Seine-Maritime','75','N'),('1295','Seine-Saint-Denis','75','N'),('1296','Seine-et-Marne','75','N'),('1297','Somme','75','N'),('1298','Sophia Antipolis','75','N'),('1299','Souvans','75','N'),('1300','Tarn','75','N'),('1301','Tarn-et-Garonne','75','N'),('1302','Territoire de Belfort','75','N'),('1303','Treignac','75','N'),('1304','Upper Normandy','75','N'),('1305','Val-d\'Oise','75','N'),('1306','Val-de-Marne','75','N'),('1307','Var','75','N'),('1308','Vaucluse','75','N'),('1309','Vellise','75','N'),('1310','Vendee','75','N'),('1311','Vienne','75','N'),('1312','Vosges','75','N'),('1313','Yonne','75','N'),('1314','Yvelines','75','N'),('1315','Cayenne','76','N'),('1316','Saint-Laurent-du-Maroni','76','N'),('1317','Iles du Vent','77','N'),('1318','Iles sous le Vent','77','N'),('1319','Marquesas','77','N'),('1320','Tuamotu','77','N'),('1321','Tubuai','77','N'),('1322','Amsterdam','78','N'),('1323','Crozet Islands','78','N'),('1324','Kerguelen','78','N'),('1325','Estuaire','79','N'),('1326','Haut-Ogooue','79','N'),('1327','Moyen-Ogooue','79','N'),('1328','Ngounie','79','N'),('1329','Nyanga','79','N'),('1330','Ogooue-Ivindo','79','N'),('1331','Ogooue-Lolo','79','N'),('1332','Ogooue-Maritime','79','N'),('1333','Woleu-Ntem','79','N'),('1334','Banjul','80','N'),('1335','Basse','80','N'),('1336','Brikama','80','N'),('1337','Janjanbureh','80','N'),('1338','Kanifing','80','N'),('1339','Kerewan','80','N'),('1340','Kuntaur','80','N'),('1341','Mansakonko','80','N'),('1342','Abhasia','81','N'),('1343','Ajaria','81','N'),('1344','Guria','81','N'),('1345','Imereti','81','N'),('1346','Kaheti','81','N'),('1347','Kvemo Kartli','81','N'),('1348','Mcheta-Mtianeti','81','N'),('1349','Racha','81','N'),('1350','Samagrelo-Zemo Svaneti','81','N'),('1351','Samche-Zhavaheti','81','N'),('1352','Shida Kartli','81','N'),('1353','Tbilisi','81','N'),('1354','Auvergne','82','N'),('1355','Baden-Wurttemberg','82','N'),('1356','Bavaria','82','N'),('1357','Bayern','82','N'),('1358','Beilstein Wurtt','82','N'),('1359','Berlin','82','N'),('1360','Brandenburg','82','N'),('1361','Bremen','82','N'),('1362','Dreisbach','82','N'),('1363','Freistaat Bayern','82','N'),('1364','Hamburg','82','N'),('1365','Hannover','82','N'),('1366','Heroldstatt','82','N'),('1367','Hessen','82','N'),('1368','Kortenberg','82','N'),('1369','Laasdorf','82','N'),('1370','Land Baden-Wurttemberg','82','N'),('1371','Land Bayern','82','N'),('1372','Land Brandenburg','82','N'),('1373','Land Hessen','82','N'),('1374','Land Mecklenburg-Vorpommern','82','N'),('1375','Land Nordrhein-Westfalen','82','N'),('1376','Land Rheinland-Pfalz','82','N'),('1377','Land Sachsen','82','N'),('1378','Land Sachsen-Anhalt','82','N'),('1379','Land Thuringen','82','N'),('1380','Lower Saxony','82','N'),('1381','Mecklenburg-Vorpommern','82','N'),('1382','Mulfingen','82','N'),('1383','Munich','82','N'),('1384','Neubeuern','82','N'),('1385','Niedersachsen','82','N'),('1386','Noord-Holland','82','N'),('1387','Nordrhein-Westfalen','82','N'),('1388','North Rhine-Westphalia','82','N'),('1389','Osterode','82','N'),('1390','Rheinland-Pfalz','82','N'),('1391','Rhineland-Palatinate','82','N'),('1392','Saarland','82','N'),('1393','Sachsen','82','N'),('1394','Sachsen-Anhalt','82','N'),('1395','Saxony','82','N'),('1396','Schleswig-Holstein','82','N'),('1397','Thuringia','82','N'),('1398','Webling','82','N'),('1399','Weinstrabe','82','N'),('1400','schlobborn','82','N'),('1401','Ashanti','83','N'),('1402','Brong-Ahafo','83','N'),('1403','Central','83','N'),('1404','Eastern','83','N'),('1405','Greater Accra','83','N'),('1406','Northern','83','N'),('1407','Upper East','83','N'),('1408','Upper West','83','N'),('1409','Volta','83','N'),('1410','Western','83','N'),('1411','Gibraltar','84','N'),('1412','Acharnes','85','N'),('1413','Ahaia','85','N'),('1414','Aitolia kai Akarnania','85','N'),('1415','Argolis','85','N'),('1416','Arkadia','85','N'),('1417','Arta','85','N'),('1418','Attica','85','N'),('1419','Attiki','85','N'),('1420','Ayion Oros','85','N'),('1421','Crete','85','N'),('1422','Dodekanisos','85','N'),('1423','Drama','85','N'),('1424','Evia','85','N'),('1425','Evritania','85','N'),('1426','Evros','85','N'),('1427','Evvoia','85','N'),('1428','Florina','85','N'),('1429','Fokis','85','N'),('1430','Fthiotis','85','N'),('1431','Grevena','85','N'),('1432','Halandri','85','N'),('1433','Halkidiki','85','N'),('1434','Hania','85','N'),('1435','Heraklion','85','N'),('1436','Hios','85','N'),('1437','Ilia','85','N'),('1438','Imathia','85','N'),('1439','Ioannina','85','N'),('1440','Iraklion','85','N'),('1441','Karditsa','85','N'),('1442','Kastoria','85','N'),('1443','Kavala','85','N'),('1444','Kefallinia','85','N'),('1445','Kerkira','85','N'),('1446','Kiklades','85','N'),('1447','Kilkis','85','N'),('1448','Korinthia','85','N'),('1449','Kozani','85','N'),('1450','Lakonia','85','N'),('1451','Larisa','85','N'),('1452','Lasithi','85','N'),('1453','Lesvos','85','N'),('1454','Levkas','85','N'),('1455','Magnisia','85','N'),('1456','Messinia','85','N'),('1457','Nomos Attikis','85','N'),('1458','Nomos Zakynthou','85','N'),('1459','Pella','85','N'),('1460','Pieria','85','N'),('1461','Piraios','85','N'),('1462','Preveza','85','N'),('1463','Rethimni','85','N'),('1464','Rodopi','85','N'),('1465','Samos','85','N'),('1466','Serrai','85','N'),('1467','Thesprotia','85','N'),('1468','Thessaloniki','85','N'),('1469','Trikala','85','N'),('1470','Voiotia','85','N'),('1471','West Greece','85','N'),('1472','Xanthi','85','N'),('1473','Zakinthos','85','N'),('1474','Aasiaat','86','N'),('1475','Ammassalik','86','N'),('1476','Illoqqortoormiut','86','N'),('1477','Ilulissat','86','N'),('1478','Ivittuut','86','N'),('1479','Kangaatsiaq','86','N'),('1480','Maniitsoq','86','N'),('1481','Nanortalik','86','N'),('1482','Narsaq','86','N'),('1483','Nuuk','86','N'),('1484','Paamiut','86','N'),('1485','Qaanaaq','86','N'),('1486','Qaqortoq','86','N'),('1487','Qasigiannguit','86','N'),('1488','Qeqertarsuaq','86','N'),('1489','Sisimiut','86','N'),('1490','Udenfor kommunal inddeling','86','N'),('1491','Upernavik','86','N'),('1492','Uummannaq','86','N'),('1493','Carriacou-Petite Martinique','87','N'),('1494','Saint Andrew','87','N'),('1495','Saint Davids','87','N'),('1496','Saint George\'s','87','N'),('1497','Saint John','87','N'),('1498','Saint Mark','87','N'),('1499','Saint Patrick','87','N'),('1500','Basse-Terre','88','N'),('1501','Grande-Terre','88','N'),('1502','Iles des Saintes','88','N'),('1503','La Desirade','88','N'),('1504','Marie-Galante','88','N'),('1505','Saint Barthelemy','88','N'),('1506','Saint Martin','88','N'),('1507','Agana Heights','89','N'),('1508','Agat','89','N'),('1509','Barrigada','89','N'),('1510','Chalan-Pago-Ordot','89','N'),('1511','Dededo','89','N'),('1512','Hagatna','89','N'),('1513','Inarajan','89','N'),('1514','Mangilao','89','N'),('1515','Merizo','89','N'),('1516','Mongmong-Toto-Maite','89','N'),('1517','Santa Rita','89','N'),('1518','Sinajana','89','N'),('1519','Talofofo','89','N'),('1520','Tamuning','89','N'),('1521','Yigo','89','N'),('1522','Yona','89','N'),('1523','Alta Verapaz','90','N'),('1524','Baja Verapaz','90','N'),('1525','Chimaltenango','90','N'),('1526','Chiquimula','90','N'),('1527','El Progreso','90','N'),('1528','Escuintla','90','N'),('1529','Guatemala','90','N'),('1530','Huehuetenango','90','N'),('1531','Izabal','90','N'),('1532','Jalapa','90','N'),('1533','Jutiapa','90','N'),('1534','Peten','90','N'),('1535','Quezaltenango','90','N'),('1536','Quiche','90','N'),('1537','Retalhuleu','90','N'),('1538','Sacatepequez','90','N'),('1539','San Marcos','90','N'),('1540','Santa Rosa','90','N'),('1541','Solola','90','N'),('1542','Suchitepequez','90','N'),('1543','Totonicapan','90','N'),('1544','Zacapa','90','N'),('1545','Alderney','91','N'),('1546','Castel','91','N'),('1547','Forest','91','N'),('1548','Saint Andrew','91','N'),('1549','Saint Martin','91','N'),('1550','Saint Peter Port','91','N'),('1551','Saint Pierre du Bois','91','N'),('1552','Saint Sampson','91','N'),('1553','Saint Saviour','91','N'),('1554','Sark','91','N'),('1555','Torteval','91','N'),('1556','Vale','91','N'),('1557','Beyla','92','N'),('1558','Boffa','92','N'),('1559','Boke','92','N'),('1560','Conakry','92','N'),('1561','Coyah','92','N'),('1562','Dabola','92','N'),('1563','Dalaba','92','N'),('1564','Dinguiraye','92','N'),('1565','Faranah','92','N'),('1566','Forecariah','92','N'),('1567','Fria','92','N'),('1568','Gaoual','92','N'),('1569','Gueckedou','92','N'),('1570','Kankan','92','N'),('1571','Kerouane','92','N'),('1572','Kindia','92','N'),('1573','Kissidougou','92','N'),('1574','Koubia','92','N'),('1575','Koundara','92','N'),('1576','Kouroussa','92','N'),('1577','Labe','92','N'),('1578','Lola','92','N'),('1579','Macenta','92','N'),('1580','Mali','92','N'),('1581','Mamou','92','N'),('1582','Mandiana','92','N'),('1583','Nzerekore','92','N'),('1584','Pita','92','N'),('1585','Siguiri','92','N'),('1586','Telimele','92','N'),('1587','Tougue','92','N'),('1588','Yomou','92','N'),('1589','Bafata','93','N'),('1590','Bissau','93','N'),('1591','Bolama','93','N'),('1592','Cacheu','93','N'),('1593','Gabu','93','N'),('1594','Oio','93','N'),('1595','Quinara','93','N'),('1596','Tombali','93','N'),('1597','Barima-Waini','94','N'),('1598','Cuyuni-Mazaruni','94','N'),('1599','Demerara-Mahaica','94','N'),('1600','East Berbice-Corentyne','94','N'),('1601','Essequibo Islands-West Demerar','94','N'),('1602','Mahaica-Berbice','94','N'),('1603','Pomeroon-Supenaam','94','N'),('1604','Potaro-Siparuni','94','N'),('1605','Upper Demerara-Berbice','94','N'),('1606','Upper Takutu-Upper Essequibo','94','N'),('1607','Artibonite','95','N'),('1608','Centre','95','N'),('1609','Grand\'Anse','95','N'),('1610','Nord','95','N'),('1611','Nord-Est','95','N'),('1612','Nord-Ouest','95','N'),('1613','Ouest','95','N'),('1614','Sud','95','N'),('1615','Sud-Est','95','N'),('1616','Heard and McDonald Islands','96','N'),('1617','Atlantida','97','N'),('1618','Choluteca','97','N'),('1619','Colon','97','N'),('1620','Comayagua','97','N'),('1621','Copan','97','N'),('1622','Cortes','97','N'),('1623','Distrito Central','97','N'),('1624','El Paraiso','97','N'),('1625','Francisco Morazan','97','N'),('1626','Gracias a Dios','97','N'),('1627','Intibuca','97','N'),('1628','Islas de la Bahia','97','N'),('1629','La Paz','97','N'),('1630','Lempira','97','N'),('1631','Ocotepeque','97','N'),('1632','Olancho','97','N'),('1633','Santa Barbara','97','N'),('1634','Valle','97','N'),('1635','Yoro','97','N'),('1636','Hong Kong','98','N'),('1637','Bacs-Kiskun','99','N'),('1638','Baranya','99','N'),('1639','Bekes','99','N'),('1640','Borsod-Abauj-Zemplen','99','N'),('1641','Budapest','99','N'),('1642','Csongrad','99','N'),('1643','Fejer','99','N'),('1644','Gyor-Moson-Sopron','99','N'),('1645','Hajdu-Bihar','99','N'),('1646','Heves','99','N'),('1647','Jasz-Nagykun-Szolnok','99','N'),('1648','Komarom-Esztergom','99','N'),('1649','Nograd','99','N'),('1650','Pest','99','N'),('1651','Somogy','99','N'),('1652','Szabolcs-Szatmar-Bereg','99','N'),('1653','Tolna','99','N'),('1654','Vas','99','N'),('1655','Veszprem','99','N'),('1656','Zala','99','N'),('1657','Austurland','100','N'),('1658','Gullbringusysla','100','N'),('1659','Hofu borgarsva i','100','N'),('1660','Nor urland eystra','100','N'),('1661','Nor urland vestra','100','N'),('1662','Su urland','100','N'),('1663','Su urnes','100','N'),('1664','Vestfir ir','100','N'),('1665','Vesturland','100','N'),('1666','Aceh','102','N'),('1667','Bali','102','N'),('1668','Bangka-Belitung','102','N'),('1669','Banten','102','N'),('1670','Bengkulu','102','N'),('1671','Gandaria','102','N'),('1672','Gorontalo','102','N'),('1673','Jakarta','102','N'),('1674','Jambi','102','N'),('1675','Jawa Barat','102','N'),('1676','Jawa Tengah','102','N'),('1677','Jawa Timur','102','N'),('1678','Kalimantan Barat','102','N'),('1679','Kalimantan Selatan','102','N'),('1680','Kalimantan Tengah','102','N'),('1681','Kalimantan Timur','102','N'),('1682','Kendal','102','N'),('1683','Lampung','102','N'),('1684','Maluku','102','N'),('1685','Maluku Utara','102','N'),('1686','Nusa Tenggara Barat','102','N'),('1687','Nusa Tenggara Timur','102','N'),('1688','Papua','102','N'),('1689','Riau','102','N'),('1690','Riau Kepulauan','102','N'),('1691','Solo','102','N'),('1692','Sulawesi Selatan','102','N'),('1693','Sulawesi Tengah','102','N'),('1694','Sulawesi Tenggara','102','N'),('1695','Sulawesi Utara','102','N'),('1696','Sumatera Barat','102','N'),('1697','Sumatera Selatan','102','N'),('1698','Sumatera Utara','102','N'),('1699','Yogyakarta','102','N'),('1700','Ardabil','103','N'),('1701','Azarbayjan-e Bakhtari','103','N'),('1702','Azarbayjan-e Khavari','103','N'),('1703','Bushehr','103','N'),('1704','Chahar Mahal-e Bakhtiari','103','N'),('1705','Esfahan','103','N'),('1706','Fars','103','N'),('1707','Gilan','103','N'),('1708','Golestan','103','N'),('1709','Hamadan','103','N'),('1710','Hormozgan','103','N'),('1711','Ilam','103','N'),('1712','Kerman','103','N'),('1713','Kermanshah','103','N'),('1714','Khorasan','103','N'),('1715','Khuzestan','103','N'),('1716','Kohgiluyeh-e Boyerahmad','103','N'),('1717','Kordestan','103','N'),('1718','Lorestan','103','N'),('1719','Markazi','103','N'),('1720','Mazandaran','103','N'),('1721','Ostan-e Esfahan','103','N'),('1722','Qazvin','103','N'),('1723','Qom','103','N'),('1724','Semnan','103','N'),('1725','Sistan-e Baluchestan','103','N'),('1726','Tehran','103','N'),('1727','Yazd','103','N'),('1728','Zanjan','103','N'),('1729','Babil','104','N'),('1730','Baghdad','104','N'),('1731','Dahuk','104','N'),('1732','Dhi Qar','104','N'),('1733','Diyala','104','N'),('1734','Erbil','104','N'),('1735','Irbil','104','N'),('1736','Karbala','104','N'),('1737','Kurdistan','104','N'),('1738','Maysan','104','N'),('1739','Ninawa','104','N'),('1740','Salah-ad-Din','104','N'),('1741','Wasit','104','N'),('1742','al-Anbar','104','N'),('1743','al-Basrah','104','N'),('1744','al-Muthanna','104','N'),('1745','al-Qadisiyah','104','N'),('1746','an-Najaf','104','N'),('1747','as-Sulaymaniyah','104','N'),('1748','at-Ta\'mim','104','N'),('1749','Armagh','105','N'),('1750','Carlow','105','N'),('1751','Cavan','105','N'),('1752','Clare','105','N'),('1753','Cork','105','N'),('1754','Donegal','105','N'),('1755','Dublin','105','N'),('1756','Galway','105','N'),('1757','Kerry','105','N'),('1758','Kildare','105','N'),('1759','Kilkenny','105','N'),('1760','Laois','105','N'),('1761','Leinster','105','N'),('1762','Leitrim','105','N'),('1763','Limerick','105','N'),('1764','Loch Garman','105','N'),('1765','Longford','105','N'),('1766','Louth','105','N'),('1767','Mayo','105','N'),('1768','Meath','105','N'),('1769','Monaghan','105','N'),('1770','Offaly','105','N'),('1771','Roscommon','105','N'),('1772','Sligo','105','N'),('1773','Tipperary North Riding','105','N'),('1774','Tipperary South Riding','105','N'),('1775','Ulster','105','N'),('1776','Waterford','105','N'),('1777','Westmeath','105','N'),('1778','Wexford','105','N'),('1779','Wicklow','105','N'),('1780','Beit Hanania','106','N'),('1781','Ben Gurion Airport','106','N'),('1782','Bethlehem','106','N'),('1783','Caesarea','106','N'),('1784','Centre','106','N'),('1785','Gaza','106','N'),('1786','Hadaron','106','N'),('1787','Haifa District','106','N'),('1788','Hamerkaz','106','N'),('1789','Hazafon','106','N'),('1790','Hebron','106','N'),('1791','Jaffa','106','N'),('1792','Jerusalem','106','N'),('1793','Khefa','106','N'),('1794','Kiryat Yam','106','N'),('1795','Lower Galilee','106','N'),('1796','Qalqilya','106','N'),('1797','Talme Elazar','106','N'),('1798','Tel Aviv','106','N'),('1799','Tsafon','106','N'),('1800','Umm El Fahem','106','N'),('1801','Yerushalayim','106','N'),('1802','Abruzzi','107','N'),('1803','Abruzzo','107','N'),('1804','Agrigento','107','N'),('1805','Alessandria','107','N'),('1806','Ancona','107','N'),('1807','Arezzo','107','N'),('1808','Ascoli Piceno','107','N'),('1809','Asti','107','N'),('1810','Avellino','107','N'),('1811','Bari','107','N'),('1812','Basilicata','107','N'),('1813','Belluno','107','N'),('1814','Benevento','107','N'),('1815','Bergamo','107','N'),('1816','Biella','107','N'),('1817','Bologna','107','N'),('1818','Bolzano','107','N'),('1819','Brescia','107','N'),('1820','Brindisi','107','N'),('1821','Calabria','107','N'),('1822','Campania','107','N'),('1823','Cartoceto','107','N'),('1824','Caserta','107','N'),('1825','Catania','107','N'),('1826','Chieti','107','N'),('1827','Como','107','N'),('1828','Cosenza','107','N'),('1829','Cremona','107','N'),('1830','Cuneo','107','N'),('1831','Emilia-Romagna','107','N'),('1832','Ferrara','107','N'),('1833','Firenze','107','N'),('1834','Florence','107','N'),('1835','Forli-Cesena ','107','N'),('1836','Friuli-Venezia Giulia','107','N'),('1837','Frosinone','107','N'),('1838','Genoa','107','N'),('1839','Gorizia','107','N'),('1840','L\'Aquila','107','N'),('1841','Lazio','107','N'),('1842','Lecce','107','N'),('1843','Lecco','107','N'),('1844','Lecco Province','107','N'),('1845','Liguria','107','N'),('1846','Lodi','107','N'),('1847','Lombardia','107','N'),('1848','Lombardy','107','N'),('1849','Macerata','107','N'),('1850','Mantova','107','N'),('1851','Marche','107','N'),('1852','Messina','107','N'),('1853','Milan','107','N'),('1854','Modena','107','N'),('1855','Molise','107','N'),('1856','Molteno','107','N'),('1857','Montenegro','107','N'),('1858','Monza and Brianza','107','N'),('1859','Naples','107','N'),('1860','Novara','107','N'),('1861','Padova','107','N'),('1862','Parma','107','N'),('1863','Pavia','107','N'),('1864','Perugia','107','N'),('1865','Pesaro-Urbino','107','N'),('1866','Piacenza','107','N'),('1867','Piedmont','107','N'),('1868','Piemonte','107','N'),('1869','Pisa','107','N'),('1870','Pordenone','107','N'),('1871','Potenza','107','N'),('1872','Puglia','107','N'),('1873','Reggio Emilia','107','N'),('1874','Rimini','107','N'),('1875','Roma','107','N'),('1876','Salerno','107','N'),('1877','Sardegna','107','N'),('1878','Sassari','107','N'),('1879','Savona','107','N'),('1880','Sicilia','107','N'),('1881','Siena','107','N'),('1882','Sondrio','107','N'),('1883','South Tyrol','107','N'),('1884','Taranto','107','N'),('1885','Teramo','107','N'),('1886','Torino','107','N'),('1887','Toscana','107','N'),('1888','Trapani','107','N'),('1889','Trentino-Alto Adige','107','N'),('1890','Trento','107','N'),('1891','Treviso','107','N'),('1892','Udine','107','N'),('1893','Umbria','107','N'),('1894','Valle d\'Aosta','107','N'),('1895','Varese','107','N'),('1896','Veneto','107','N'),('1897','Venezia','107','N'),('1898','Verbano-Cusio-Ossola','107','N'),('1899','Vercelli','107','N'),('1900','Verona','107','N'),('1901','Vicenza','107','N'),('1902','Viterbo','107','N'),('1903','Buxoro Viloyati','108','N'),('1904','Clarendon','108','N'),('1905','Hanover','108','N'),('1906','Kingston','108','N'),('1907','Manchester','108','N'),('1908','Portland','108','N'),('1909','Saint Andrews','108','N'),('1910','Saint Ann','108','N'),('1911','Saint Catherine','108','N'),('1912','Saint Elizabeth','108','N'),('1913','Saint James','108','N'),('1914','Saint Mary','108','N'),('1915','Saint Thomas','108','N'),('1916','Trelawney','108','N'),('1917','Westmoreland','108','N'),('1918','Aichi','109','N'),('1919','Akita','109','N'),('1920','Aomori','109','N'),('1921','Chiba','109','N'),('1922','Ehime','109','N'),('1923','Fukui','109','N'),('1924','Fukuoka','109','N'),('1925','Fukushima','109','N'),('1926','Gifu','109','N'),('1927','Gumma','109','N'),('1928','Hiroshima','109','N'),('1929','Hokkaido','109','N'),('1930','Hyogo','109','N'),('1931','Ibaraki','109','N'),('1932','Ishikawa','109','N'),('1933','Iwate','109','N'),('1934','Kagawa','109','N'),('1935','Kagoshima','109','N'),('1936','Kanagawa','109','N'),('1937','Kanto','109','N'),('1938','Kochi','109','N'),('1939','Kumamoto','109','N'),('1940','Kyoto','109','N'),('1941','Mie','109','N'),('1942','Miyagi','109','N'),('1943','Miyazaki','109','N'),('1944','Nagano','109','N'),('1945','Nagasaki','109','N'),('1946','Nara','109','N'),('1947','Niigata','109','N'),('1948','Oita','109','N'),('1949','Okayama','109','N'),('1950','Okinawa','109','N'),('1951','Osaka','109','N'),('1952','Saga','109','N'),('1953','Saitama','109','N'),('1954','Shiga','109','N'),('1955','Shimane','109','N'),('1956','Shizuoka','109','N'),('1957','Tochigi','109','N'),('1958','Tokushima','109','N'),('1959','Tokyo','109','N'),('1960','Tottori','109','N'),('1961','Toyama','109','N'),('1962','Wakayama','109','N'),('1963','Yamagata','109','N'),('1964','Yamaguchi','109','N'),('1965','Yamanashi','109','N'),('1966','Grouville','110','N'),('1967','Saint Brelade','110','N'),('1968','Saint Clement','110','N'),('1969','Saint Helier','110','N'),('1970','Saint John','110','N'),('1971','Saint Lawrence','110','N'),('1972','Saint Martin','110','N'),('1973','Saint Mary','110','N'),('1974','Saint Peter','110','N'),('1975','Saint Saviour','110','N'),('1976','Trinity','110','N'),('1977','\'Ajlun','111','N'),('1978','Amman','111','N'),('1979','Irbid','111','N'),('1980','Jarash','111','N'),('1981','Ma\'an','111','N'),('1982','Madaba','111','N'),('1983','al-\'Aqabah','111','N'),('1984','al-Balqa\'','111','N'),('1985','al-Karak','111','N'),('1986','al-Mafraq','111','N'),('1987','at-Tafilah','111','N'),('1988','az-Zarqa\'','111','N'),('1989','Akmecet','112','N'),('1990','Akmola','112','N'),('1991','Aktobe','112','N'),('1992','Almati','112','N'),('1993','Atirau','112','N'),('1994','Batis Kazakstan','112','N'),('1995','Burlinsky Region','112','N'),('1996','Karagandi','112','N'),('1997','Kostanay','112','N'),('1998','Mankistau','112','N'),('1999','Ontustik Kazakstan','112','N'),('2000','Pavlodar','112','N'),('2001','Sigis Kazakstan','112','N'),('2002','Soltustik Kazakstan','112','N'),('2003','Taraz','112','N'),('2004','Central','113','N'),('2005','Coast','113','N'),('2006','Eastern','113','N'),('2007','Nairobi','113','N'),('2008','North Eastern','113','N'),('2009','Nyanza','113','N'),('2010','Rift Valley','113','N'),('2011','Western','113','N'),('2012','Abaiang','114','N'),('2013','Abemana','114','N'),('2014','Aranuka','114','N'),('2015','Arorae','114','N'),('2016','Banaba','114','N'),('2017','Beru','114','N'),('2018','Butaritari','114','N'),('2019','Kiritimati','114','N'),('2020','Kuria','114','N'),('2021','Maiana','114','N'),('2022','Makin','114','N'),('2023','Marakei','114','N'),('2024','Nikunau','114','N'),('2025','Nonouti','114','N'),('2026','Onotoa','114','N'),('2027','Phoenix Islands','114','N'),('2028','Tabiteuea North','114','N'),('2029','Tabiteuea South','114','N'),('2030','Tabuaeran','114','N'),('2031','Tamana','114','N'),('2032','Tarawa North','114','N'),('2033','Tarawa South','114','N'),('2034','Teraina','114','N'),('2035','Chagangdo','115','N'),('2036','Hamgyeongbukto','115','N'),('2037','Hamgyeongnamdo','115','N'),('2038','Hwanghaebukto','115','N'),('2039','Hwanghaenamdo','115','N'),('2040','Kaeseong','115','N'),('2041','Kangweon','115','N'),('2042','Nampo','115','N'),('2043','Pyeonganbukto','115','N'),('2044','Pyeongannamdo','115','N'),('2045','Pyeongyang','115','N'),('2046','Yanggang','115','N'),('2047','Busan','116','N'),('2048','Cheju','116','N'),('2049','Chollabuk','116','N'),('2050','Chollanam','116','N'),('2051','Chungbuk','116','N'),('2052','Chungcheongbuk','116','N'),('2053','Chungcheongnam','116','N'),('2054','Chungnam','116','N'),('2055','Daegu','116','N'),('2056','Gangwon-do','116','N'),('2057','Goyang-si','116','N'),('2058','Gyeonggi-do','116','N'),('2059','Gyeongsang ','116','N'),('2060','Gyeongsangnam-do','116','N'),('2061','Incheon','116','N'),('2062','Jeju-Si','116','N'),('2063','Jeonbuk','116','N'),('2064','Kangweon','116','N'),('2065','Kwangju','116','N'),('2066','Kyeonggi','116','N'),('2067','Kyeongsangbuk','116','N'),('2068','Kyeongsangnam','116','N'),('2069','Kyonggi-do','116','N'),('2070','Kyungbuk-Do','116','N'),('2071','Kyunggi-Do','116','N'),('2072','Kyunggi-do','116','N'),('2073','Pusan','116','N'),('2074','Seoul','116','N'),('2075','Sudogwon','116','N'),('2076','Taegu','116','N'),('2077','Taejeon','116','N'),('2078','Taejon-gwangyoksi','116','N'),('2079','Ulsan','116','N'),('2080','Wonju','116','N'),('2081','gwangyoksi','116','N'),('2082','Al Asimah','117','N'),('2083','Hawalli','117','N'),('2084','Mishref','117','N'),('2085','Qadesiya','117','N'),('2086','Safat','117','N'),('2087','Salmiya','117','N'),('2088','al-Ahmadi','117','N'),('2089','al-Farwaniyah','117','N'),('2090','al-Jahra','117','N'),('2091','al-Kuwayt','117','N'),('2092','Batken','118','N'),('2093','Bishkek','118','N'),('2094','Chui','118','N'),('2095','Issyk-Kul','118','N'),('2096','Jalal-Abad','118','N'),('2097','Naryn','118','N'),('2098','Osh','118','N'),('2099','Talas','118','N'),('2100','Attopu','119','N'),('2101','Bokeo','119','N'),('2102','Bolikhamsay','119','N'),('2103','Champasak','119','N'),('2104','Houaphanh','119','N'),('2105','Khammouane','119','N'),('2106','Luang Nam Tha','119','N'),('2107','Luang Prabang','119','N'),('2108','Oudomxay','119','N'),('2109','Phongsaly','119','N'),('2110','Saravan','119','N'),('2111','Savannakhet','119','N'),('2112','Sekong','119','N'),('2113','Viangchan Prefecture','119','N'),('2114','Viangchan Province','119','N'),('2115','Xaignabury','119','N'),('2116','Xiang Khuang','119','N'),('2117','Aizkraukles','120','N'),('2118','Aluksnes','120','N'),('2119','Balvu','120','N'),('2120','Bauskas','120','N'),('2121','Cesu','120','N'),('2122','Daugavpils','120','N'),('2123','Daugavpils City','120','N'),('2124','Dobeles','120','N'),('2125','Gulbenes','120','N'),('2126','Jekabspils','120','N'),('2127','Jelgava','120','N'),('2128','Jelgavas','120','N'),('2129','Jurmala City','120','N'),('2130','Kraslavas','120','N'),('2131','Kuldigas','120','N'),('2132','Liepaja','120','N'),('2133','Liepajas','120','N'),('2134','Limbazhu','120','N'),('2135','Ludzas','120','N'),('2136','Madonas','120','N'),('2137','Ogres','120','N'),('2138','Preilu','120','N'),('2139','Rezekne','120','N'),('2140','Rezeknes','120','N'),('2141','Riga','120','N'),('2142','Rigas','120','N'),('2143','Saldus','120','N'),('2144','Talsu','120','N'),('2145','Tukuma','120','N'),('2146','Valkas','120','N'),('2147','Valmieras','120','N'),('2148','Ventspils','120','N'),('2149','Ventspils City','120','N'),('2150','Beirut','121','N'),('2151','Jabal Lubnan','121','N'),('2152','Mohafazat Liban-Nord','121','N'),('2153','Mohafazat Mont-Liban','121','N'),('2154','Sidon','121','N'),('2155','al-Biqa','121','N'),('2156','al-Janub','121','N'),('2157','an-Nabatiyah','121','N'),('2158','ash-Shamal','121','N'),('2159','Berea','122','N'),('2160','Butha-Buthe','122','N'),('2161','Leribe','122','N'),('2162','Mafeteng','122','N'),('2163','Maseru','122','N'),('2164','Mohale\'s Hoek','122','N'),('2165','Mokhotlong','122','N'),('2166','Qacha\'s Nek','122','N'),('2167','Quthing','122','N'),('2168','Thaba-Tseka','122','N'),('2169','Bomi','123','N'),('2170','Bong','123','N'),('2171','Grand Bassa','123','N'),('2172','Grand Cape Mount','123','N'),('2173','Grand Gedeh','123','N'),('2174','Loffa','123','N'),('2175','Margibi','123','N'),('2176','Maryland and Grand Kru','123','N'),('2177','Montserrado','123','N'),('2178','Nimba','123','N'),('2179','Rivercess','123','N'),('2180','Sinoe','123','N'),('2181','Ajdabiya','124','N'),('2182','Fezzan','124','N'),('2183','Banghazi','124','N'),('2184','Darnah','124','N'),('2185','Ghadamis','124','N'),('2186','Gharyan','124','N'),('2187','Misratah','124','N'),('2188','Murzuq','124','N'),('2189','Sabha','124','N'),('2190','Sawfajjin','124','N'),('2191','Surt','124','N'),('2192','Tarabulus','124','N'),('2193','Tarhunah','124','N'),('2194','Tripolitania','124','N'),('2195','Tubruq','124','N'),('2196','Yafran','124','N'),('2197','Zlitan','124','N'),('2198','al-\'Aziziyah','124','N'),('2199','al-Fatih','124','N'),('2200','al-Jabal al Akhdar','124','N'),('2201','al-Jufrah','124','N'),('2202','al-Khums','124','N'),('2203','al-Kufrah','124','N'),('2204','an-Nuqat al-Khams','124','N'),('2205','ash-Shati\'','124','N'),('2206','az-Zawiyah','124','N'),('2207','Balzers','125','N'),('2208','Eschen','125','N'),('2209','Gamprin','125','N'),('2210','Mauren','125','N'),('2211','Planken','125','N'),('2212','Ruggell','125','N'),('2213','Schaan','125','N'),('2214','Schellenberg','125','N'),('2215','Triesen','125','N'),('2216','Triesenberg','125','N'),('2217','Vaduz','125','N'),('2218','Alytaus','126','N'),('2219','Anyksciai','126','N'),('2220','Kauno','126','N'),('2221','Klaipedos','126','N'),('2222','Marijampoles','126','N'),('2223','Panevezhio','126','N'),('2224','Panevezys','126','N'),('2225','Shiauliu','126','N'),('2226','Taurages','126','N'),('2227','Telshiu','126','N'),('2228','Telsiai','126','N'),('2229','Utenos','126','N'),('2230','Vilniaus','126','N'),('2231','Capellen','127','N'),('2232','Clervaux','127','N'),('2233','Diekirch','127','N'),('2234','Echternach','127','N'),('2235','Esch-sur-Alzette','127','N'),('2236','Grevenmacher','127','N'),('2237','Luxembourg','127','N'),('2238','Mersch','127','N'),('2239','Redange','127','N'),('2240','Remich','127','N'),('2241','Vianden','127','N'),('2242','Wiltz','127','N'),('2243','Macau','128','N'),('2244','Berovo','129','N'),('2245','Bitola','129','N'),('2246','Brod','129','N'),('2247','Debar','129','N'),('2248','Delchevo','129','N'),('2249','Demir Hisar','129','N'),('2250','Gevgelija','129','N'),('2251','Gostivar','129','N'),('2252','Kavadarci','129','N'),('2253','Kichevo','129','N'),('2254','Kochani','129','N'),('2255','Kratovo','129','N'),('2256','Kriva Palanka','129','N'),('2257','Krushevo','129','N'),('2258','Kumanovo','129','N'),('2259','Negotino','129','N'),('2260','Ohrid','129','N'),('2261','Prilep','129','N'),('2262','Probishtip','129','N'),('2263','Radovish','129','N'),('2264','Resen','129','N'),('2265','Shtip','129','N'),('2266','Skopje','129','N'),('2267','Struga','129','N'),('2268','Strumica','129','N'),('2269','Sveti Nikole','129','N'),('2270','Tetovo','129','N'),('2271','Valandovo','129','N'),('2272','Veles','129','N'),('2273','Vinica','129','N'),('2274','Antananarivo','130','N'),('2275','Antsiranana','130','N'),('2276','Fianarantsoa','130','N'),('2277','Mahajanga','130','N'),('2278','Toamasina','130','N'),('2279','Toliary','130','N'),('2280','Balaka','131','N'),('2281','Blantyre City','131','N'),('2282','Chikwawa','131','N'),('2283','Chiradzulu','131','N'),('2284','Chitipa','131','N'),('2285','Dedza','131','N'),('2286','Dowa','131','N'),('2287','Karonga','131','N'),('2288','Kasungu','131','N'),('2289','Lilongwe City','131','N'),('2290','Machinga','131','N'),('2291','Mangochi','131','N'),('2292','Mchinji','131','N'),('2293','Mulanje','131','N'),('2294','Mwanza','131','N'),('2295','Mzimba','131','N'),('2296','Mzuzu City','131','N'),('2297','Nkhata Bay','131','N'),('2298','Nkhotakota','131','N'),('2299','Nsanje','131','N'),('2300','Ntcheu','131','N'),('2301','Ntchisi','131','N'),('2302','Phalombe','131','N'),('2303','Rumphi','131','N'),('2304','Salima','131','N'),('2305','Thyolo','131','N'),('2306','Zomba Municipality','131','N'),('2307','Johor','132','N'),('2308','Kedah','132','N'),('2309','Kelantan','132','N'),('2310','Kuala Lumpur','132','N'),('2311','Labuan','132','N'),('2312','Melaka','132','N'),('2313','Negeri Johor','132','N'),('2314','Negeri Sembilan','132','N'),('2315','Pahang','132','N'),('2316','Penang','132','N'),('2317','Perak','132','N'),('2318','Perlis','132','N'),('2319','Pulau Pinang','132','N'),('2320','Sabah','132','N'),('2321','Sarawak','132','N'),('2322','Selangor','132','N'),('2323','Sembilan','132','N'),('2324','Terengganu','132','N'),('2325','Alif Alif','133','N'),('2326','Alif Dhaal','133','N'),('2327','Baa','133','N'),('2328','Dhaal','133','N'),('2329','Faaf','133','N'),('2330','Gaaf Alif','133','N'),('2331','Gaaf Dhaal','133','N'),('2332','Ghaviyani','133','N'),('2333','Haa Alif','133','N'),('2334','Haa Dhaal','133','N'),('2335','Kaaf','133','N'),('2336','Laam','133','N'),('2337','Lhaviyani','133','N'),('2338','Male','133','N'),('2339','Miim','133','N'),('2340','Nuun','133','N'),('2341','Raa','133','N'),('2342','Shaviyani','133','N'),('2343','Siin','133','N'),('2344','Thaa','133','N'),('2345','Vaav','133','N'),('2346','Bamako','134','N'),('2347','Gao','134','N'),('2348','Kayes','134','N'),('2349','Kidal','134','N'),('2350','Koulikoro','134','N'),('2351','Mopti','134','N'),('2352','Segou','134','N'),('2353','Sikasso','134','N'),('2354','Tombouctou','134','N'),('2355','Gozo and Comino','135','N'),('2356','Inner Harbour','135','N'),('2357','Northern','135','N'),('2358','Outer Harbour','135','N'),('2359','South Eastern','135','N'),('2360','Valletta','135','N'),('2361','Western','135','N'),('2362','Castletown','136','N'),('2363','Douglas','136','N'),('2364','Laxey','136','N'),('2365','Onchan','136','N'),('2366','Peel','136','N'),('2367','Port Erin','136','N'),('2368','Port Saint Mary','136','N'),('2369','Ramsey','136','N'),('2370','Ailinlaplap','137','N'),('2371','Ailuk','137','N'),('2372','Arno','137','N'),('2373','Aur','137','N'),('2374','Bikini','137','N'),('2375','Ebon','137','N'),('2376','Enewetak','137','N'),('2377','Jabat','137','N'),('2378','Jaluit','137','N'),('2379','Kili','137','N'),('2380','Kwajalein','137','N'),('2381','Lae','137','N'),('2382','Lib','137','N'),('2383','Likiep','137','N'),('2384','Majuro','137','N'),('2385','Maloelap','137','N'),('2386','Mejit','137','N'),('2387','Mili','137','N'),('2388','Namorik','137','N'),('2389','Namu','137','N'),('2390','Rongelap','137','N'),('2391','Ujae','137','N'),('2392','Utrik','137','N'),('2393','Wotho','137','N'),('2394','Wotje','137','N'),('2395','Fort-de-France','138','N'),('2396','La Trinite','138','N'),('2397','Le Marin','138','N'),('2398','Saint-Pierre','138','N'),('2399','Adrar','139','N'),('2400','Assaba','139','N'),('2401','Brakna','139','N'),('2402','Dhakhlat Nawadibu','139','N'),('2403','Hudh-al-Gharbi','139','N'),('2404','Hudh-ash-Sharqi','139','N'),('2405','Inshiri','139','N'),('2406','Nawakshut','139','N'),('2407','Qidimagha','139','N'),('2408','Qurqul','139','N'),('2409','Taqant','139','N'),('2410','Tiris Zammur','139','N'),('2411','Trarza','139','N'),('2412','Black River','140','N'),('2413','Eau Coulee','140','N'),('2414','Flacq','140','N'),('2415','Floreal','140','N'),('2416','Grand Port','140','N'),('2417','Moka','140','N'),('2418','Pamplempousses','140','N'),('2419','Plaines Wilhelm','140','N'),('2420','Port Louis','140','N'),('2421','Riviere du Rempart','140','N'),('2422','Rodrigues','140','N'),('2423','Rose Hill','140','N'),('2424','Savanne','140','N'),('2425','Mayotte','141','N'),('2426','Pamanzi','141','N'),('2427','Aguascalientes','142','N'),('2428','Baja California','142','N'),('2429','Baja California Sur','142','N'),('2430','Campeche','142','N'),('2431','Chiapas','142','N'),('2432','Chihuahua','142','N'),('2433','Coahuila','142','N'),('2434','Colima','142','N'),('2435','Distrito Federal','142','N'),('2436','Durango','142','N'),('2437','Estado de Mexico','142','N'),('2438','Guanajuato','142','N'),('2439','Guerrero','142','N'),('2440','Hidalgo','142','N'),('2441','Jalisco','142','N'),('2442','Mexico','142','N'),('2443','Michoacan','142','N'),('2444','Morelos','142','N'),('2445','Nayarit','142','N'),('2446','Nuevo Leon','142','N'),('2447','Oaxaca','142','N'),('2448','Puebla','142','N'),('2449','Queretaro','142','N'),('2450','Quintana Roo','142','N'),('2451','San Luis Potosi','142','N'),('2452','Sinaloa','142','N'),('2453','Sonora','142','N'),('2454','Tabasco','142','N'),('2455','Tamaulipas','142','N'),('2456','Tlaxcala','142','N'),('2457','Veracruz','142','N'),('2458','Yucatan','142','N'),('2459','Zacatecas','142','N'),('2460','Chuuk','143','N'),('2461','Kusaie','143','N'),('2462','Pohnpei','143','N'),('2463','Yap','143','N'),('2464','Balti','144','N'),('2465','Cahul','144','N'),('2466','Chisinau','144','N'),('2467','Chisinau Oras','144','N'),('2468','Edinet','144','N'),('2469','Gagauzia','144','N'),('2470','Lapusna','144','N'),('2471','Orhei','144','N'),('2472','Soroca','144','N'),('2473','Taraclia','144','N'),('2474','Tighina','144','N'),('2475','Transnistria','144','N'),('2476','Ungheni','144','N'),('2477','Fontvieille','145','N'),('2478','La Condamine','145','N'),('2479','Monaco-Ville','145','N'),('2480','Monte Carlo','145','N'),('2481','Arhangaj','146','N'),('2482','Bajan-Olgij','146','N'),('2483','Bajanhongor','146','N'),('2484','Bulgan','146','N'),('2485','Darhan-Uul','146','N'),('2486','Dornod','146','N'),('2487','Dornogovi','146','N'),('2488','Dundgovi','146','N'),('2489','Govi-Altaj','146','N'),('2490','Govisumber','146','N'),('2491','Hentij','146','N'),('2492','Hovd','146','N'),('2493','Hovsgol','146','N'),('2494','Omnogovi','146','N'),('2495','Orhon','146','N'),('2496','Ovorhangaj','146','N'),('2497','Selenge','146','N'),('2498','Suhbaatar','146','N'),('2499','Tov','146','N'),('2500','Ulaanbaatar','146','N'),('2501','Uvs','146','N'),('2502','Zavhan','146','N'),('2503','Montserrat','147','N'),('2504','Agadir','148','N'),('2505','Casablanca','148','N'),('2506','Chaouia-Ouardigha','148','N'),('2507','Doukkala-Abda','148','N'),('2508','Fes-Boulemane','148','N'),('2509','Gharb-Chrarda-Beni Hssen','148','N'),('2510','Guelmim','148','N'),('2511','Kenitra','148','N'),('2512','Marrakech-Tensift-Al Haouz','148','N'),('2513','Meknes-Tafilalet','148','N'),('2514','Oriental','148','N'),('2515','Oujda','148','N'),('2516','Province de Tanger','148','N'),('2517','Rabat-Sale-Zammour-Zaer','148','N'),('2518','Sala Al Jadida','148','N'),('2519','Settat','148','N'),('2520','Souss Massa-Draa','148','N'),('2521','Tadla-Azilal','148','N'),('2522','Tangier-Tetouan','148','N'),('2523','Taza-Al Hoceima-Taounate','148','N'),('2524','Wilaya de Casablanca','148','N'),('2525','Wilaya de Rabat-Sale','148','N'),('2526','Cabo Delgado','149','N'),('2527','Gaza','149','N'),('2528','Inhambane','149','N'),('2529','Manica','149','N'),('2530','Maputo','149','N'),('2531','Maputo Provincia','149','N'),('2532','Nampula','149','N'),('2533','Niassa','149','N'),('2534','Sofala','149','N'),('2535','Tete','149','N'),('2536','Zambezia','149','N'),('2537','Ayeyarwady','150','N'),('2538','Bago','150','N'),('2539','Chin','150','N'),('2540','Kachin','150','N'),('2541','Kayah','150','N'),('2542','Kayin','150','N'),('2543','Magway','150','N'),('2544','Mandalay','150','N'),('2545','Mon','150','N'),('2546','Nay Pyi Taw','150','N'),('2547','Rakhine','150','N'),('2548','Sagaing','150','N'),('2549','Shan','150','N'),('2550','Tanintharyi','150','N'),('2551','Yangon','150','N'),('2552','Caprivi','151','N'),('2553','Erongo','151','N'),('2554','Hardap','151','N'),('2555','Karas','151','N'),('2556','Kavango','151','N'),('2557','Khomas','151','N'),('2558','Kunene','151','N'),('2559','Ohangwena','151','N'),('2560','Omaheke','151','N'),('2561','Omusati','151','N'),('2562','Oshana','151','N'),('2563','Oshikoto','151','N'),('2564','Otjozondjupa','151','N'),('2565','Yaren','152','N'),('2566','Bagmati','153','N'),('2567','Bheri','153','N'),('2568','Dhawalagiri','153','N'),('2569','Gandaki','153','N'),('2570','Janakpur','153','N'),('2571','Karnali','153','N'),('2572','Koshi','153','N'),('2573','Lumbini','153','N'),('2574','Mahakali','153','N'),('2575','Mechi','153','N'),('2576','Narayani','153','N'),('2577','Rapti','153','N'),('2578','Sagarmatha','153','N'),('2579','Seti','153','N'),('2580','Bonaire','154','N'),('2581','Curacao','154','N'),('2582','Saba','154','N'),('2583','Sint Eustatius','154','N'),('2584','Sint Maarten','154','N'),('2585','Amsterdam','155','N'),('2586','Benelux','155','N'),('2587','Drenthe','155','N'),('2588','Flevoland','155','N'),('2589','Friesland','155','N'),('2590','Gelderland','155','N'),('2591','Groningen','155','N'),('2592','Limburg','155','N'),('2593','Noord-Brabant','155','N'),('2594','Noord-Holland','155','N'),('2595','Overijssel','155','N'),('2596','South Holland','155','N'),('2597','Utrecht','155','N'),('2598','Zeeland','155','N'),('2599','Zuid-Holland','155','N'),('2600','Iles','156','N'),('2601','Nord','156','N'),('2602','Sud','156','N'),('2603','Area Outside Region','157','N'),('2604','Auckland','157','N'),('2605','Bay of Plenty','157','N'),('2606','Canterbury','157','N'),('2607','Christchurch','157','N'),('2608','Gisborne','157','N'),('2609','Hawke\'s Bay','157','N'),('2610','Manawatu-Wanganui','157','N'),('2611','Marlborough','157','N'),('2612','Nelson','157','N'),('2613','Northland','157','N'),('2614','Otago','157','N'),('2615','Rodney','157','N'),('2616','Southland','157','N'),('2617','Taranaki','157','N'),('2618','Tasman','157','N'),('2619','Waikato','157','N'),('2620','Wellington','157','N'),('2621','West Coast','157','N'),('2622','Atlantico Norte','158','N'),('2623','Atlantico Sur','158','N'),('2624','Boaco','158','N'),('2625','Carazo','158','N'),('2626','Chinandega','158','N'),('2627','Chontales','158','N'),('2628','Esteli','158','N'),('2629','Granada','158','N'),('2630','Jinotega','158','N'),('2631','Leon','158','N'),('2632','Madriz','158','N'),('2633','Managua','158','N'),('2634','Masaya','158','N'),('2635','Matagalpa','158','N'),('2636','Nueva Segovia','158','N'),('2637','Rio San Juan','158','N'),('2638','Rivas','158','N'),('2639','Agadez','159','N'),('2640','Diffa','159','N'),('2641','Dosso','159','N'),('2642','Maradi','159','N'),('2643','Niamey','159','N'),('2644','Tahoua','159','N'),('2645','Tillabery','159','N'),('2646','Zinder','159','N'),('2647','Abia','160','N'),('2648','Abuja Federal Capital Territor','160','N'),('2649','Adamawa','160','N'),('2650','Akwa Ibom','160','N'),('2651','Anambra','160','N'),('2652','Bauchi','160','N'),('2653','Bayelsa','160','N'),('2654','Benue','160','N'),('2655','Borno','160','N'),('2656','Cross River','160','N'),('2657','Delta','160','N'),('2658','Ebonyi','160','N'),('2659','Edo','160','N'),('2660','Ekiti','160','N'),('2661','Enugu','160','N'),('2662','Gombe','160','N'),('2663','Imo','160','N'),('2664','Jigawa','160','N'),('2665','Kaduna','160','N'),('2666','Kano','160','N'),('2667','Katsina','160','N'),('2668','Kebbi','160','N'),('2669','Kogi','160','N'),('2670','Kwara','160','N'),('2671','Lagos','160','N'),('2672','Nassarawa','160','N'),('2673','Niger','160','N'),('2674','Ogun','160','N'),('2675','Ondo','160','N'),('2676','Osun','160','N'),('2677','Oyo','160','N'),('2678','Plateau','160','N'),('2679','Rivers','160','N'),('2680','Sokoto','160','N'),('2681','Taraba','160','N'),('2682','Yobe','160','N'),('2683','Zamfara','160','N'),('2684','Niue','161','N'),('2685','Norfolk Island','162','N'),('2686','Northern Islands','163','N'),('2687','Rota','163','N'),('2688','Saipan','163','N'),('2689','Tinian','163','N'),('2690','Akershus','164','N'),('2691','Aust Agder','164','N'),('2692','Bergen','164','N'),('2693','Buskerud','164','N'),('2694','Finnmark','164','N'),('2695','Hedmark','164','N'),('2696','Hordaland','164','N'),('2697','Moere og Romsdal','164','N'),('2698','Nord Trondelag','164','N'),('2699','Nordland','164','N'),('2700','Oestfold','164','N'),('2701','Oppland','164','N'),('2702','Oslo','164','N'),('2703','Rogaland','164','N'),('2704','Soer Troendelag','164','N'),('2705','Sogn og Fjordane','164','N'),('2706','Stavern','164','N'),('2707','Sykkylven','164','N'),('2708','Telemark','164','N'),('2709','Troms','164','N'),('2710','Vest Agder','164','N'),('2711','Vestfold','164','N'),('2712','stfold','164','N'),('2713','Al Buraimi','165','N'),('2714','Dhufar','165','N'),('2715','Masqat','165','N'),('2716','Musandam','165','N'),('2717','Rusayl','165','N'),('2718','Wadi Kabir','165','N'),('2719','ad-Dakhiliyah','165','N'),('2720','adh-Dhahirah','165','N'),('2721','al-Batinah','165','N'),('2722','ash-Sharqiyah','165','N'),('2723','Baluchistan','166','N'),('2724','Federal Capital Area','166','N'),('2725','Federally administered Tribal ','166','N'),('2726','North-West Frontier','166','N'),('2727','Northern Areas','166','N'),('2728','Punjab','166','N'),('2729','Sind','166','N'),('2730','Aimeliik','167','N'),('2731','Airai','167','N'),('2732','Angaur','167','N'),('2733','Hatobohei','167','N'),('2734','Kayangel','167','N'),('2735','Koror','167','N'),('2736','Melekeok','167','N'),('2737','Ngaraard','167','N'),('2738','Ngardmau','167','N'),('2739','Ngaremlengui','167','N'),('2740','Ngatpang','167','N'),('2741','Ngchesar','167','N'),('2742','Ngerchelong','167','N'),('2743','Ngiwal','167','N'),('2744','Peleliu','167','N'),('2745','Sonsorol','167','N'),('2746','Ariha','168','N'),('2747','Bayt Lahm','168','N'),('2748','Bethlehem','168','N'),('2749','Dayr-al-Balah','168','N'),('2750','Ghazzah','168','N'),('2751','Ghazzah ash-Shamaliyah','168','N'),('2752','Janin','168','N'),('2753','Khan Yunis','168','N'),('2754','Nabulus','168','N'),('2755','Qalqilyah','168','N'),('2756','Rafah','168','N'),('2757','Ram Allah wal-Birah','168','N'),('2758','Salfit','168','N'),('2759','Tubas','168','N'),('2760','Tulkarm','168','N'),('2761','al-Khalil','168','N'),('2762','al-Quds','168','N'),('2763','Bocas del Toro','169','N'),('2764','Chiriqui','169','N'),('2765','Cocle','169','N'),('2766','Colon','169','N'),('2767','Darien','169','N'),('2768','Embera','169','N'),('2769','Herrera','169','N'),('2770','Kuna Yala','169','N'),('2771','Los Santos','169','N'),('2772','Ngobe Bugle','169','N'),('2773','Panama','169','N'),('2774','Veraguas','169','N'),('2775','East New Britain','170','N'),('2776','East Sepik','170','N'),('2777','Eastern Highlands','170','N'),('2778','Enga','170','N'),('2779','Fly River','170','N'),('2780','Gulf','170','N'),('2781','Madang','170','N'),('2782','Manus','170','N'),('2783','Milne Bay','170','N'),('2784','Morobe','170','N'),('2785','National Capital District','170','N'),('2786','New Ireland','170','N'),('2787','North Solomons','170','N'),('2788','Oro','170','N'),('2789','Sandaun','170','N'),('2790','Simbu','170','N'),('2791','Southern Highlands','170','N'),('2792','West New Britain','170','N'),('2793','Western Highlands','170','N'),('2794','Alto Paraguay','171','N'),('2795','Alto Parana','171','N'),('2796','Amambay','171','N'),('2797','Asuncion','171','N'),('2798','Boqueron','171','N'),('2799','Caaguazu','171','N'),('2800','Caazapa','171','N'),('2801','Canendiyu','171','N'),('2802','Central','171','N'),('2803','Concepcion','171','N'),('2804','Cordillera','171','N'),('2805','Guaira','171','N'),('2806','Itapua','171','N'),('2807','Misiones','171','N'),('2808','Neembucu','171','N'),('2809','Paraguari','171','N'),('2810','Presidente Hayes','171','N'),('2811','San Pedro','171','N'),('2812','Amazonas','172','N'),('2813','Ancash','172','N'),('2814','Apurimac','172','N'),('2815','Arequipa','172','N'),('2816','Ayacucho','172','N'),('2817','Cajamarca','172','N'),('2818','Cusco','172','N'),('2819','Huancavelica','172','N'),('2820','Huanuco','172','N'),('2821','Ica','172','N'),('2822','Junin','172','N'),('2823','La Libertad','172','N'),('2824','Lambayeque','172','N'),('2825','Lima y Callao','172','N'),('2826','Loreto','172','N'),('2827','Madre de Dios','172','N'),('2828','Moquegua','172','N'),('2829','Pasco','172','N'),('2830','Piura','172','N'),('2831','Puno','172','N'),('2832','San Martin','172','N'),('2833','Tacna','172','N'),('2834','Tumbes','172','N'),('2835','Ucayali','172','N'),('2836','Batangas','173','N'),('2837','Bicol','173','N'),('2838','Bulacan','173','N'),('2839','Cagayan','173','N'),('2840','Caraga','173','N'),('2841','Central Luzon','173','N'),('2842','Central Mindanao','173','N'),('2843','Central Visayas','173','N'),('2844','Cordillera','173','N'),('2845','Davao','173','N'),('2846','Eastern Visayas','173','N'),('2847','Greater Metropolitan Area','173','N'),('2848','Ilocos','173','N'),('2849','Laguna','173','N'),('2850','Luzon','173','N'),('2851','Mactan','173','N'),('2852','Metropolitan Manila Area','173','N'),('2853','Muslim Mindanao','173','N'),('2854','Northern Mindanao','173','N'),('2855','Southern Mindanao','173','N'),('2856','Southern Tagalog','173','N'),('2857','Western Mindanao','173','N'),('2858','Western Visayas','173','N'),('2859','Pitcairn Island','174','N'),('2860','Biale Blota','175','N'),('2861','Dobroszyce','175','N'),('2862','Dolnoslaskie','175','N'),('2863','Dziekanow Lesny','175','N'),('2864','Hopowo','175','N'),('2865','Kartuzy','175','N'),('2866','Koscian','175','N'),('2867','Krakow','175','N'),('2868','Kujawsko-Pomorskie','175','N'),('2869','Lodzkie','175','N'),('2870','Lubelskie','175','N'),('2871','Lubuskie','175','N'),('2872','Malomice','175','N'),('2873','Malopolskie','175','N'),('2874','Mazowieckie','175','N'),('2875','Mirkow','175','N'),('2876','Opolskie','175','N'),('2877','Ostrowiec','175','N'),('2878','Podkarpackie','175','N'),('2879','Podlaskie','175','N'),('2880','Polska','175','N'),('2881','Pomorskie','175','N'),('2882','Poznan','175','N'),('2883','Pruszkow','175','N'),('2884','Rymanowska','175','N'),('2885','Rzeszow','175','N'),('2886','Slaskie','175','N'),('2887','Stare Pole','175','N'),('2888','Swietokrzyskie','175','N'),('2889','Warminsko-Mazurskie','175','N'),('2890','Warsaw','175','N'),('2891','Wejherowo','175','N'),('2892','Wielkopolskie','175','N'),('2893','Wroclaw','175','N'),('2894','Zachodnio-Pomorskie','175','N'),('2895','Zukowo','175','N'),('2896','Abrantes','176','N'),('2897','Acores','176','N'),('2898','Alentejo','176','N'),('2899','Algarve','176','N'),('2900','Braga','176','N'),('2901','Centro','176','N'),('2902','Distrito de Leiria','176','N'),('2903','Distrito de Viana do Castelo','176','N'),('2904','Distrito de Vila Real','176','N'),('2905','Distrito do Porto','176','N'),('2906','Lisboa e Vale do Tejo','176','N'),('2907','Madeira','176','N'),('2908','Norte','176','N'),('2909','Paivas','176','N'),('2910','Arecibo','177','N'),('2911','Bayamon','177','N'),('2912','Carolina','177','N'),('2913','Florida','177','N'),('2914','Guayama','177','N'),('2915','Humacao','177','N'),('2916','Mayaguez-Aguadilla','177','N'),('2917','Ponce','177','N'),('2918','Salinas','177','N'),('2919','San Juan','177','N'),('2920','Doha','178','N'),('2921','Jarian-al-Batnah','178','N'),('2922','Umm Salal','178','N'),('2923','ad-Dawhah','178','N'),('2924','al-Ghuwayriyah','178','N'),('2925','al-Jumayliyah','178','N'),('2926','al-Khawr','178','N'),('2927','al-Wakrah','178','N'),('2928','ar-Rayyan','178','N'),('2929','ash-Shamal','178','N'),('2930','Saint-Benoit','179','N'),('2931','Saint-Denis','179','N'),('2932','Saint-Paul','179','N'),('2933','Saint-Pierre','179','N'),('2934','Alba','180','N'),('2935','Arad','180','N'),('2936','Arges','180','N'),('2937','Bacau','180','N'),('2938','Bihor','180','N'),('2939','Bistrita-Nasaud','180','N'),('2940','Botosani','180','N'),('2941','Braila','180','N'),('2942','Brasov','180','N'),('2943','Bucuresti','180','N'),('2944','Buzau','180','N'),('2945','Calarasi','180','N'),('2946','Caras-Severin','180','N'),('2947','Cluj','180','N'),('2948','Constanta','180','N'),('2949','Covasna','180','N'),('2950','Dambovita','180','N'),('2951','Dolj','180','N'),('2952','Galati','180','N'),('2953','Giurgiu','180','N'),('2954','Gorj','180','N'),('2955','Harghita','180','N'),('2956','Hunedoara','180','N'),('2957','Ialomita','180','N'),('2958','Iasi','180','N'),('2959','Ilfov','180','N'),('2960','Maramures','180','N'),('2961','Mehedinti','180','N'),('2962','Mures','180','N'),('2963','Neamt','180','N'),('2964','Olt','180','N'),('2965','Prahova','180','N'),('2966','Salaj','180','N'),('2967','Satu Mare','180','N'),('2968','Sibiu','180','N'),('2969','Sondelor','180','N'),('2970','Suceava','180','N'),('2971','Teleorman','180','N'),('2972','Timis','180','N'),('2973','Tulcea','180','N'),('2974','Valcea','180','N'),('2975','Vaslui','180','N'),('2976','Vrancea','180','N'),('2977','Adygeja','181','N'),('2978','Aga','181','N'),('2979','Alanija','181','N'),('2980','Altaj','181','N'),('2981','Amur','181','N'),('2982','Arhangelsk','181','N'),('2983','Astrahan','181','N'),('2984','Bashkortostan','181','N'),('2985','Belgorod','181','N'),('2986','Brjansk','181','N'),('2987','Burjatija','181','N'),('2988','Chechenija','181','N'),('2989','Cheljabinsk','181','N'),('2990','Chita','181','N'),('2991','Chukotka','181','N'),('2992','Chuvashija','181','N'),('2993','Dagestan','181','N'),('2994','Evenkija','181','N'),('2995','Gorno-Altaj','181','N'),('2996','Habarovsk','181','N'),('2997','Hakasija','181','N'),('2998','Hanty-Mansija','181','N'),('2999','Ingusetija','181','N'),('3000','Irkutsk','181','N'),('3001','Ivanovo','181','N'),('3002','Jamalo-Nenets','181','N'),('3003','Jaroslavl','181','N'),('3004','Jevrej','181','N'),('3005','Kabardino-Balkarija','181','N'),('3006','Kaliningrad','181','N'),('3007','Kalmykija','181','N'),('3008','Kaluga','181','N'),('3009','Kamchatka','181','N'),('3010','Karachaj-Cherkessija','181','N'),('3011','Karelija','181','N'),('3012','Kemerovo','181','N'),('3013','Khabarovskiy Kray','181','N'),('3014','Kirov','181','N'),('3015','Komi','181','N'),('3016','Komi-Permjakija','181','N'),('3017','Korjakija','181','N'),('3018','Kostroma','181','N'),('3019','Krasnodar','181','N'),('3020','Krasnojarsk','181','N'),('3021','Krasnoyarskiy Kray','181','N'),('3022','Kurgan','181','N'),('3023','Kursk','181','N'),('3024','Leningrad','181','N'),('3025','Lipeck','181','N'),('3026','Magadan','181','N'),('3027','Marij El','181','N'),('3028','Mordovija','181','N'),('3029','Moscow','181','N'),('3030','Moskovskaja Oblast','181','N'),('3031','Moskovskaya Oblast','181','N'),('3032','Moskva','181','N'),('3033','Murmansk','181','N'),('3034','Nenets','181','N'),('3035','Nizhnij Novgorod','181','N'),('3036','Novgorod','181','N'),('3037','Novokusnezk','181','N'),('3038','Novosibirsk','181','N'),('3039','Omsk','181','N'),('3040','Orenburg','181','N'),('3041','Orjol','181','N'),('3042','Penza','181','N'),('3043','Perm','181','N'),('3044','Primorje','181','N'),('3045','Pskov','181','N'),('3046','Pskovskaya Oblast','181','N'),('3047','Rjazan','181','N'),('3048','Rostov','181','N'),('3049','Saha','181','N'),('3050','Sahalin','181','N'),('3051','Samara','181','N'),('3052','Samarskaya','181','N'),('3053','Sankt-Peterburg','181','N'),('3054','Saratov','181','N'),('3055','Smolensk','181','N'),('3056','Stavropol','181','N'),('3057','Sverdlovsk','181','N'),('3058','Tajmyrija','181','N'),('3059','Tambov','181','N'),('3060','Tatarstan','181','N'),('3061','Tjumen','181','N'),('3062','Tomsk','181','N'),('3063','Tula','181','N'),('3064','Tver','181','N'),('3065','Tyva','181','N'),('3066','Udmurtija','181','N'),('3067','Uljanovsk','181','N'),('3068','Ulyanovskaya Oblast','181','N'),('3069','Ust-Orda','181','N'),('3070','Vladimir','181','N'),('3071','Volgograd','181','N'),('3072','Vologda','181','N'),('3073','Voronezh','181','N'),('3074','Butare','182','N'),('3075','Byumba','182','N'),('3076','Cyangugu','182','N'),('3077','Gikongoro','182','N'),('3078','Gisenyi','182','N'),('3079','Gitarama','182','N'),('3080','Kibungo','182','N'),('3081','Kibuye','182','N'),('3082','Kigali-ngali','182','N'),('3083','Ruhengeri','182','N'),('3084','Ascension','183','N'),('3085','Gough Island','183','N'),('3086','Saint Helena','183','N'),('3087','Tristan da Cunha','183','N'),('3088','Christ Church Nichola Town','184','N'),('3089','Saint Anne Sandy Point','184','N'),('3090','Saint George Basseterre','184','N'),('3091','Saint George Gingerland','184','N'),('3092','Saint James Windward','184','N'),('3093','Saint John Capesterre','184','N'),('3094','Saint John Figtree','184','N'),('3095','Saint Mary Cayon','184','N'),('3096','Saint Paul Capesterre','184','N'),('3097','Saint Paul Charlestown','184','N'),('3098','Saint Peter Basseterre','184','N'),('3099','Saint Thomas Lowland','184','N'),('3100','Saint Thomas Middle Island','184','N'),('3101','Trinity Palmetto Point','184','N'),('3102','Anse-la-Raye','185','N'),('3103','Canaries','185','N'),('3104','Castries','185','N'),('3105','Choiseul','185','N'),('3106','Dennery','185','N'),('3107','Gros Inlet','185','N'),('3108','Laborie','185','N'),('3109','Micoud','185','N'),('3110','Soufriere','185','N'),('3111','Vieux Fort','185','N'),('3112','Miquelon-Langlade','186','N'),('3113','Saint-Pierre','186','N'),('3114','Charlotte','187','N'),('3115','Grenadines','187','N'),('3116','Saint Andrew','187','N'),('3117','Saint David','187','N'),('3118','Saint George','187','N'),('3119','Saint Patrick','187','N'),('3120','A\'ana','188','N'),('3121','Aiga-i-le-Tai','188','N'),('3122','Atua','188','N'),('3123','Fa\'asaleleaga','188','N'),('3124','Gaga\'emauga','188','N'),('3125','Gagaifomauga','188','N'),('3126','Palauli','188','N'),('3127','Satupa\'itea','188','N'),('3128','Tuamasaga','188','N'),('3129','Va\'a-o-Fonoti','188','N'),('3130','Vaisigano','188','N'),('3131','Acquaviva','189','N'),('3132','Borgo Maggiore','189','N'),('3133','Chiesanuova','189','N'),('3134','Domagnano','189','N'),('3135','Faetano','189','N'),('3136','Fiorentino','189','N'),('3137','Montegiardino','189','N'),('3138','San Marino','189','N'),('3139','Serravalle','189','N'),('3140','Agua Grande','190','N'),('3141','Cantagalo','190','N'),('3142','Lemba','190','N'),('3143','Lobata','190','N'),('3144','Me-Zochi','190','N'),('3145','Pague','190','N'),('3146','Al Khobar','191','N'),('3147','Aseer','191','N'),('3148','Ash Sharqiyah','191','N'),('3149','Asir','191','N'),('3150','Central Province','191','N'),('3151','Eastern Province','191','N'),('3152','Ha\'il','191','N'),('3153','Jawf','191','N'),('3154','Jizan','191','N'),('3155','Makkah','191','N'),('3156','Najran','191','N'),('3157','Qasim','191','N'),('3158','Tabuk','191','N'),('3159','Western Province','191','N'),('3160','al-Bahah','191','N'),('3161','al-Hudud-ash-Shamaliyah','191','N'),('3162','al-Madinah','191','N'),('3163','ar-Riyad','191','N'),('3164','Dakar','192','N'),('3165','Diourbel','192','N'),('3166','Fatick','192','N'),('3167','Kaolack','192','N'),('3168','Kolda','192','N'),('3169','Louga','192','N'),('3170','Saint-Louis','192','N'),('3171','Tambacounda','192','N'),('3172','Thies','192','N'),('3173','Ziguinchor','192','N'),('3174','Central Serbia','193','N'),('3175','Kosovo and Metohija','193','N'),('3176','Vojvodina','193','N'),('3177','Anse Boileau','194','N'),('3178','Anse Royale','194','N'),('3179','Cascade','194','N'),('3180','Takamaka','194','N'),('3181','Victoria','194','N'),('3182','Eastern','195','N'),('3183','Northern','195','N'),('3184','Southern','195','N'),('3185','Western','195','N'),('3186','Singapore','196','N'),('3187','Banskobystricky','197','N'),('3188','Bratislavsky','197','N'),('3189','Kosicky','197','N'),('3190','Nitriansky','197','N'),('3191','Presovsky','197','N'),('3192','Trenciansky','197','N'),('3193','Trnavsky','197','N'),('3194','Zilinsky','197','N'),('3195','Benedikt','198','N'),('3196','Gorenjska','198','N'),('3197','Gorishka','198','N'),('3198','Jugovzhodna Slovenija','198','N'),('3199','Koroshka','198','N'),('3200','Notranjsko-krashka','198','N'),('3201','Obalno-krashka','198','N'),('3202','Obcina Domzale','198','N'),('3203','Obcina Vitanje','198','N'),('3204','Osrednjeslovenska','198','N'),('3205','Podravska','198','N'),('3206','Pomurska','198','N'),('3207','Savinjska','198','N'),('3208','Slovenian Littoral','198','N'),('3209','Spodnjeposavska','198','N'),('3210','Zasavska','198','N'),('3211','Pitcairn','199','N'),('3212','Central','200','N'),('3213','Choiseul','200','N'),('3214','Guadalcanal','200','N'),('3215','Isabel','200','N'),('3216','Makira and Ulawa','200','N'),('3217','Malaita','200','N'),('3218','Rennell and Bellona','200','N'),('3219','Temotu','200','N'),('3220','Western','200','N'),('3221','Awdal','201','N'),('3222','Bakol','201','N'),('3223','Banadir','201','N'),('3224','Bari','201','N'),('3225','Bay','201','N'),('3226','Galgudug','201','N'),('3227','Gedo','201','N'),('3228','Hiran','201','N'),('3229','Jubbada Hose','201','N'),('3230','Jubbadha Dexe','201','N'),('3231','Mudug','201','N'),('3232','Nugal','201','N'),('3233','Sanag','201','N'),('3234','Shabellaha Dhexe','201','N'),('3235','Shabellaha Hose','201','N'),('3236','Togdher','201','N'),('3237','Woqoyi Galbed','201','N'),('3238','Eastern Cape','202','N'),('3239','Free State','202','N'),('3240','Gauteng','202','N'),('3241','Kempton Park','202','N'),('3242','Kramerville','202','N'),('3243','KwaZulu Natal','202','N'),('3244','Limpopo','202','N'),('3245','Mpumalanga','202','N'),('3246','North West','202','N'),('3247','Northern Cape','202','N'),('3248','Parow','202','N'),('3249','Table View','202','N'),('3250','Umtentweni','202','N'),('3251','Western Cape','202','N'),('3252','South Georgia','203','N'),('3253','Central Equatoria','204','N'),('3254','A Coruna','205','N'),('3255','Alacant','205','N'),('3256','Alava','205','N'),('3257','Albacete','205','N'),('3258','Almeria','205','N'),('3259','Andalucia','205','N'),('3260','Asturias','205','N'),('3261','Avila','205','N'),('3262','Badajoz','205','N'),('3263','Balears','205','N'),('3264','Barcelona','205','N'),('3265','Bertamirans','205','N'),('3266','Biscay','205','N'),('3267','Burgos','205','N'),('3268','Caceres','205','N'),('3269','Cadiz','205','N'),('3270','Cantabria','205','N'),('3271','Castello','205','N'),('3272','Catalunya','205','N'),('3273','Ceuta','205','N'),('3274','Ciudad Real','205','N'),('3275','Comunidad Autonoma de Canarias','205','N'),('3276','Comunidad Autonoma de Cataluna','205','N'),('3277','Comunidad Autonoma de Galicia','205','N'),('3278','Comunidad Autonoma de las Isla','205','N'),('3279','Comunidad Autonoma del Princip','205','N'),('3280','Comunidad Valenciana','205','N'),('3281','Cordoba','205','N'),('3282','Cuenca','205','N'),('3283','Gipuzkoa','205','N'),('3284','Girona','205','N'),('3285','Granada','205','N'),('3286','Guadalajara','205','N'),('3287','Guipuzcoa','205','N'),('3288','Huelva','205','N'),('3289','Huesca','205','N'),('3290','Jaen','205','N'),('3291','La Rioja','205','N'),('3292','Las Palmas','205','N'),('3293','Leon','205','N'),('3294','Lerida','205','N'),('3295','Lleida','205','N'),('3296','Lugo','205','N'),('3297','Madrid','205','N'),('3298','Malaga','205','N'),('3299','Melilla','205','N'),('3300','Murcia','205','N'),('3301','Navarra','205','N'),('3302','Ourense','205','N'),('3303','Pais Vasco','205','N'),('3304','Palencia','205','N'),('3305','Pontevedra','205','N'),('3306','Salamanca','205','N'),('3307','Santa Cruz de Tenerife','205','N'),('3308','Segovia','205','N'),('3309','Sevilla','205','N'),('3310','Soria','205','N'),('3311','Tarragona','205','N'),('3312','Tenerife','205','N'),('3313','Teruel','205','N'),('3314','Toledo','205','N'),('3315','Valencia','205','N'),('3316','Valladolid','205','N'),('3317','Vizcaya','205','N'),('3318','Zamora','205','N'),('3319','Zaragoza','205','N'),('3320','Amparai','206','N'),('3321','Anuradhapuraya','206','N'),('3322','Badulla','206','N'),('3323','Boralesgamuwa','206','N'),('3324','Colombo','206','N'),('3325','Galla','206','N'),('3326','Gampaha','206','N'),('3327','Hambantota','206','N'),('3328','Kalatura','206','N'),('3329','Kegalla','206','N'),('3330','Kilinochchi','206','N'),('3331','Kurunegala','206','N'),('3332','Madakalpuwa','206','N'),('3333','Maha Nuwara','206','N'),('3334','Malwana','206','N'),('3335','Mannarama','206','N'),('3336','Matale','206','N'),('3337','Matara','206','N'),('3338','Monaragala','206','N'),('3339','Mullaitivu','206','N'),('3340','North Eastern Province','206','N'),('3341','North Western Province','206','N'),('3342','Nuwara Eliya','206','N'),('3343','Polonnaruwa','206','N'),('3344','Puttalama','206','N'),('3345','Ratnapuraya','206','N'),('3346','Southern Province','206','N'),('3347','Tirikunamalaya','206','N'),('3348','Tuscany','206','N'),('3349','Vavuniyawa','206','N'),('3350','Western Province','206','N'),('3351','Yapanaya','206','N'),('3352','kadawatha','206','N'),('3353','A\'ali-an-Nil','207','N'),('3354','Bahr-al-Jabal','207','N'),('3355','Central Equatoria','207','N'),('3356','Gharb Bahr-al-Ghazal','207','N'),('3357','Gharb Darfur','207','N'),('3358','Gharb Kurdufan','207','N'),('3359','Gharb-al-Istiwa\'iyah','207','N'),('3360','Janub Darfur','207','N'),('3361','Janub Kurdufan','207','N'),('3362','Junqali','207','N'),('3363','Kassala','207','N'),('3364','Nahr-an-Nil','207','N'),('3365','Shamal Bahr-al-Ghazal','207','N'),('3366','Shamal Darfur','207','N'),('3367','Shamal Kurdufan','207','N'),('3368','Sharq-al-Istiwa\'iyah','207','N'),('3369','Sinnar','207','N'),('3370','Warab','207','N'),('3371','Wilayat al Khartum','207','N'),('3372','al-Bahr-al-Ahmar','207','N'),('3373','al-Buhayrat','207','N'),('3374','al-Jazirah','207','N'),('3375','al-Khartum','207','N'),('3376','al-Qadarif','207','N'),('3377','al-Wahdah','207','N'),('3378','an-Nil-al-Abyad','207','N'),('3379','an-Nil-al-Azraq','207','N'),('3380','ash-Shamaliyah','207','N'),('3381','Brokopondo','208','N'),('3382','Commewijne','208','N'),('3383','Coronie','208','N'),('3384','Marowijne','208','N'),('3385','Nickerie','208','N'),('3386','Para','208','N'),('3387','Paramaribo','208','N'),('3388','Saramacca','208','N'),('3389','Wanica','208','N'),('3390','Svalbard','209','N'),('3391','Hhohho','210','N'),('3392','Lubombo','210','N'),('3393','Manzini','210','N'),('3394','Shiselweni','210','N'),('3395','Alvsborgs Lan','211','N'),('3396','Angermanland','211','N'),('3397','Blekinge','211','N'),('3398','Bohuslan','211','N'),('3399','Dalarna','211','N'),('3400','Gavleborg','211','N'),('3401','Gaza','211','N'),('3402','Gotland','211','N'),('3403','Halland','211','N'),('3404','Jamtland','211','N'),('3405','Jonkoping','211','N'),('3406','Kalmar','211','N'),('3407','Kristianstads','211','N'),('3408','Kronoberg','211','N'),('3409','Norrbotten','211','N'),('3410','Orebro','211','N'),('3411','Ostergotland','211','N'),('3412','Saltsjo-Boo','211','N'),('3413','Skane','211','N'),('3414','Smaland','211','N'),('3415','Sodermanland','211','N'),('3416','Stockholm','211','N'),('3417','Uppsala','211','N'),('3418','Varmland','211','N'),('3419','Vasterbotten','211','N'),('3420','Vastergotland','211','N'),('3421','Vasternorrland','211','N'),('3422','Vastmanland','211','N'),('3423','Vastra Gotaland','211','N'),('3424','Aargau','212','N'),('3425','Appenzell Inner-Rhoden','212','N'),('3426','Appenzell-Ausser Rhoden','212','N'),('3427','Basel-Landschaft','212','N'),('3428','Basel-Stadt','212','N'),('3429','Bern','212','N'),('3430','Canton Ticino','212','N'),('3431','Fribourg','212','N'),('3432','Geneve','212','N'),('3433','Glarus','212','N'),('3434','Graubunden','212','N'),('3435','Heerbrugg','212','N'),('3436','Jura','212','N'),('3437','Kanton Aargau','212','N'),('3438','Luzern','212','N'),('3439','Morbio Inferiore','212','N'),('3440','Muhen','212','N'),('3441','Neuchatel','212','N'),('3442','Nidwalden','212','N'),('3443','Obwalden','212','N'),('3444','Sankt Gallen','212','N'),('3445','Schaffhausen','212','N'),('3446','Schwyz','212','N'),('3447','Solothurn','212','N'),('3448','Thurgau','212','N'),('3449','Ticino','212','N'),('3450','Uri','212','N'),('3451','Valais','212','N'),('3452','Vaud','212','N'),('3453','Vauffelin','212','N'),('3454','Zug','212','N'),('3455','Zurich','212','N'),('3456','Aleppo','213','N'),('3457','Dar\'a','213','N'),('3458','Dayr-az-Zawr','213','N'),('3459','Dimashq','213','N'),('3460','Halab','213','N'),('3461','Hamah','213','N'),('3462','Hims','213','N'),('3463','Idlib','213','N'),('3464','Madinat Dimashq','213','N'),('3465','Tartus','213','N'),('3466','al-Hasakah','213','N'),('3467','al-Ladhiqiyah','213','N'),('3468','al-Qunaytirah','213','N'),('3469','ar-Raqqah','213','N'),('3470','as-Suwayda','213','N'),('3471','Changhwa','214','N'),('3472','Chiayi Hsien','214','N'),('3473','Chiayi Shih','214','N'),('3474','Eastern Taipei','214','N'),('3475','Hsinchu Hsien','214','N'),('3476','Hsinchu Shih','214','N'),('3477','Hualien','214','N'),('3478','Ilan','214','N'),('3479','Kaohsiung Hsien','214','N'),('3480','Kaohsiung Shih','214','N'),('3481','Keelung Shih','214','N'),('3482','Kinmen','214','N'),('3483','Miaoli','214','N'),('3484','Nantou','214','N'),('3485','Northern Taiwan','214','N'),('3486','Penghu','214','N'),('3487','Pingtung','214','N'),('3488','Taichung','214','N'),('3489','Taichung Hsien','214','N'),('3490','Taichung Shih','214','N'),('3491','Tainan Hsien','214','N'),('3492','Tainan Shih','214','N'),('3493','Taipei Hsien','214','N'),('3494','Taipei Shih / Taipei Hsien','214','N'),('3495','Taitung','214','N'),('3496','Taoyuan','214','N'),('3497','Yilan','214','N'),('3498','Yun-Lin Hsien','214','N'),('3499','Yunlin','214','N'),('3500','Dushanbe','215','N'),('3501','Gorno-Badakhshan','215','N'),('3502','Karotegin','215','N'),('3503','Khatlon','215','N'),('3504','Sughd','215','N'),('3505','Arusha','216','N'),('3506','Dar es Salaam','216','N'),('3507','Dodoma','216','N'),('3508','Iringa','216','N'),('3509','Kagera','216','N'),('3510','Kigoma','216','N'),('3511','Kilimanjaro','216','N'),('3512','Lindi','216','N'),('3513','Mara','216','N'),('3514','Mbeya','216','N'),('3515','Morogoro','216','N'),('3516','Mtwara','216','N'),('3517','Mwanza','216','N'),('3518','Pwani','216','N'),('3519','Rukwa','216','N'),('3520','Ruvuma','216','N'),('3521','Shinyanga','216','N'),('3522','Singida','216','N'),('3523','Tabora','216','N'),('3524','Tanga','216','N'),('3525','Zanzibar and Pemba','216','N'),('3526','Amnat Charoen','217','N'),('3527','Ang Thong','217','N'),('3528','Bangkok','217','N'),('3529','Buri Ram','217','N'),('3530','Chachoengsao','217','N'),('3531','Chai Nat','217','N'),('3532','Chaiyaphum','217','N'),('3533','Changwat Chaiyaphum','217','N'),('3534','Chanthaburi','217','N'),('3535','Chiang Mai','217','N'),('3536','Chiang Rai','217','N'),('3537','Chon Buri','217','N'),('3538','Chumphon','217','N'),('3539','Kalasin','217','N'),('3540','Kamphaeng Phet','217','N'),('3541','Kanchanaburi','217','N'),('3542','Khon Kaen','217','N'),('3543','Krabi','217','N'),('3544','Krung Thep','217','N'),('3545','Lampang','217','N'),('3546','Lamphun','217','N'),('3547','Loei','217','N'),('3548','Lop Buri','217','N'),('3549','Mae Hong Son','217','N'),('3550','Maha Sarakham','217','N'),('3551','Mukdahan','217','N'),('3552','Nakhon Nayok','217','N'),('3553','Nakhon Pathom','217','N'),('3554','Nakhon Phanom','217','N'),('3555','Nakhon Ratchasima','217','N'),('3556','Nakhon Sawan','217','N'),('3557','Nakhon Si Thammarat','217','N'),('3558','Nan','217','N'),('3559','Narathiwat','217','N'),('3560','Nong Bua Lam Phu','217','N'),('3561','Nong Khai','217','N'),('3562','Nonthaburi','217','N'),('3563','Pathum Thani','217','N'),('3564','Pattani','217','N'),('3565','Phangnga','217','N'),('3566','Phatthalung','217','N'),('3567','Phayao','217','N'),('3568','Phetchabun','217','N'),('3569','Phetchaburi','217','N'),('3570','Phichit','217','N'),('3571','Phitsanulok','217','N'),('3572','Phra Nakhon Si Ayutthaya','217','N'),('3573','Phrae','217','N'),('3574','Phuket','217','N'),('3575','Prachin Buri','217','N'),('3576','Prachuap Khiri Khan','217','N'),('3577','Ranong','217','N'),('3578','Ratchaburi','217','N'),('3579','Rayong','217','N'),('3580','Roi Et','217','N'),('3581','Sa Kaeo','217','N'),('3582','Sakon Nakhon','217','N'),('3583','Samut Prakan','217','N'),('3584','Samut Sakhon','217','N'),('3585','Samut Songkhran','217','N'),('3586','Saraburi','217','N'),('3587','Satun','217','N'),('3588','Si Sa Ket','217','N'),('3589','Sing Buri','217','N'),('3590','Songkhla','217','N'),('3591','Sukhothai','217','N'),('3592','Suphan Buri','217','N'),('3593','Surat Thani','217','N'),('3594','Surin','217','N'),('3595','Tak','217','N'),('3596','Trang','217','N'),('3597','Trat','217','N'),('3598','Ubon Ratchathani','217','N'),('3599','Udon Thani','217','N'),('3600','Uthai Thani','217','N'),('3601','Uttaradit','217','N'),('3602','Yala','217','N'),('3603','Yasothon','217','N'),('3604','Centre','218','N'),('3605','Kara','218','N'),('3606','Maritime','218','N'),('3607','Plateaux','218','N'),('3608','Savanes','218','N'),('3609','Atafu','219','N'),('3610','Fakaofo','219','N'),('3611','Nukunonu','219','N'),('3612','Eua','220','N'),('3613','Ha\'apai','220','N'),('3614','Niuas','220','N'),('3615','Tongatapu','220','N'),('3616','Vava\'u','220','N'),('3617','Arima-Tunapuna-Piarco','221','N'),('3618','Caroni','221','N'),('3619','Chaguanas','221','N'),('3620','Couva-Tabaquite-Talparo','221','N'),('3621','Diego Martin','221','N'),('3622','Glencoe','221','N'),('3623','Penal Debe','221','N'),('3624','Point Fortin','221','N'),('3625','Port of Spain','221','N'),('3626','Princes Town','221','N'),('3627','Saint George','221','N'),('3628','San Fernando','221','N'),('3629','San Juan','221','N'),('3630','Sangre Grande','221','N'),('3631','Siparia','221','N'),('3632','Tobago','221','N'),('3633','Aryanah','222','N'),('3634','Bajah','222','N'),('3635','Bin \'Arus','222','N'),('3636','Binzart','222','N'),('3637','Gouvernorat de Ariana','222','N'),('3638','Gouvernorat de Nabeul','222','N'),('3639','Gouvernorat de Sousse','222','N'),('3640','Hammamet Yasmine','222','N'),('3641','Jundubah','222','N'),('3642','Madaniyin','222','N'),('3643','Manubah','222','N'),('3644','Monastir','222','N'),('3645','Nabul','222','N'),('3646','Qabis','222','N'),('3647','Qafsah','222','N'),('3648','Qibili','222','N'),('3649','Safaqis','222','N'),('3650','Sfax','222','N'),('3651','Sidi Bu Zayd','222','N'),('3652','Silyanah','222','N'),('3653','Susah','222','N'),('3654','Tatawin','222','N'),('3655','Tawzar','222','N'),('3656','Tunis','222','N'),('3657','Zaghwan','222','N'),('3658','al-Kaf','222','N'),('3659','al-Mahdiyah','222','N'),('3660','al-Munastir','222','N'),('3661','al-Qasrayn','222','N'),('3662','al-Qayrawan','222','N'),('3663','Adana','223','N'),('3664','Adiyaman','223','N'),('3665','Afyon','223','N'),('3666','Agri','223','N'),('3667','Aksaray','223','N'),('3668','Amasya','223','N'),('3669','Ankara','223','N'),('3670','Antalya','223','N'),('3671','Ardahan','223','N'),('3672','Artvin','223','N'),('3673','Aydin','223','N'),('3674','Balikesir','223','N'),('3675','Bartin','223','N'),('3676','Batman','223','N'),('3677','Bayburt','223','N'),('3678','Bilecik','223','N'),('3679','Bingol','223','N'),('3680','Bitlis','223','N'),('3681','Bolu','223','N'),('3682','Burdur','223','N'),('3683','Bursa','223','N'),('3684','Canakkale','223','N'),('3685','Cankiri','223','N'),('3686','Corum','223','N'),('3687','Denizli','223','N'),('3688','Diyarbakir','223','N'),('3689','Duzce','223','N'),('3690','Edirne','223','N'),('3691','Elazig','223','N'),('3692','Erzincan','223','N'),('3693','Erzurum','223','N'),('3694','Eskisehir','223','N'),('3695','Gaziantep','223','N'),('3696','Giresun','223','N'),('3697','Gumushane','223','N'),('3698','Hakkari','223','N'),('3699','Hatay','223','N'),('3700','Icel','223','N'),('3701','Igdir','223','N'),('3702','Isparta','223','N'),('3703','Istanbul','223','N'),('3704','Izmir','223','N'),('3705','Kahramanmaras','223','N'),('3706','Karabuk','223','N'),('3707','Karaman','223','N'),('3708','Kars','223','N'),('3709','Karsiyaka','223','N'),('3710','Kastamonu','223','N'),('3711','Kayseri','223','N'),('3712','Kilis','223','N'),('3713','Kirikkale','223','N'),('3714','Kirklareli','223','N'),('3715','Kirsehir','223','N'),('3716','Kocaeli','223','N'),('3717','Konya','223','N'),('3718','Kutahya','223','N'),('3719','Lefkosa','223','N'),('3720','Malatya','223','N'),('3721','Manisa','223','N'),('3722','Mardin','223','N'),('3723','Mugla','223','N'),('3724','Mus','223','N'),('3725','Nevsehir','223','N'),('3726','Nigde','223','N'),('3727','Ordu','223','N'),('3728','Osmaniye','223','N'),('3729','Rize','223','N'),('3730','Sakarya','223','N'),('3731','Samsun','223','N'),('3732','Sanliurfa','223','N'),('3733','Siirt','223','N'),('3734','Sinop','223','N'),('3735','Sirnak','223','N'),('3736','Sivas','223','N'),('3737','Tekirdag','223','N'),('3738','Tokat','223','N'),('3739','Trabzon','223','N'),('3740','Tunceli','223','N'),('3741','Usak','223','N'),('3742','Van','223','N'),('3743','Yalova','223','N'),('3744','Yozgat','223','N'),('3745','Zonguldak','223','N'),('3746','Ahal','224','N'),('3747','Asgabat','224','N'),('3748','Balkan','224','N'),('3749','Dasoguz','224','N'),('3750','Lebap','224','N'),('3751','Mari','224','N'),('3752','Grand Turk','225','N'),('3753','South Caicos and East Caicos','225','N'),('3754','Funafuti','226','N'),('3755','Nanumanga','226','N'),('3756','Nanumea','226','N'),('3757','Niutao','226','N'),('3758','Nui','226','N'),('3759','Nukufetau','226','N'),('3760','Nukulaelae','226','N'),('3761','Vaitupu','226','N'),('3762','Central','227','N'),('3763','Eastern','227','N'),('3764','Northern','227','N'),('3765','Western','227','N'),('3766','Cherkas\'ka','228','N'),('3767','Chernihivs\'ka','228','N'),('3768','Chernivets\'ka','228','N'),('3769','Crimea','228','N'),('3770','Dnipropetrovska','228','N'),('3771','Donets\'ka','228','N'),('3772','Ivano-Frankivs\'ka','228','N'),('3773','Kharkiv','228','N'),('3774','Kharkov','228','N'),('3775','Khersonska','228','N'),('3776','Khmel\'nyts\'ka','228','N'),('3777','Kirovohrad','228','N'),('3778','Krym','228','N'),('3779','Kyyiv','228','N'),('3780','Kyyivs\'ka','228','N'),('3781','L\'vivs\'ka','228','N'),('3782','Luhans\'ka','228','N'),('3783','Mykolayivs\'ka','228','N'),('3784','Odes\'ka','228','N'),('3785','Odessa','228','N'),('3786','Poltavs\'ka','228','N'),('3787','Rivnens\'ka','228','N'),('3788','Sevastopol\'','228','N'),('3789','Sums\'ka','228','N'),('3790','Ternopil\'s\'ka','228','N'),('3791','Volyns\'ka','228','N'),('3792','Vynnyts\'ka','228','N'),('3793','Zakarpats\'ka','228','N'),('3794','Zaporizhia','228','N'),('3795','Zhytomyrs\'ka','228','N'),('3796','Abu Zabi','229','N'),('3797','Ajman','229','N'),('3798','Dubai','229','N'),('3799','Ras al-Khaymah','229','N'),('3800','Sharjah','229','N'),('3801','Sharjha','229','N'),('3802','Umm al Qaywayn','229','N'),('3803','al-Fujayrah','229','N'),('3804','ash-Shariqah','229','N'),('3805','Aberdeen','230','N'),('3806','Aberdeenshire','230','N'),('3807','Argyll','230','N'),('3808','Armagh','230','N'),('3809','Bedfordshire','230','N'),('3810','Belfast','230','N'),('3811','Berkshire','230','N'),('3812','Birmingham','230','N'),('3813','Brechin','230','N'),('3814','Bridgnorth','230','N'),('3815','Bristol','230','N'),('3816','Buckinghamshire','230','N'),('3817','Cambridge','230','N'),('3818','Cambridgeshire','230','N'),('3819','Channel Islands','230','N'),('3820','Cheshire','230','N'),('3821','Cleveland','230','N'),('3822','Co Fermanagh','230','N'),('3823','Conwy','230','N'),('3824','Cornwall','230','N'),('3825','Coventry','230','N'),('3826','Craven Arms','230','N'),('3827','Cumbria','230','N'),('3828','Denbighshire','230','N'),('3829','Derby','230','N'),('3830','Derbyshire','230','N'),('3831','Devon','230','N'),('3832','Dial Code Dungannon','230','N'),('3833','Didcot','230','N'),('3834','Dorset','230','N'),('3835','Dunbartonshire','230','N'),('3836','Durham','230','N'),('3837','East Dunbartonshire','230','N'),('3838','East Lothian','230','N'),('3839','East Midlands','230','N'),('3840','East Sussex','230','N'),('3841','East Yorkshire','230','N'),('3842','England','230','N'),('3843','Essex','230','N'),('3844','Fermanagh','230','N'),('3845','Fife','230','N'),('3846','Flintshire','230','N'),('3847','Fulham','230','N'),('3848','Gainsborough','230','N'),('3849','Glocestershire','230','N'),('3850','Gwent','230','N'),('3851','Hampshire','230','N'),('3852','Hants','230','N'),('3853','Herefordshire','230','N'),('3854','Hertfordshire','230','N'),('3855','Ireland','230','N'),('3856','Isle Of Man','230','N'),('3857','Isle of Wight','230','N'),('3858','Kenford','230','N'),('3859','Kent','230','N'),('3860','Kilmarnock','230','N'),('3861','Lanarkshire','230','N'),('3862','Lancashire','230','N'),('3863','Leicestershire','230','N'),('3864','Lincolnshire','230','N'),('3865','Llanymynech','230','N'),('3866','London','230','N'),('3867','Ludlow','230','N'),('3868','Manchester','230','N'),('3869','Mayfair','230','N'),('3870','Merseyside','230','N'),('3871','Mid Glamorgan','230','N'),('3872','Middlesex','230','N'),('3873','Mildenhall','230','N'),('3874','Monmouthshire','230','N'),('3875','Newton Stewart','230','N'),('3876','Norfolk','230','N'),('3877','North Humberside','230','N'),('3878','North Yorkshire','230','N'),('3879','Northamptonshire','230','N'),('3880','Northants','230','N'),('3881','Northern Ireland','230','N'),('3882','Northumberland','230','N'),('3883','Nottinghamshire','230','N'),('3884','Oxford','230','N'),('3885','Powys','230','N'),('3886','Roos-shire','230','N'),('3887','SUSSEX','230','N'),('3888','Sark','230','N'),('3889','Scotland','230','N'),('3890','Scottish Borders','230','N'),('3891','Shropshire','230','N'),('3892','Somerset','230','N'),('3893','South Glamorgan','230','N'),('3894','South Wales','230','N'),('3895','South Yorkshire','230','N'),('3896','Southwell','230','N'),('3897','Staffordshire','230','N'),('3898','Strabane','230','N'),('3899','Suffolk','230','N'),('3900','Surrey','230','N'),('3901','Sussex','230','N'),('3902','Twickenham','230','N'),('3903','Tyne and Wear','230','N'),('3904','Tyrone','230','N'),('3905','Utah','230','N'),('3906','Wales','230','N'),('3907','Warwickshire','230','N'),('3908','West Lothian','230','N'),('3909','West Midlands','230','N'),('3910','West Sussex','230','N'),('3911','West Yorkshire','230','N'),('3912','Whissendine','230','N'),('3913','Wiltshire','230','N'),('3914','Wokingham','230','N'),('3915','Worcestershire','230','N'),('3916','Wrexham','230','N'),('3917','Wurttemberg','230','N'),('3918','Yorkshire','230','N'),('3919','Alabama','231','N'),('3920','Alaska','231','N'),('3921','Arizona','231','N'),('3922','Arkansas','231','N'),('3923','Byram','231','N'),('3924','California','231','N'),('3925','Cokato','231','N'),('3926','Colorado','231','N'),('3927','Connecticut','231','N'),('3928','Delaware','231','N'),('3929','District of Columbia','231','N'),('3930','Florida','231','N'),('3931','Georgia','231','N'),('3932','Hawaii','231','N'),('3933','Idaho','231','N'),('3934','Illinois','231','N'),('3935','Indiana','231','N'),('3936','Iowa','231','N'),('3937','Kansas','231','N'),('3938','Kentucky','231','N'),('3939','Louisiana','231','N'),('3940','Lowa','231','N'),('3941','Maine','231','N'),('3942','Maryland','231','N'),('3943','Massachusetts','231','N'),('3944','Medfield','231','N'),('3945','Michigan','231','N'),('3946','Minnesota','231','N'),('3947','Mississippi','231','N'),('3948','Missouri','231','N'),('3949','Montana','231','N'),('3950','Nebraska','231','N'),('3951','Nevada','231','N'),('3952','New Hampshire','231','N'),('3953','New Jersey','231','N'),('3954','New Jersy','231','N'),('3955','New Mexico','231','N'),('3956','New York','231','N'),('3957','North Carolina','231','N'),('3958','North Dakota','231','N'),('3959','Ohio','231','N'),('3960','Oklahoma','231','N'),('3961','Ontario','231','N'),('3962','Oregon','231','N'),('3963','Pennsylvania','231','N'),('3964','Ramey','231','N'),('3965','Rhode Island','231','N'),('3966','South Carolina','231','N'),('3967','South Dakota','231','N'),('3968','Sublimity','231','N'),('3969','Tennessee','231','N'),('3970','Texas','231','N'),('3971','Trimble','231','N'),('3972','Utah','231','N'),('3973','Vermont','231','N'),('3974','Virginia','231','N'),('3975','Washington','231','N'),('3976','West Virginia','231','N'),('3977','Wisconsin','231','N'),('3978','Wyoming','231','N'),('3979','United States Minor Outlying I','232','N'),('3980','Artigas','233','N'),('3981','Canelones','233','N'),('3982','Cerro Largo','233','N'),('3983','Colonia','233','N'),('3984','Durazno','233','N'),('3985','FLorida','233','N'),('3986','Flores','233','N'),('3987','Lavalleja','233','N'),('3988','Maldonado','233','N'),('3989','Montevideo','233','N'),('3990','Paysandu','233','N'),('3991','Rio Negro','233','N'),('3992','Rivera','233','N'),('3993','Rocha','233','N'),('3994','Salto','233','N'),('3995','San Jose','233','N'),('3996','Soriano','233','N'),('3997','Tacuarembo','233','N'),('3998','Treinta y Tres','233','N'),('3999','Andijon','234','N'),('4000','Buhoro','234','N'),('4001','Buxoro Viloyati','234','N'),('4002','Cizah','234','N'),('4003','Fargona','234','N'),('4004','Horazm','234','N'),('4005','Kaskadar','234','N'),('4006','Korakalpogiston','234','N'),('4007','Namangan','234','N'),('4008','Navoi','234','N'),('4009','Samarkand','234','N'),('4010','Sirdare','234','N'),('4011','Surhondar','234','N'),('4012','Toskent','234','N'),('4013','Malampa','235','N'),('4014','Penama','235','N'),('4015','Sanma','235','N'),('4016','Shefa','235','N'),('4017','Tafea','235','N'),('4018','Torba','235','N'),('4019','Vatican City State (Holy See)','236','N'),('4020','Amazonas','237','N'),('4021','Anzoategui','237','N'),('4022','Apure','237','N'),('4023','Aragua','237','N'),('4024','Barinas','237','N'),('4025','Bolivar','237','N'),('4026','Carabobo','237','N'),('4027','Cojedes','237','N'),('4028','Delta Amacuro','237','N'),('4029','Distrito Federal','237','N'),('4030','Falcon','237','N'),('4031','Guarico','237','N'),('4032','Lara','237','N'),('4033','Merida','237','N'),('4034','Miranda','237','N'),('4035','Monagas','237','N'),('4036','Nueva Esparta','237','N'),('4037','Portuguesa','237','N'),('4038','Sucre','237','N'),('4039','Tachira','237','N'),('4040','Trujillo','237','N'),('4041','Vargas','237','N'),('4042','Yaracuy','237','N'),('4043','Zulia','237','N'),('4044','Bac Giang','238','N'),('4045','Binh Dinh','238','N'),('4046','Binh Duong','238','N'),('4047','Da Nang','238','N'),('4048','Dong Bang Song Cuu Long','238','N'),('4049','Dong Bang Song Hong','238','N'),('4050','Dong Nai','238','N'),('4051','Dong Nam Bo','238','N'),('4052','Duyen Hai Mien Trung','238','N'),('4053','Hanoi','238','N'),('4054','Hung Yen','238','N'),('4055','Khu Bon Cu','238','N'),('4056','Long An','238','N'),('4057','Mien Nui Va Trung Du','238','N'),('4058','Thai Nguyen','238','N'),('4059','Thanh Pho Ho Chi Minh','238','N'),('4060','Thu Do Ha Noi','238','N'),('4061','Tinh Can Tho','238','N'),('4062','Tinh Da Nang','238','N'),('4063','Tinh Gia Lai','238','N'),('4064','Anegada','239','N'),('4065','Jost van Dyke','239','N'),('4066','Tortola','239','N'),('4067','Saint Croix','240','N'),('4068','Saint John','240','N'),('4069','Saint Thomas','240','N'),('4070','Alo','241','N'),('4071','Singave','241','N'),('4072','Wallis','241','N'),('4073','Bu Jaydur','242','N'),('4074','Wad-adh-Dhahab','242','N'),('4075','al-\'Ayun','242','N'),('4076','as-Samarah','242','N'),('4077','\'Adan','243','N'),('4078','Abyan','243','N'),('4079','Dhamar','243','N'),('4080','Hadramaut','243','N'),('4081','Hajjah','243','N'),('4082','Hudaydah','243','N'),('4083','Ibb','243','N'),('4084','Lahij','243','N'),('4085','Ma\'rib','243','N'),('4086','Madinat San\'a','243','N'),('4087','Sa\'dah','243','N'),('4088','Sana','243','N'),('4089','Shabwah','243','N'),('4090','Ta\'izz','243','N'),('4091','al-Bayda','243','N'),('4092','al-Hudaydah','243','N'),('4093','al-Jawf','243','N'),('4094','al-Mahrah','243','N'),('4095','al-Mahwit','243','N'),('4096','Central Serbia','244','N'),('4097','Kosovo and Metohija','244','N'),('4098','Montenegro','244','N'),('4099','Republic of Serbia','244','N'),('4100','Serbia','244','N'),('4101','Vojvodina','244','N'),('4102','Central','245','N'),('4103','Copperbelt','245','N'),('4104','Eastern','245','N'),('4105','Luapala','245','N'),('4106','Lusaka','245','N'),('4107','North-Western','245','N'),('4108','Northern','245','N'),('4109','Southern','245','N'),('4110','Western','245','N'),('4111','Bulawayo','246','N'),('4112','Harare','246','N'),('4113','Manicaland','246','N'),('4114','Mashonaland Central','246','N'),('4115','Mashonaland East','246','N'),('4116','Mashonaland West','246','N'),('4117','Masvingo','246','N'),('4118','Matabeleland North','246','N'),('4119','Matabeleland South','246','N'),('4120','Midlands','246','N'),('4121','Bangladesh','18','Y');

/*Table structure for table `student_master` */

CREATE TABLE `student_master` (
  `student_id` int(10) NOT NULL AUTO_INCREMENT,
  `reg_no` varchar(255) DEFAULT NULL,
  `form_sl_no` varchar(255) DEFAULT NULL,
  `admission_dt` datetime DEFAULT NULL,
  `dob` datetime DEFAULT NULL,
  `account_id` int(10) NOT NULL,
  `name` varchar(255) DEFAULT NULL,
  `gender_id` int(10) DEFAULT NULL,
  `blood_gr_id` int(10) DEFAULT NULL,
  `caste_id` int(10) DEFAULT NULL,
  `religion_id` int(10) DEFAULT NULL,
  `father_name` varchar(255) DEFAULT NULL,
  `father_contact_no` varchar(25) DEFAULT NULL,
  `father_occupation_id` int(10) DEFAULT NULL,
  `fathers_income` varchar(255) DEFAULT NULL,
  `mother_name` varchar(255) DEFAULT NULL,
  `mother_contact_no` varchar(25) DEFAULT NULL,
  `mother_occupation_id` int(10) DEFAULT NULL,
  `mother_income` varchar(255) DEFAULT NULL,
  `guardian_name` varchar(225) DEFAULT NULL,
  `relationship_id` int(10) DEFAULT NULL,
  `present_area` varchar(255) DEFAULT NULL,
  `present_town` varchar(255) DEFAULT NULL,
  `present_po` varchar(255) DEFAULT NULL,
  `present_ps` varchar(255) DEFAULT NULL,
  `present_pin` varchar(20) DEFAULT NULL,
  `present_state_id` int(10) DEFAULT NULL,
  `present_dist_id` int(10) DEFAULT NULL,
  `area` varchar(255) DEFAULT NULL,
  `town` varchar(255) DEFAULT NULL,
  `post_office` varchar(255) DEFAULT NULL COMMENT 'Post Office',
  `police_station` varchar(255) DEFAULT NULL COMMENT 'Police Station',
  `pin_code` varchar(255) DEFAULT NULL,
  `state_id` int(10) DEFAULT NULL,
  `dist_id` int(10) DEFAULT NULL,
  `is_file_uploaded` enum('Y','N') DEFAULT NULL,
  `created_by` int(10) DEFAULT NULL,
  `is_active` tinyint(10) DEFAULT NULL,
  `created_on` timestamp NULL DEFAULT CURRENT_TIMESTAMP,
  `last_modified` datetime DEFAULT NULL,
  PRIMARY KEY (`student_id`),
  UNIQUE KEY `reg_no` (`reg_no`)
) ENGINE=InnoDB AUTO_INCREMENT=145 DEFAULT CHARSET=utf8;

/*Data for the table `student_master` */

insert  into `student_master`(`student_id`,`reg_no`,`form_sl_no`,`admission_dt`,`dob`,`account_id`,`name`,`gender_id`,`blood_gr_id`,`caste_id`,`religion_id`,`father_name`,`father_contact_no`,`father_occupation_id`,`fathers_income`,`mother_name`,`mother_contact_no`,`mother_occupation_id`,`mother_income`,`guardian_name`,`relationship_id`,`present_area`,`present_town`,`present_po`,`present_ps`,`present_pin`,`present_state_id`,`present_dist_id`,`area`,`town`,`post_office`,`police_station`,`pin_code`,`state_id`,`dist_id`,`is_file_uploaded`,`created_by`,`is_active`,`created_on`,`last_modified`) values ('25','NVA/008/1901','NVA/008/1901','2018-11-08 00:00:00','2016-07-07 00:00:00','24','Hreet Sardar','1','0',NULL,NULL,'Tarak Sardar','9830211757','5','','PIYALI SARDAR','6290561948','6','','Tarak Sardar','1','SARSUNA BAGPOTA MAIN ROAD','KOLKATA','SARSUNA BAGPOTA','SARSUNA','700061','41','28','SARSUNA BAGPOTA MAIN ROAD','KOLKATA','SARSUNA BAGPOTA','SARSUNA','700061','41','28','Y','1','1','2019-01-29 08:17:37',NULL),('26','NVA/008/1902','NVA/008/1902','2018-11-19 00:00:00','2016-08-06 00:00:00','25','Ritika Sha','2','0',NULL,NULL,'Dilip Sha','7044522480','4','','RINA SHA','7278603682','6','','Dilip Sha','1','SARSUNA BAGPOTA RD PALANER MORE','KOLKATA','SARSUNA BAGPOTA','SARSUNA','700061','41','28','SARSUNA BAGPOTA RD PALANER MORE','KOLKATA','SARSUNA BAGPOTA','SARSUNA','700061','41','28','Y','1','1','2019-01-29 08:28:11',NULL),('27','NVA/008/1903','NVA/008/1903','2018-11-19 00:00:00','2016-03-31 00:00:00','26','Meyan Sardar','1','0',NULL,NULL,'Surajit Sardar','9830873277','5','','Nilima Sardar','','6','','Surajit Sardar','1','Sarsuna Bagpota,Purba Para,Ashuti-2','Kolkata','Sarsuna Bagpota','Sarsuna','700061','41','28','Sarsuna Bagpota,Purba Para,Ashuti-2','Kolkata','Sarsuna Bagpota','Sarsuna','700061','41','28','Y','1','1','2019-01-29 08:41:01',NULL),('29','NVA/008/1904','NVA/008/1904','2018-11-27 00:00:00','2010-10-31 00:00:00','28','Subhajit Kayal','1','0',NULL,NULL,'Bhola Kayal','9830037118','0','','Sharmila Kayal','','0','','Bhola Kayal','1','1A/1 Ram Gopal Paul Road,Sarsuna','Kolkata','Sarsuna','Sarsuna','700061','41','28','1A/1 Ram Gopal Paul Road,Sarsuna','Kolkata','Sarsuna','Sarsuna','700061','41','28','Y','1','1','2019-01-30 05:54:35',NULL),('30','NVA/008/1905','NVA/008/1905','2018-12-20 00:00:00','2012-06-27 00:00:00','29','Aniket Gupta','1','0',NULL,NULL,'Ajay Gupta','8777677965','0','','Sova Gupta','6290535263','0','','Ajay Gupta','1','77 Kailash Ghosh Road','Kolkata','Barisha','Haridevpur','700008','41','28','77 Kailash Ghosh Road','Kolkata','Barisha','Haridevpur','700008','41','28','Y','1','1','2019-01-30 06:06:15',NULL),('31','NVA/008/1906','NVA/008/1906','2018-11-30 00:00:00','2009-04-05 00:00:00','30','Raj Gupta','1','0',NULL,NULL,'Ajay Gupta','8777677965','0','','Sova Gupta','','0','','Ajay Gupta','1','','','','','','41','0','','','','','','41','0','Y','1','1','2019-01-30 06:11:34',NULL),('32','NVA/008/1907','NVA/008/1907','2018-12-03 00:00:00','2011-12-15 00:00:00','31','Arpita Naskar','2','0',NULL,NULL,'Parmeswar Naskar','8620046773','5','Rs.20000 P/M','Anuradha Naskar','6290720423','4','Rs.7000 P/M','Parmeswar Naskar','1','33 Bagpota Road,Devinagar,Sarsuna','Kolkata','Sarsuna','Sarsuna','700061','41','28','33 Bagpota Road,Devinagar,Sarsuna','Kolkata','Sarsuna','Sarsuna','700061','41','28','Y','1','1','2019-01-30 06:20:24',NULL),('33','NVA/008/1908','NVA/008/1908','2018-12-06 00:00:00','2015-04-07 00:00:00','32','Shreyan Nath','1','0',NULL,NULL,'Subhendu Nath','9831414743','4','','Shyamali Nath','9123957958','0','','Subhendu Nath','1','46,Sarsuna Main Road','Kolkata','Sarsuna','Sarsuna','700061','41','28','46,Sarsuna Main Road','Kolkata','Sarsuna','Sarsuna','700061','41','28','Y','1','1','2019-01-30 07:16:24',NULL),('34','NVA/008/1909','NVA/008/1909','2018-12-08 00:00:00','2015-06-14 00:00:00','33','Adrija Biswas','2','0',NULL,NULL,'Samapta Biswas','8391846457','4','Rs.25000 P/M','Rumpa Biswas','6291918912','6','','Samapta Biswas','1','119,Sonamukhi Main Road','Kolkata','Sarsuna','Sarsuna','700061','41','28','119,Sonamukhi Main Road','Kolkata','Sarsuna','Sarsuna','700061','41','28','Y','1','1','2019-01-30 07:47:14',NULL),('35','NVA/008/1910','NVA/008/1910','2018-12-10 00:00:00','2011-05-19 00:00:00','34','Barsha Mondal','2','0',NULL,NULL,'Debasis Mondal','9007566800','4','','Mamoni Mondal','7044024545','4','','Debasis Mondal','1','20G,Sarsuna Sonamukhi Road,Naskar Para','Kolkata','Sarsuna','Sarsuna','700061','41','28','20G,Sarsuna Sonamukhi Road,Naskar Para','Kolkata','Sarsuna','Sarsuna','700061','41','28','Y','1','1','2019-01-30 07:54:57',NULL),('36','NVA/008/1911','NVA/008/1911','2018-12-10 00:00:00','2015-01-22 00:00:00','35','Prapti Halder','2','0',NULL,NULL,'Pradip Halder','9038959269','5','Rs.25000 P/M','Ashima Halder','8240161422','6','','Pradip Halder','1','23/B,Mahendra Road','Kolkata','','','700025','41','0','23/B,Mahendra Road','Kolkata','','','700025','41','0','Y','1','1','2019-01-30 08:01:08',NULL),('37','NVA/008/1912','NVA/008/1912','2018-12-10 00:00:00','2015-05-06 00:00:00','36','Shraddha Singh','2','0','0','1','Ranjit Singh','9001717098','5','Rs.15000 P/M','Dolly Sing','9051164818','6','','Ranjit Singh','1','298,Bagpota Road Sathinagar Sarsuna','Kolkata','Sarsuna','Sarsuna','700061','41','28','298,Bagpota Road Sathinagar Sarsuna ','Kolkata','Sarsuna','Sarsuna','700061','41','28','N','1','1','2019-01-30 08:11:06',NULL),('38','NVA/008/1913','NVA/008/1913','2018-12-11 00:00:00','2012-10-08 00:00:00','37','Anuradha Sikder','2','0',NULL,NULL,'Purnendu Sikder','9831818847','5','Rs.30000 P/M','Suparna Sikder','','6','','Purnendu Sikder','1','7A/3, Shantinagar Bagpota Road Sarsuna','Kolkata','Sarsuna','Sarsuna','700061','41','28','7A/3, Shantinagar Bagpota Road Sarsuna ','Kolkata','Sarsuna','Sarsuna','700061','41','28','Y','1','1','2019-01-30 08:21:32',NULL),('39','NVA/008/1914','NVA/008/1914','2018-11-28 00:00:00','2008-05-19 00:00:00','38','Sagar Kumar Shaw','1','0',NULL,NULL,'Dilip Shaw','9748951981','5','','Indu Shaw','8420759069','0','','Dilip Shaw','1','Bagpota , Sonamukhi Link Road Gitanjali Park','Kolkata','Sarsuna','Sarsuna','700084','41','28','Bagpota , Sonamukhi Link Road Gitanjali Park ','Kolkata','Sarsuna','Sarsuna','700084','41','28','Y','1','1','2019-01-30 08:29:02',NULL),('40','NVA/008/1915','NVA/008/1915','2018-11-28 00:00:00','2006-09-07 00:00:00','39','Nandini Kumari Shaw','2','0',NULL,NULL,'Dilip Shaw','9748951981','5','','Indu Shaw','8420759069','0','','Dilip Shaw','1','Bagpota , Sonamukhi Link Road Gitanjali Park','Kolkata','Sarsuna','Sarsuna','700084','41','28','Bagpota , Sonamukhi Link Road Gitanjali Park ','Kolkata','Sarsuna','Sarsuna','700084','41','28','Y','1','1','2019-01-30 08:35:22',NULL),('41','NVA/008/1916','NVA/008/1916','2018-12-12 00:00:00','2011-07-25 00:00:00','40','Anuvhab Sardar','1','0',NULL,NULL,'Ganesh Sardar','9836650489','5','Rs.20000 P/M','Soma Sarder','6290877122','6','','Ganesh Sardar','1','60A/5, Bagpota Road','Kolkata','Sarsuna','Sarsuna','700061','41','28','60A/5, Bagpota Road ','Kolkata','Sarsuna','Sarsuna','700061','41','28','Y','1','1','2019-01-30 08:41:23',NULL),('42','NVA/008/1917','NVA/008/1917','2018-12-12 00:00:00','2015-11-26 00:00:00','41','Soumallo Aditya','1','0',NULL,NULL,'Manoj Aditya','9123757442','5','','Sunanda Aditya','9674010778','0','','Manoj Aditya','1','Y32/3, Bagpota Road Khudiram Pally Sarsuna','Kolkata','Sarsuna','Sarsuna','700061','41','28','Y32/3, Bagpota Road Khudiram Pally Sarsuna ','Kolkata','Sarsuna','Sarsuna','700061','41','28','Y','1','1','2019-01-30 08:47:35',NULL),('43','NVA/008/1918','NVA/008/1918','2018-12-14 00:00:00','2011-11-21 00:00:00','42','Somosree Mondal','2','0',NULL,NULL,'Samir Mondal','9831526776','5','Rs.30000 P/M','Mousumi Mondal','9874795326','1','Rs.10000 P/M','Samir Mondal','1','55/1, Sarsuna Jadav Ghosh Road','Kolkata','Sarsuna','Sarsuna','700061','41','28','55/1, Sarsuna Jadav Ghosh Road ','Kolkata','Sarsuna','Sarsuna','700061','41','28','Y','1','1','2019-01-30 09:24:34',NULL),('44','NVA/008/1919','NVA/008/1919','2018-12-15 00:00:00','2008-03-16 00:00:00','43','Avijit Dey','1','0','0','1','Biswajit Dey','9836319160','5','','Chitra Dey','6291749981','0','','Biswajit Dey','1','251, Green Park, Rakshit Para','Kolkata','Sarsuna','Sarsuna','700061','41','28','251, Green Park, Rakshit Para','Kolkata','Sarsuna','Sarsuna','700061','41','28','N','1','1','2019-01-30 09:30:47',NULL),('45','NVA/008/1920','NVA/008/1920','2018-12-19 00:00:00','2014-10-21 00:00:00','44','Ayesha Bose','2','0',NULL,NULL,'Rintu Bose','9674545005','0','','Durga Bose','7044633203','0','','Rintu Bose','1','C9A, Bulbul Park Natun Haat','Kolkata','Natunhat','Sarsuna','700061','41','28','C9A, Bulbul Park Natun Haat ','Kolkata','Natunhat','Sarsuna','700061','41','28','Y','1','1','2019-01-30 09:39:30',NULL),('46','NVA/008/1921','NVA/008/1921','2018-12-20 00:00:00','2010-01-01 00:00:00','45','Sayan Mistri','1','0',NULL,NULL,'Narottam Mistri','9830519289','5','Rs.20000 P/M','Shilpi Mistri','8334948707','6','','Narottam Mistri','1','Sarsuna, Sonamukhi Road, Vivekananda Pally','Kolkata','Sarsuna','Sarsuna','700061','41','28','Sarsuna, Sonamukhi Road, Vivekananda Pally ','Kolkata','Sarsuna','Sarsuna','700061','41','28','Y','1','1','2019-01-30 09:49:12',NULL),('47','NVA/008/1922','NVA/008/1922','2018-12-20 00:00:00','2014-11-07 00:00:00','46','Sraddhya Tripathi','2','0','0','1','Smriti Ranjan Tripathi','9831633937','5','','Rakhi Tripathi','9051029215','0','','Smriti Ranjan Tripathi','1','Bagpota Road Das Para Sarsuna','Kolkata','Sarsuna','Sarsuna','700061','41','28','Bagpota Road Das Para Sarsuna ','Kolkata','Sarsuna','Sarsuna','700061','41','28','N','1','1','2019-01-30 09:55:59',NULL),('48','NVA/008/1923','NVA/008/1923','2018-12-21 00:00:00','2009-05-29 00:00:00','47','Ashish Kumar Sah','1','0',NULL,NULL,'Pravin Kumar Sah','9804844593','5','','Subhita Sah','8017412674','6','','PRAVIN KUMAR SAH','1','260, BAGPOTA ROAD ,DAS PARA','Kolkata','Sarsuna','Sarsuna','700061','41','28','260, BAGPOTA ROAD ,DAS PARA ','Kolkata','Sarsuna','Sarsuna','700061','41','28','Y','1','1','2019-01-30 10:01:18',NULL),('49','NVA/008/1924','NVA/008/1924','2018-12-21 00:00:00','2011-10-15 00:00:00','48','Shilpa Sah','2','0',NULL,NULL,'Pravin Kumar Sah','7003599311','5','','Subhita Sah','8017412674','6','','PRAVIN KUMAR SAH','1','260, BAGPOTA ROAD ,DAS PARA','Kolkata','Sarsuna','Sarsuna','700061','41','28','260, BAGPOTA ROAD ,DAS PARA ','Kolkata','Sarsuna','Sarsuna','700061','41','28','Y','1','1','2019-01-30 10:06:06',NULL),('50','NVA/008/1925','NVA/008/1925','2018-12-27 00:00:00','2011-08-25 00:00:00','49','Raunak Roy','1','0',NULL,NULL,'Satish Roy','9051921116','4','Rs.11765 P/M','Ranjana Roy','9874459621,7595822389','6','','Satish Roy','1','Kalaghchia Main Road ,LP-219/64/071','Kolkata','Kalaghchia','','700063','41','28','Kalaghchia Main Road ,LP-219/64/071','Kolkata','Kalaghchia','','700063','41','28','Y','1','1','2019-01-30 10:18:46',NULL),('51','NVA/008/1926','NVA/008/1926','2019-01-15 00:00:00','2009-04-08 00:00:00','50','Diptanshu Bhattacharjee','1','0',NULL,NULL,'Arup Bhattacharjee','8013820501','5','','Mahasweta Bhattacharjee','8013820501','0','','Mahasweta Bhattacharjee','2','4/1, Kalipur  Sakuntala Park Sarsuna','Kolkata','Sarsuna','Sarsuna','700061','41','28','4/1, Kalipur  Sakuntala Park Sarsuna ','Kolkata','Sarsuna','Sarsuna','700061','41','28','Y','1','1','2019-01-30 10:27:33',NULL),('52','NVA/008/1927','NVA/008/1927','2019-01-15 00:00:00','2009-04-08 00:00:00','51','Diptendu Bhattacharjee','1','0',NULL,NULL,'Arup Bhattacharjee','9836167110','5','','Mahasweta Bhattacharjee','8013820501','0','','Mahasweta Bhattacharjee','2','4/1, Kalipur  Sakuntala Park Sarsuna','Kolkata','Sarsuna','Sarsuna','700061','41','28','4/1, Kalipur  Sakuntala Park Sarsuna ','Kolkata','Sarsuna','Sarsuna','700061','41','28','Y','1','1','2019-01-30 10:32:16',NULL),('53','NVA/008/1928','NVA/008/1928','2019-01-04 00:00:00','2011-12-15 00:00:00','52','Ishan Biswas','1','0','0','1','Biswanath Biswas','8272984554','0','','Poppy Biswas','','0','','Biswanath Biswas','1','','','','','','41','0','','','','','','41','0','N','1','1','2019-01-30 10:37:11',NULL),('54','NVA/008/1929','NVA/008/1929','2019-01-04 00:00:00','2016-09-21 00:00:00','53','Divyanshi Ray','2','0',NULL,NULL,'Nitesh Ray','9874366395','5','Rs.20000 P/M','Annu Ray','8961185338','6','','Annu Ray','2','LP219/64/0/7,Kalagachia Main Road','Kolkata','Kalagachia','','700063','41','28','LP219/64/0/7,Kalagachia Main Road','Kolkata','Kalagachia','','700063','41','28','Y','1','1','2019-01-30 10:44:33',NULL),('55','NVA/008/1930','NVA/008/1930','2018-12-26 00:00:00','2012-11-30 00:00:00','54','Swarnadipta Kar','1','0',NULL,NULL,'Partha Kar','9330642560','4','Rs.20000 P/M','Tapati Kar','9830940210,8777864985','6','','Partha Kar','1','74C,. Biren Roy Road','Kolkata','','','700061','41','28','74C,. Biren Roy Road ','Kolkata','','','700061','41','28','Y','1','1','2019-01-30 10:49:34',NULL),('56','NVA/008/1931','NVA/008/1931','2019-01-09 00:00:00','2011-02-26 00:00:00','55','Rupam Ghosh','1','0',NULL,NULL,'Raju Ghosh','9831331057','5','Rs.15000 P/M','Juthika Ghosh','7980974370,8777548898','6','','Raju Ghosh','1','80/5 Sarsuna Jadab Ghosh Road','Kolkata','Sarsuna','Sarsuna','700061','41','28','80/5 Sarsuna Jadab Ghosh Road ','Kolkata','Sarsuna','Sarsuna','700061','41','28','Y','1','1','2019-01-30 10:56:19',NULL),('57','NVA/008/1932','NVA/008/1932','2019-01-09 00:00:00','2010-03-26 00:00:00','56','Swarup Chanda','1','0',NULL,NULL,'Ratan Lal Chanda','9681331473','4','Rs.30000 P/M','Sangita Chanda','9681331473','6','','Ratan Lal Chanda','1','110, Bagpota Road ,Sathinagar','Kolkata','Sarsuna','Sarsuna','700061','41','28','110, Bagpota Road ,Sathinagar','Kolkata','Sarsuna','Sarsuna','700061','41','28','Y','1','1','2019-01-30 11:03:14',NULL),('58','NVA/008/1933','NVA/008/1933','2019-01-17 00:00:00','2016-01-04 00:00:00','57','Bidushi Roy','2','0',NULL,NULL,'Biplab Kumar Roy','8335936184 ,24936445','5','Rs.100000 P/M','Rumpa Roy','9674348785','6','','Biplab Kumar Roy','1','54B Sonali Park,Bagpota Road,Sarsuna','Kolkata','Sarsuna','Sarsuna','700061','41','28','54B Sonali Park,Bagpota Road,Sarsuna','Kolkata','Sarsuna','Sarsuna','700061','41','28','Y','1','1','2019-01-30 11:12:12',NULL),('59','NVA/008/1934','NVA/008/1934','2019-01-17 00:00:00','2016-05-31 00:00:00','58','Sujatro Mandal','1','0',NULL,NULL,'Nitai Mandal','9881478992','5','Rs.40000 P/M','Saswati Mondal','7003826807','6','','Nitai Mandal','1','Sonali Park ,Bagpota Main Road','Kolkata','Sarsuna','Sarsuna','700061','41','28','Sonali Park ,Bagpota Main Road','Kolkata','Sarsuna','Sarsuna','700061','41','28','Y','1','1','2019-01-30 11:20:26',NULL),('60','NVA/008/1935','NVA/008/1935','2019-02-15 00:00:00','2011-12-22 00:00:00','59','Ronit Kumar Mahato','1','0',NULL,NULL,'Rakesh Kumar Mahato','9874988404','4','','Sangeeta Mahato','9088617231','6','','Rakesh Kumar Mahato','1','Benepukur,Sakuntala Park','Kolkata','Gobindapur','Mahestala','700061','41','28','Benepukur,Sakuntala Park','Kolkata','Gobindapur','Mahestala','700061','41','28','Y','1','1','2019-01-30 11:32:39',NULL),('61','NVA/008/1936','NVA/008/1936','2019-02-15 00:00:00','2008-04-15 00:00:00','60','Smriti Mahato','2','0','0','1','Rakesh Kumar Mahato','9874988404','4','','Sangeeta Mahato','9088617231','6','','Rakesh Kumar Mahato','1','Benepukur,Sakuntala Park','Kolkata','Gobindapur','Mahestala','700061','41','28','Benepukur,Sakuntala Park','Kolkata','Gobindapur','Mahestala','700061','41','28','N','1','1','2019-01-30 11:43:18',NULL),('62','NVA/008/1937','NVA/008/1937','2019-01-22 00:00:00','2010-09-19 00:00:00','61','Ayush Anand','1','0',NULL,NULL,'Sashi Bhusan','9831520658','4','','Punam Kumari','','4','','Sashi Bhusan','1','Sarada Devi Nagar,Kalagachia Main Road,Palan More','Kolkata','Sarsuna','Mahestala','700061','41','28','Sarada Devi Nagar,Kalagachia Main Road,Palan More','Kolkata','Sarsuna','Mahestala','700061','41','28','Y','1','1','2019-01-30 11:51:24',NULL),('63','NVA/008/1938','NVA/008/1938','2019-01-22 00:00:00','2013-05-05 00:00:00','62','Rajveer Singh','1','0',NULL,NULL,'Gajendra Kumar Singh','9903254072','4','Rs.35000 P/M','Tista Sing','','6','','Gajendra Kumar Singh','1','Vivekananda Park,Ramnagar','Kolkata','Raipur','Mahestala','700061','41','28','Vivekananda Park,Ramnagar','Kolkata','Raipur','Mahestala','700061','41','28','Y','1','1','2019-01-30 11:56:32',NULL),('64','NVA/008/1941','NVA/008/1941','2019-02-06 00:00:00','1970-01-01 00:00:00','63','Pratik Kumar Pandey','1','0',NULL,NULL,'Manoj Kr Pandey','9874735821','0','','','','0','','Manoj Kr Pandey','1','10A/5 Ram Road ,Chatterjee Para','Kolkata','Sarsuna','Sarsuna','700061','41','28','10A/5 Ram Road ,Chatterjee Para','Kolkata','Sarsuna','Sarsuna','700061','41','28','N','1','1','2019-02-08 09:47:48',NULL),('65','NVA/008/1943','NVA/008/1943','2019-02-07 00:00:00','1970-01-01 00:00:00','64','Swarnadeep Bhore','1','0',NULL,NULL,'Tarun Kumar Bhore','8820433648','0','','','','0','','Tarun Kumar Bhore','1','200/2 Roy Bahadur Road','Kolkata','Behala','Behala','700034','41','28','200/2 Roy Bahadur Road','Kolkata','Behala','Behala','700034','41','28','N','1','1','2019-02-08 09:56:21',NULL),('66','NVA/008/1940','NVA/008/1940','2019-02-04 00:00:00',NULL,'65','Ankur Sarkar','1','0',NULL,NULL,'Asesh Kumar Sarkar','8910122566','0','','','','0','','Asesh Kumar Sarkar','1','157/4 Roy Bahadur Road','Kolkata','Behala','Behala','700034','41','28','157/4 Roy Bahadur Road','Kolkata','Behala','Behala','700034','41','28','N','1','1','2019-02-08 10:13:01',NULL),('67','NVA/008/1939','NVA/008/1939','2019-02-05 00:00:00',NULL,'66','Aditi Shaw','2','0',NULL,NULL,'Satya Narayan Shaw','7890668220','0','','','','0','','Satya Narayan Shaw','1','P/9C Bagpota Road','Kolkata','Sarsuna','Sarsuna','700061','41','28','P/9C Bagpota Road','Kolkata','Sarsuna','Sarsuna','700061','41','28','N','1','1','2019-02-08 10:23:27',NULL),('68','NVA/008/1942','NVA/008/1942','2019-02-06 00:00:00',NULL,'67','Shreyan Sarkar','1','0',NULL,NULL,'Sujit Sarkar','9903225395','0','','','','0','','Sujit Sarkar','1','81/1 Kasthadanga Road,Sarsuna','Kolkata','Sarsuna','Sarsuna','700061','41','28','81/1 Kasthadanga Road,Sarsuna ','Kolkata','Sarsuna ','Sarsuna ','700061','41','28','N','1','1','2019-02-11 12:05:20',NULL),('69','NVA/008/1944','NVA/008/1944','2019-02-11 00:00:00',NULL,'68','Swaraj Shaw','1','0',NULL,NULL,'Shambhu Shaw','8420970134','0','','','','0','','Shambhu Shaw','1','Bagpota Road,kolkata','Kolkata','Sarsuna','Sarsuna','700061','41','28','Bagpota Road,kolkata','Kolkata','Sarsuna','Sarsuna','700061','41','28','N','1','1','2019-02-12 05:30:52',NULL),('70','NVA/008/1945','NVA/008/1945','2019-02-11 00:00:00',NULL,'69','Arnav Mitra','1','0',NULL,NULL,'Dibyendu Bhusan Mitra','7278913059','0','','','','0','','Dibyendu Bhusan Mitra','1','Paharpur Road','Kolkata','','','','41','28','Paharpur Road','Kolkata','','','700027','41','28','N','1','1','2019-02-12 05:36:34',NULL),('71','NVA/008/1946','NVA/008/1946','2019-02-11 00:00:00',NULL,'70','Urchisman Aich','1','0',NULL,NULL,'Sandip Aich','7449967808','0','','','','0','','Sandip Aich','1','Bagpota Kalagachia Main Road,Saradadevi Nagar','Kolkata','Sarsuna','Sarsuna','700061','41','28','Bagpota Kalagachia Main Road,Saradadevi Nagar','Kolkata','Sarsuna','Sarsuna','700061','41','28','N','1','1','2019-02-12 05:44:17',NULL),('72','NVA/008/1947','NVA/008/1947','2019-02-14 00:00:00',NULL,'74','Anurag Mukherjee','1','0',NULL,NULL,'Avijit Mukherjee','9007311635','0','','','','0','','Avijit Mukherjee','1','Benepukur(mollargate)maheshtala','Kolkata','Mollargate','Mahestala','700141','41','28','Benepukur(mollargate)maheshtala ','Kolkata','Mollargate','Mahestala','700141','41','28','N','1','1','2019-02-20 08:40:03',NULL),('73','NVA/008/1948','NVA/008/1948','2019-02-15 00:00:00',NULL,'75','Rajdeep Roy Naskar','1','0',NULL,NULL,'Tushar Roy Naskar','6290973797','0','','','','0','','Tushar Roy Naskar','1','Bagpota,Sarsuna','Kolkata','Sarsuna','Sarsuna','700061','41','28','Bagpota,Sarsuna','Kolkata','Sarsuna','Sarsuna','700061','41','28','N','1','1','2019-02-20 08:46:51',NULL),('74','NVA/008/1949','NVA/008/1949','2019-02-20 00:00:00','1970-01-01 00:00:00','76','Swarnadeep Das','1','0',NULL,NULL,'Samiran Das','3324931591','0','','','','0','','D.Das','1','953,Talpukur Road,Sarsuna','Kolkata','Sarsuna','Sarsuna','700061','41','28','953,Talpukur Road,Sarsuna','Kolkata','Sarsuna','Sarsuna','700061','41','28','N','1','1','2019-02-20 08:54:36',NULL),('75','NVA/008/1950','NVA/008/1950','2019-02-22 00:00:00',NULL,'95','Jishnu Das','1','0',NULL,NULL,'Jayanta Das','9883508781','0','','','','0','','Jayanta Das','1','Talpukur Road,Sarsuna,Subhasnagar','Kolkata','Sarsuna','Sarsuna','700061','41','28','Talpukur Road,Sarsuna,Subhasnagar','Kolkata','Sarsuna','Sarsuna','700061','41','28','N','1','1','2019-02-23 05:41:09',NULL),('76','NVA/008/1951','NVA/008/1951','2019-03-05 00:00:00',NULL,'106','Sreejita Pradhan','2','0',NULL,NULL,'Somnath Pradhan','9830928750','0','','','','0','','Somnath Pradhan','1','136,Bagpota Road,Sathinagar,Sarsuna','Kolkata','Sarsuna','Sarsuna','700061','41','28','136,Bagpota Road,Sathinagar,Sarsuna','Kolkata ','Sarsuna','Sarsuna','700061','41','28','N','1','1','2019-03-06 06:01:30',NULL),('77','NVA/008/1952','NVA/008/1952','2019-03-05 00:00:00','1970-01-01 00:00:00','107','Rishiraj Seal','1','0',NULL,NULL,'Pinku Seal','9674667788','0','','','','0','','Pinku Seal','1','45, S.P Nagar,Das Para Road','Kolkata','Sarsuna','Sarsuna','700061','41','28','45, S.P Nagar,Das Para Road','Kolkata','Sarsuna','Sarsuna','700061','41','28','N','1','1','2019-03-06 06:15:19',NULL),('78','NVA/008/1953','NVA/008/1953','2019-03-06 00:00:00','1970-01-01 00:00:00','108','Rajdeep Saha','1','0',NULL,NULL,'Netai Saha','8584064590','0','','','','0','','Netai Saha','1','A-4,Sonamukhi Road.Bagpota Link','Kolkata','Sarsuna','Sarsuna','700061','41','28','A-4,Sonamukhi Road.Bagpota Link','Kolkata','Sarsuna','Sarsuna','700061','41','28','N','1','1','2019-03-06 10:56:24',NULL),('79','NVA/008/1954','NVA/008/1954','2019-03-09 00:00:00','1970-01-01 00:00:00','109','Ashutosh Parida','1','0',NULL,NULL,'Umakanta Parida','7987992951','0','','','','0','','Umakanta Parida','1','14/03,Sonali Park,Sarsuna,Bagpota','Sarsuna','Sarsuna','Sarsuna','700061','41','28','14/03,Sonali Park,Sarsuna,Bagpota','Sarsuna','Sarsuna','Sarsuna','700061','41','28','N','1','1','2019-03-09 08:11:22',NULL),('80','NVA/008/0001','NVA/008/0001','2019-03-06 00:00:00',NULL,'110','Arya Gayen','1','0',NULL,NULL,'Arup Gayen','8013875445','0','','','','0','','Arup Gayen','1','198/2 Jadav Ghosh Road','Kolkata','Sarsuna','Sarsuna','700061','41','28','198/2 Jadav Ghosh Road ','Kolkata','Sarsuna','Sarsuna','700061','41','28','N','1','1','2019-03-11 05:06:52',NULL),('81','NVA/008/1955','NVA/008/1955','2019-03-12 00:00:00','1970-01-01 00:00:00','111','Ronak Barnawal','1','0',NULL,NULL,'Shambhu Barnawal','9007682340','0','','Ranjana Barnawal','','0','','Shambhu Barnawal','1','3/5/7D Bagpota Road,Sonali Park','3/5/7D Bagpota Road,Sonali Park','Sarsuna','Sarsuna','700061','41','28','3/5/7D Bagpota Road,Sonali Park','3/5/7D Bagpota Road,Sonali Park','Sarsuna','Sarsuna','700061','41','28','N','1','1','2019-03-12 08:17:09',NULL),('82','NVA/008/1956','NVA/008/1956','2019-03-15 00:00:00','2009-08-15 00:00:00','113','Naitik Shaw','1','0',NULL,NULL,'Sanjay Shaw','9830000000','0','20,000/- pm','Pinky Shaw','','6','','Sanjay Shaw','1','272,Rakshit Para Road','Kolkata','Sarsuna','Sarsuna','700061','41','28','272,Rakshit Para Road','Kolkata','Sarsuna','Sarsuna','700061','41','28','N','1','1','2019-03-15 10:00:34',NULL),('83','NVA/008/1957','NVA/008/1957','2019-03-18 00:00:00',NULL,'114','Md. Aman Kabir','1','0',NULL,NULL,'Md Humayun','9804476787','0','','','','0','','Md Humayun','1','Basudebpur Road','Kolkata','Sarsuna','Sarsuna','700061','41','28','Basudebpur Road','Kolkata','Sarsuna','Sarsuna','700061','41','28','N','1','1','2019-03-18 10:16:09',NULL),('84','NVA/008/1958','NVA/008/1958','2019-03-18 00:00:00','1970-01-01 00:00:00','115','Ayush Kumar Gupta','1','0',NULL,NULL,'Anil Kr Shaw','9163945409','0','','','','0','','Anil Kr Shaw','1','40/A/1 Adarsha Nagar','Kolkata','Sarsuna','Sarsuna','700061','41','28','40/A/1 Adarsha Nagar','Kolkata','Sarsuna','Sarsuna','700061','41','28','N','1','1','2019-03-18 10:26:07',NULL),('85','NVA/008/1959','NVA/008/1959','2019-03-18 00:00:00',NULL,'116','Dipayan Roy','1','0',NULL,NULL,'Kamal Kumar Roy','8617783909','0','','','','0','','Kamal Kumar Roy','1','Chakrajumolla Pailan,Bishnupur','Kolkata','Sarsuna','Sarsuna','700104','41','28','Chakrajumolla Pailan,Bishnupur','Kolkata','Sarsuna','Sarsuna','700104','41','28','N','1','1','2019-03-18 11:21:41',NULL),('86','NVA/008/1960','NVA/008/1960','2019-03-19 00:00:00',NULL,'117','Aaradhya Rajak','2','0',NULL,NULL,'Bacchan Kumar','6290007003','0','','','','0','','Bacchan Kumar','1','Sathi Nagar ,Bagpota Road','Kolkata','Sarsuna','Sarsuna','700061','41','28','Sathi Nagar ,Bagpota Road','Kolkata','Sarsuna','Sarsuna','700061','41','28','N','1','1','2019-03-19 10:11:08',NULL),('88','NVA/008/0002','NVA/008/0002','2019-03-19 00:00:00',NULL,'119','Samridh Barnwal','1','0',NULL,NULL,'Sambhu Barnwal','9007682340','0','','','','0','','Sambhu Barnwal','1','3/5/7D BAGPOTA ROAD SONALIPARK','Kolkata','Sarsuna','Sarsuna','700061','41','28','3/5/7D BAGPOTA ROAD SONALIPARK','Kolkata','Sarsuna','Sarsuna','700061','41','28','N','1','1','2019-03-19 11:28:05',NULL),('89','NVA/008/0003','NVA/008/0003','2019-03-19 00:00:00',NULL,'120','Souhardya Saha','1','0',NULL,NULL,'Jayanta Saha','8017230837','0','','','','0','','Jayanta Saha','1','106/B BAGPOTA ROAD SATHI NAGAR','Kolkata','Sarsuna','Sarsuna','700061','41','28','106/B BAGPOTA ROAD SATHI NAGAR','Kolkata','Sarsuna','Sarsuna','700061','41','28','N','1','1','2019-03-19 11:33:15',NULL),('90','NVA/008/0004','NVA/008/0004','2019-03-19 00:00:00',NULL,'121','Soujanya Saha','1','0',NULL,NULL,'Jayanta Saha','8017230837','0','','','','0','','Jayanta Saha','1','106/B BAGPOTA ROAD SATHI NAGAR','Kolkata','Sarsuna','Sarsuna','700061','41','28','106/B BAGPOTA ROAD SATHI NAGAR ','Kolkata','Sarsuna','Sarsuna','700061','41','28','N','1','1','2019-03-19 11:37:35',NULL),('91','NVA/008/1961','NVA/008/1961','2019-03-20 00:00:00','1970-01-01 00:00:00','122','Pranit Naskar','1','0',NULL,NULL,'Prosenjit Naskar','6291077233','0','','Pinku Naskar','','0','','Prosenjit Naskar','1','Bagpota Link Road','Kolkata','Sarsuna','Sarsuna','700061','41','28','Bagpota Link Road','Kolkata','Sarsuna','Sarsuna','700061','41','28','N','1','1','2019-03-20 08:36:30',NULL),('92','NVA/008/1962','NVA/008/1962','2019-03-20 00:00:00','1970-01-01 00:00:00','123','Nilava Dutta','1','0',NULL,NULL,'Sandip Kr Dutta','7003115598','0','','Mohua Dutta','','0','','Sandip Kr Dutta','1','54/B/6A Sonali Park','Kolkata','Sarsuna','Sarsuna','700061','41','28','54/B/6A Sonali Park','Kolkata','Sarsuna','Sarsuna','700061','41','28','N','1','1','2019-03-20 08:50:41',NULL),('93','NVA/008/1963','NVA/008/1963','2019-03-20 00:00:00','1970-01-01 00:00:00','124','Soumyodip Maity','1','0',NULL,NULL,'Somnath Maity','9038967822','0','','Dipali Maity','','0','','Somnath Maity','1','Talpukur Road,Sarsuna,khudirampallhy','Kolkata','Sarsuna','Sarsuna','700061','41','28','Talpukur Road,Sarsuna,khudirampallhy','Kolkata','Sarsuna','Sarsuna','700061','41','28','N','1','1','2019-03-20 08:54:32',NULL),('94','NVA/008/1964','NVA/008/1964','2019-03-22 00:00:00',NULL,'125','Supratim Halder','1','0',NULL,NULL,'Bablu Halder','9051819411','0','','','','0','','Bablu Halder','1','211/30/20G Sonamukhi Daspara Road','Kolkata','Sarsuna','Sarsuna','700061','41','28','211/30/20G Sonamukhi Daspara Road','Kolkata','Sarsuna','Sarsuna','700061','41','28','N','1','1','2019-03-22 07:37:48',NULL),('95','NVA/008/1965','NVA/008/1965','2019-03-26 00:00:00',NULL,'126','Faizan Ali Khan','1','0',NULL,NULL,'Md. Arit Khan','9330411928','0','','','','0','','Md. Arit Khan','1','T 277/2 Panch Para Road','Kolkata','Panch Para','','700018','41','28','T 277/2 Panch Para Road','Kolkata','Panch Para','','700018','41','28','N','1','1','2019-03-27 11:05:10',NULL),('96','NVA/008/1966','NVA/008/1966','2019-03-25 00:00:00',NULL,'127','Neer Shaw','1','0',NULL,NULL,'Khokan Shaw','9748258366','0','','','','0','','Khokan Shaw','1','80/30A Jadav Ghosh Road Sarsuna','Kolkata','Sarsuna','Sarsuna','700061','41','28','80/30A Jadav Ghosh Road Sarsuna','Kolkata','Sarsuna','Sarsuna','700061','41','28','N','1','1','2019-03-27 11:13:58',NULL),('97','NVA/008/1967','NVA/008/1967','2019-03-25 00:00:00',NULL,'128','Suryanshu Seal','1','0',NULL,NULL,'Amitava Seal','8910018489','0','','','','0','','Amitava Seal','1','5/1/3Gobinda Auddy Road,Chetla','Kolkata','Chetla','Chetla','700027','41','28','5/1/3Gobinda Auddy Road,Chetla','Kolkata','Chetla','Chetla','700027','41','28','N','1','1','2019-03-27 11:20:23',NULL),('98','NVA/008/1968','NVA/008/1968','2019-03-25 00:00:00','1970-01-01 00:00:00','129','Adrija Bose','2','0',NULL,NULL,'Avijit Bose','9903295114','0','','','','0','','Avijit Bose','1','P-96 Jubilee Park,Sarsuna','Kolkata','Sarsuna','Sarsuna','700061','41','28','P-96 Jubilee Park,Sarsuna','Kolkata','Sarsuna','Sarsuna','700061','41','28','N','1','1','2019-03-27 11:23:16',NULL),('99','NVA/008/1969','NVA/008/1969','2019-03-25 00:00:00',NULL,'130','Ishika Sen','2','0',NULL,NULL,'Malay Sen','9088435188','0','','','','0','','Malay Sen','1','B.C  Road,Behala','Kolkata','Sarsuna','Behala','700061','41','28','B.C  Road,Behala','Kolkata','Sarsuna','Behala','700061','41','28','N','1','1','2019-03-27 11:27:52',NULL),('100','NVA/008/1970','NVA/008/1970','2019-03-27 00:00:00',NULL,'131','Sunidhi Sah','2','0',NULL,NULL,'Santosh Kumar Sha','9831520658','0','','','','0','','Santosh Kumar Sha','1','Saradadevinagar,Kalagachi','Kolkata','Sarsuna','Sarsuna','700061','41','28','Saradadevinagar,Kalagachi','Kolkata','Sarsuna','Sarsuna','700061','41','28','N','1','1','2019-03-27 11:30:35',NULL),('101','NVA/008/1971','NVA/008/1971','2019-03-27 00:00:00',NULL,'132','Ramajay Das','1','0',NULL,NULL,'Badal Das','7278166298','0','','','','0','','Badal Das','1','Ramkrishna park,shibrampur','Kolkata','Sarsuna','Sarsuna','700061','41','28','Ramkrishna park,shibrampur','Kolkata','Sarsuna','Sarsuna','700061','41','28','N','1','1','2019-03-27 11:33:35',NULL),('102','NVA/008/1972','NVA/008/1971','2019-03-29 00:00:00',NULL,'134','Adrija Chowdhury','2','0',NULL,NULL,'Sanjay Chowdhury','8617714642','0','','','','0','','Sanjay Chowdhury','1','Budge Budge Trunk Road,Sampa Mirza Nagar','Kolkata','Budge Budge','Budge Budge','700143','41','28','Budge Budge Trunk Road,Sampa Mirza Nagar','Kolkata','Budge Budge','Budge Budge','700143','41','28','N','1','1','2019-03-29 08:55:52',NULL),('103','NVA/008/1973','NVA/008/1973','2019-03-30 00:00:00',NULL,'135','Shlok Saha','1','0',NULL,NULL,'Soumen Saha','8335936488','0','','','','0','','Soumen Saha','1','32/4Parui Das Para Road','Kolkata','Sarsuna','Sarsuna','700061','41','28','32/4Parui Das Para Road','Kolkata','Sarsuna','Sarsuna','700061','41','28','N','1','1','2019-03-30 08:56:47',NULL),('104','NVA/008/1974','NVA/008/1974','2019-03-30 00:00:00',NULL,'136','Kaushal Shah','1','0',NULL,NULL,'Ram Prasad Shah','7890675902','0','','','','0','','Ram Prasad Shah','1','A54/F Talpukur Road','Kolkata','Sarsuna','Sarsuna','700061','41','28','A54/F Talpukur Road','Kolkata','Sarsuna','Sarsuna','700061','41','28','N','1','1','2019-03-30 08:59:16',NULL),('105','NVA/008/1975','NVA/008/1975','2019-03-30 00:00:00',NULL,'137','Rajdeep chakraborty','1','0',NULL,NULL,'Pradip Chakraborty','8981644238','0','','','','0','','Pradip Chakraborty','1','Parui Das Para Road,Nabapally','Kolkata','Sarsuna','Sarsuna','700061','41','28','Parui Das Para Road,Nabapally','Kolkata','Sarsuna','Sarsuna','700061','41','28','N','1','1','2019-03-30 09:02:47',NULL),('106','NVA/008/1976','NVA/008/1976','2019-03-30 00:00:00',NULL,'138','Abir Biswas','1','0',NULL,NULL,'Rabindranath Biswas','8017405527','0','','','','0','','Rabindranath Biswas','1','5/k/1 Beni Master Lane','Kolkata','Sarsuna','Sarsuna','700061','41','28','5/k/1 Beni Master Lane','Kolkata','Sarsuna','Sarsuna','700061','41','28','N','1','1','2019-04-01 12:36:36',NULL),('107','NVA/008/1977','NVA/008/1977','2019-03-30 00:00:00',NULL,'139','Bhavika Khandelwal','2','0',NULL,NULL,'Pratik Khandelwal','9836899119','0','','','','0','','Pratik Khandelwal','1','1003/Motilal Gupta Road','Kolkata','Sarsuna','Sarsuna','700008','41','28','1003/Motilal Gupta Road','Kolkata','Sarsuna','Sarsuna','700008','41','28','N','1','1','2019-04-01 12:45:21',NULL),('108','NVA/008/1978','NVA/008/1978','2019-04-01 00:00:00',NULL,'140','Prasenjit Parida','1','0',NULL,NULL,'Biswajit Parida','9163457651','0','','','','0','','Biswajit Parida','1','','','','','','41','0','','','','','','41','0','N','1','1','2019-04-01 12:49:04',NULL),('109','NVA/008/1979','NVA/008/1979','2019-04-02 00:00:00',NULL,'141','Anushka Banerjee','2','0',NULL,NULL,'Late Sahir Ranjan Banerjee','8420193025','0','','','','0','','Late Sahir Ranjan Banerjee','1','','','','','','41','0','','','','','','41','0','N','1','1','2019-04-02 10:17:09',NULL),('110','NVA/008/1980','NVA/008/1980','2019-04-02 00:00:00',NULL,'142','Krish Das','1','0',NULL,NULL,'Kamal Das','9903372981','0','','','','0','','Kamal Das','1','Master Market,Jote Shibrampore','Kolkata','Sarsuna','Sarsuna','700141','41','28','Master Market,Jote Shibrampore','Kolkata','Sarsuna','Sarsuna','700141','41','28','N','1','1','2019-04-02 10:19:55',NULL),('111','NVA/008/1981','NVA/008/1981','2019-04-04 00:00:00',NULL,'143','Supratim Ghosh','1','0',NULL,NULL,'Somnath Ghosh','7890886528','0','','','','0','','Somnath Ghosh','1','11,Nabalia Para Road,Barisha','Kolkata','Sarsuna','Sarsuna','700008','41','28','11,Nabalia Para Road,Barisha','Kolkata','Sarsuna','Sarsuna','700008','41','28','N','1','1','2019-04-04 06:07:58',NULL),('112','NVA/008/1982','NVA/008/1982','2019-04-05 00:00:00',NULL,'144','Saanvi Bhakat','2','0',NULL,NULL,'Binay Bhakat','9331222068','0','','','','0','','Binay Bhakat','1','14,Bengal Coal Lane','Hooghli','Hooghli','','','41','17','14,Bengal Coal Lane','Hooghli','Hooghli','','','41','17','N','1','1','2019-04-05 07:58:20',NULL),('113','NVA/008/1983','NVA/008/1983','2019-04-05 00:00:00',NULL,'145','Alankit Moitra','1','0',NULL,NULL,'Amar Maitra','9123785765','0','','','','0','','Amar Maitra','1','135,Satin Senpally,Sarsuna','Kolkata','Sarsuna','Sarsuna','700061','41','28','135,Satin Senpally,Sarsuna','Kolkata','Sarsuna','Sarsuna','700061','41','28','N','1','1','2019-04-05 10:52:49',NULL),('114','NVA/008/1985','NVA/008/1985','2019-04-09 00:00:00',NULL,'146','Arnadip Manna','1','0',NULL,NULL,'Biswajit Manna','9051296697','0','','','','0','','Biswajit Manna','1','9/1b L.N motilal rd.','Kolkata','Sarsuna','Sarsuna','700061','41','28','9/1b L.N motilal rd.','Kolkata','Sarsuna','Sarsuna','700061','41','28','N','1','1','2019-04-10 08:36:34',NULL),('115','NVA/008/1988','NVA/008/1988','2019-04-09 00:00:00',NULL,'147','Anishka Hela','2','0',NULL,NULL,'Uttam Kumar Hela','9339806454','0','','','','0','','Uttam Kumar Hela','1','664A Kasthadanga Road','Kolkata','Sarsuna','Sarsuna','700061','41','28','664A Kasthadanga Road','Kolkata','Sarsuna','Sarsuna','700061','41','28','N','1','1','2019-04-10 08:42:46',NULL),('116','NVA/008/1989','NVA/008/1989','2019-04-10 00:00:00',NULL,'148','Debargha Chatterjee','1','0',NULL,NULL,'Barun Chatterjee','9903686866','0','','','','0','','Barun Chatterjee','1','29,south behala road','Kolkata','Sarsuna','Sarsuna','700061','41','28','29,south behala road','Kolkata','Sarsuna','Sarsuna','700061','41','28','N','1','1','2019-04-10 08:49:15',NULL),('117','NVA/008/1990','NVA/008/1990','2019-04-10 00:00:00',NULL,'149','Tamalika Halder','2','0',NULL,NULL,'Gopal  Halder','9831970753','0','','','','0','','Gopal  Halder','1','322,Sonamukhi Road','Kolkata','Sarsuna','Sarsuna','700061','41','28','322,Sonamukhi Road ','Kolkata','Sarsuna','Sarsuna','700061','41','28','N','1','1','2019-04-10 08:54:59',NULL),('118','NVA/008/1991','NVA/008/1991','2019-04-12 00:00:00',NULL,'150','Pracheeta Das','2','0',NULL,NULL,'Saurav Das','7077754952','0','','','','0','','Saurav Das','1','4/3k/214,Sarsuna Satellite Township','Kolkata','Sarsuna','Sarsuna','700061','41','28','4/3k/214,Sarsuna Satellite Township','Kolkata','Sarsuna','Sarsuna','700061','41','28','N','1','1','2019-04-10 08:58:54',NULL),('119','NVA/008/1984','NVA/008/1984','2019-04-10 00:00:00',NULL,'151','Srinivash Majumder','1','0',NULL,NULL,'Sobhan Majumder','9477330288','0','','','','0','','Sobhan Majumder','1','99/9 Kalagachia Main Road','Kolkata','Sarsuna','Sarsuna','7800061','41','28','99/9 Kalagachia Main Road','Kolkata','Sarsuna','Sarsuna','7800061','41','28','N','1','1','2019-04-10 11:26:36',NULL),('120','NVA/008/1986','NVA/008/1986','2019-04-10 00:00:00',NULL,'152','Rajdeep Chatterjee','1','0',NULL,NULL,'Subhankar Chatterjee','9433062452','0','','','','0','','Subhankar Chatterjee','1','124,M.T.D Road','Kolkata','Sarsuna','Sarsuna','700060','41','28','124,M.T.D Road','Kolkata','Sarsuna','Sarsuna','700060','41','28','N','1','1','2019-04-10 11:33:20',NULL),('121','NVA/008/1987','NVA/008/1987','2019-04-10 00:00:00',NULL,'153','Simrita Chatterjee','2','0',NULL,NULL,'Subhankar Chatterjee','9433062452','0','','','','0','','Subhankar Chatterjee','1','124,M.T.D Road','Kolkata','Sarsuna','Sarsuna','700061','41','28','124,M.T.D Road','Kolkata','Sarsuna','Sarsuna','700061','41','28','N','1','1','2019-04-10 11:36:39',NULL),('122','NVA/008/1992','NVA/008/1992','2019-04-10 00:00:00',NULL,'154','Dibyanshu Mallick','1','0',NULL,NULL,'Rabindra Mallick','9903454616','0','','','','0','','Rabindra Mallick','1','5/1,Parui Dharmarajtala','Kolkata','Sarsuna','Sarsuna','700141','41','28','5/1,Parui Dharmarajtala','Kolkata','Sarsuna','Sarsuna','700141','41','28','N','1','1','2019-04-10 11:40:16',NULL),('123','NVA/008/1993','NVA/008/1993','2019-04-10 00:00:00',NULL,'155','Nilabha Karmakar','1','0',NULL,NULL,'Nilanjan Karmakar','8981095807','0','','','','0','','Nilanjan Karmakar','1','E-6,Ram Chandra Pally','Kolkata','Sarsuna','Sarsuna','700008','41','28','E-6,Ram Chandra Pally','Kolkata','Sarsuna','Sarsuna','700008','41','28','N','1','1','2019-04-10 11:44:00',NULL),('124','NVA/008/1994','NVA/008/1994','2019-04-11 00:00:00',NULL,'156','Shreyanshu Das','1','0',NULL,NULL,'Suvojit das','8158073732','0','','','','0','','Suvojit das','1','Flat no:c-13rd floor,73 Vidyasagar Sarani,Silpara','Kolkata','Sarsuna','Sarsuna','700008','41','28','Flat no:c-13rd floor,73 Vidyasagar Sarani,Silpara','Kolkata','Sarsuna','Sarsuna','700008','41','0','N','1','1','2019-04-12 07:47:29',NULL),('125','NVA/008/1995','NVA/008/1995','2019-04-12 00:00:00',NULL,'157','Krittika Paul','2','0',NULL,NULL,'Shib Sankar Paul','7980267559','0','','','','0','','Shib Sankar Paul','1','144/1 Sonamukhi Road,amra Sokol club,Sarsuna','Kolkata','Sarsuna','Sarsuna','','41','28','144/1 Sonamukhi Road,amra Sokol club,Sarsuna','Kolkata','Sarsuna','Sarsuna','','41','28','N','1','1','2019-04-12 07:50:06',NULL),('126','NVA/008/1996','NVA/008/1996','2019-04-11 00:00:00',NULL,'158','Alkantik Jana','1','0',NULL,NULL,'Dipankar Jana','8981708287','0','','','','0','','Dipankar Jana','1','Bagpota Road','Kolkata','Sarsuna','Sarsuna','700061','41','28','Bagpota Road','Kolkata','Sarsuna','Sarsuna','700061','41','28','N','1','1','2019-04-12 08:05:44',NULL),('127','NVA/008/1997','NVA/008/1997','2019-04-11 00:00:00',NULL,'159','Kishan Lal Gupta','1','0',NULL,NULL,'Dhanmendra Gupta','7044579480','0','','','','0','','Dhanmendra Gupta','1','Naskar Para 2nd by lane,Sarsuna.','Kolkata','Sarsuna','Sarsuna','700061','41','28','Naskar Para 2nd by lane,Sarsuna.','Kolkata','Sarsuna','Sarsuna','700061','41','28','N','1','1','2019-04-12 08:08:31',NULL),('128','NVA/008/1998','NVA/008/1998','2019-04-11 00:00:00',NULL,'160','Kunal Paul','1','0',NULL,NULL,'Nirankar Paul','9874116023','0','','','','0','','Nirankar Paul','1','27/4A Kastha Danga Link Road.','Kolkata','Sarsuna','Sarsuna','700061','41','28','27/4A Kastha Danga Link Road.','Kolkata','Sarsuna','Sarsuna','700061','41','28','N','1','1','2019-04-12 08:11:22',NULL),('129','NVA/008/1999','NVA/008/1999','2019-04-11 00:00:00',NULL,'161','Ritesh Das','1','0',NULL,NULL,'Sarwan Das','8910602258','0','','','','0','','Sarwan Das','1','23/5 Kastha Danga Link Road.','Kolkata','Sarsuna','Sarsuna','700061','41','28','23/5 Kastha Danga Link Road.','Kolkata','Sarsuna','Sarsuna','700061','41','28','N','1','1','2019-04-12 08:21:03',NULL),('130','NVA/008/2000','NVA/008/2000','2019-04-11 00:00:00',NULL,'162','Soumya Kayal','1','0',NULL,NULL,'Sunit Kayal','9377237650','0','','','','0','','Sunit Kayal','1','897/B Mahendra Banerjee Road','Kolkata','Sarsuna','Sarsuna','700060','41','28','897/B Mahendra Banerjee Road','Kolkata','Sarsuna','Sarsuna','700060','41','28','N','1','1','2019-04-12 08:23:43',NULL),('131','NVA/008/2001','NVA/008/2001','2019-04-11 00:00:00',NULL,'163','Satyaki Ghosh','1','0',NULL,NULL,'Sanjukta Banerjee','9732537101','0','','','','0','','Sanjukta Banerjee','1','Dakshin Behala Road.P-21','Kolkata','Sarsuna','Sarsuna','700061','41','28','Dakshin Behala Road.P-21','Kolkata','Sarsuna','Sarsuna','700061','41','0','N','1','1','2019-04-12 09:12:04',NULL),('132','NVA/008/2002','NVA/008/2002','2019-04-12 00:00:00',NULL,'164','Aashka Srivastava','2','0',NULL,NULL,'Nitendra Srivastava','9836154135','0','','','','0','','Nitendra Srivastava','1','Flat no-11e,Greenfield City','Kolkata','Sarsuna','Sarsuna','700141','41','28','Flat no-11e,Greenfield City','Kolkata','Sarsuna','Sarsuna','700141','41','28','N','1','1','2019-04-12 09:15:43',NULL),('133','NVA/008/2003','NVA/008/2003','2019-04-12 00:00:00',NULL,'165','Sagnik Karmakar','2','0',NULL,NULL,'Sahadeb Karmakar','9062694571','0','','','','0','','Sahadeb Karmakar','1','Bagpota Main Road','Kolkata','Sarsuna','Sarsuna','700061','41','28','Bagpota Main Road','Kolkata','Sarsuna','Sarsuna','700061','41','28','N','1','1','2019-04-12 09:20:09',NULL),('134','NVA/008/2004','NVA/008/2004','2019-03-16 00:00:00',NULL,'166','Solomon Shalom Lijo','1','0',NULL,NULL,'Lijo Kollamparambil Alex','9961455229','0','','','','0','','Lijo Kollamparambil Alex','1','Greenfield city,flat 8b,Block26','Kolkata','Shibrampur','Sarsuna','700141','41','28','Greenfield city,flat 8b,Block26','Kolkata','Shibrampur','Sarsuna','700141','41','28','N','1','1','2019-04-16 11:30:53',NULL),('135','NVA/008/2005','NVA/008/2005','2019-04-16 00:00:00',NULL,'167','Sayanto Halder','1','0',NULL,NULL,'Sukanta Halder','8017640548','0','','','','0','','Sukanta Halder','1','74 Sarsuna Road','Kolkata','Sarsuna','Sarsuna','700061','41','28','74 Sarsuna Road','Kolkata','Sarsuna','Sarsuna','700061','41','28','N','1','1','2019-04-16 11:33:43',NULL),('136','NVA/008/2006','NVA/008/2006','2019-04-16 00:00:00',NULL,'168','Asmit Bhattacharya','1','0',NULL,NULL,'Amit Kumar Bhattacharya','6290612416','0','','','','0','','Amit Kumar Bhattacharya','1','9/7,Sarsuna Main Road','KOlkata','Sarsuna','Sarsuna','700061','41','28','9/7,Sarsuna Main Road','KOlkata','Sarsuna','Sarsuna','700061','41','28','N','1','1','2019-04-16 11:38:18',NULL),('138','NVA/008/2007','NVA/008/2007','2019-04-18 00:00:00',NULL,'170','Rachit Das','1','0',NULL,NULL,'Mr.Das','9830000000','0','','','','0','','Mr.Das','1','','','','','','41','0','','','','','','41','0','N','1','1','2019-04-19 12:17:49',NULL),('139','NVA/008/2008','NVA/008/2008','2019-04-20 00:00:00',NULL,'171','Didrika Roy','2','0',NULL,NULL,'Sandip Roy','8240953742','0','','','','0','','Sandip Roy','1','83/2/3 banerjee para road kamala park sarsuna','Kolkata','Sarsuna','Sarsuna','700061','41','28','83/2/3 banerjee para road kamala park sarsuna ','Kolkata','Sarsuna','Sarsuna','700061','41','28','N','1','1','2019-04-20 11:13:39',NULL),('140','NVA/008/2009','NVA/008/2009','2019-04-20 00:00:00',NULL,'172','Aadrika Roy','2','0',NULL,NULL,'Sandip Roy','8240953742','0','','','','0','','Sandip Roy','1','83/2/3 banerjee para road kamala park sarsuna','Kolkata','Sarsuna','Sarsuna','700061','41','28','83/2/3 banerjee para road kamala park sarsuna ','Kolkata','Sarsuna','Sarsuna','700061','41','28','N','1','1','2019-04-20 11:19:29',NULL),('141','NVA/008/2010','NVA/008/2010','2019-04-22 00:00:00',NULL,'174','Jainil Mukherjee','1','0',NULL,NULL,'Satyaki Mukherjee','8910328626','0','','','','0','','Satyaki Mukherjee','1','549,raja ram mohan roy road madan mohan tala chowrasta','Kolkata','Chowrastha','Chowrastha','700008','41','28','549,raja ram mohan roy road madan mohan tala chowrasta ','Kolkata','Chowrastha','Chowrastha','700008','41','28','N','1','1','2019-04-22 11:11:22',NULL),('142','NVA/008/2011','NVA/008/2011','2019-04-22 00:00:00',NULL,'175','Rashi Sharma','2','0',NULL,NULL,'Raj Kumar Sharma','7003292987','0','','','','0','','Raj Kumar Sharma','1','125,m g road thakurpukur','Kolkata','Thakurpukur','Thakurpukur','700008','41','28','125,m g road thakurpukur ','Kolkata','Thakurpukur','Thakurpukur','700008','41','28','N','1','1','2019-04-22 11:18:45',NULL),('143','NVA/008/2012','NVA/008/2012','2019-04-23 00:00:00',NULL,'176','Atrayee Mishra','2','0',NULL,NULL,'Sri Sandip Mishra','9231580355','0','','','','0','','Sri Sandip Mishra','1','211/12/9 NASKAR PARA 2 NO BYE LANE SARSUNA SONAMUKHI RD','Kolkata','Sarsuna','Sarsuna','700061','41','28','211/12/9 NASKAR PARA 2 NO BYE LANE SARSUNA SONAMUKHI RD ','Kolkata','Sarsuna','Sarsuna','700061','41','28','N','1','1','2019-04-23 08:26:45',NULL),('144','NVA/008/2013','NVA/008/2013','2019-04-24 00:00:00',NULL,'177','Taniya Dey','2','0',NULL,NULL,'Sarajit Dey','9903007893','0','','','','0','','Sarajit Dey','1','102 MAHENDRA BANERJEE ROAD BLOCK A FLOOR 5  NL-JAGARANI SAMITY','Kolkata','','Behala','700060','41','28','102 MAHENDRA BANERJEE ROAD BLOCK A FLOOR 5  NL-JAGARANI SAMITY','Kolkata','','Behala','700060','41','28','N','1','1','2019-04-23 10:11:35',NULL);

/*Table structure for table `temp_table_payment` */

CREATE TABLE `temp_table_payment` (
  `payment_master_id` varchar(20) DEFAULT NULL,
  `classname` varchar(255) DEFAULT NULL,
  `studentname` varchar(255) DEFAULT NULL,
  `section` varchar(20) DEFAULT NULL,
  `roll` varchar(20) DEFAULT NULL,
  `payment_date` varchar(255) DEFAULT NULL,
  `memono` varchar(255) DEFAULT NULL,
  `amount` varchar(255) DEFAULT NULL,
  `paid` varchar(255) DEFAULT NULL,
  `due` varchar(255) DEFAULT NULL
) ENGINE=InnoDB DEFAULT CHARSET=utf8 COMMENT='payment history server side temp table';

/*Data for the table `temp_table_payment` */

insert  into `temp_table_payment`(`payment_master_id`,`classname`,`studentname`,`section`,`roll`,`payment_date`,`memono`,`amount`,`paid`,`due`) values ('16','Nursery','Hreet Sardar',NULL,'','12-11-2018',NULL,'16000.00','16000','0'),('12','Nursery','Ritika Sha',NULL,'','20-11-2018',NULL,'16000.00','16000','0'),('13','Nursery','Meyan Sardar',NULL,'','20-11-2018',NULL,'16000.00','12000','4000'),('46','III','Subhajit Kayal',NULL,'','28-11-2018',NULL,'16000.00','16000','0'),('26','I','Aniket Gupta',NULL,'','23-01-2019',NULL,'16000.00','10000','6000'),('56','V','Raj Gupta',NULL,'','21-02-2019',NULL,'16000.00','10000','6000'),('37','II','Arpita Naskar',NULL,'','03-12-2018',NULL,'16000.00','12000','4000'),('3','Lower KG','Adrija Biswas',NULL,'','06-02-2019',NULL,'16000.00','12000','4000'),('38','II','Barsha Mondal',NULL,'','10-12-2018',NULL,'16000.00','16000','0'),('20','Upper KG','Prapti Halder',NULL,'','10-12-2018',NULL,'16000.00','10000','6000'),('4','Lower KG','Shraddha Singh',NULL,'','12-12-2018',NULL,'16000.00','11000','5000'),('27','I','Anuradha Sikder',NULL,'','12-12-2018',NULL,'16000.00','16000','0'),('57','V','Sagar Kumar Shaw',NULL,'','28-01-2019',NULL,'16000.00','11000','5000'),('63','VI','Nandini Kumari Shaw',NULL,'','25-12-2018',NULL,'16000.00','11000','5000'),('39','II','Anuvhab Sardar',NULL,'','12-12-2018',NULL,'16000.00','12000','4000'),('5','Lower KG','Soumallo Aditya',NULL,'','12-12-2018',NULL,'16000.00','11000','5000'),('41','II','Somosree Mondal',NULL,'','15-12-2018',NULL,'16000.00','14000','2000'),('64','VI','Avijit Dey',NULL,'','01-01-2019',NULL,'16000.00','10000','6000'),('22','Upper KG','Ayesha Bose',NULL,'','21-01-2019',NULL,'16000.00','11000','5000'),('47','III','Sayan Mistri',NULL,'','21-12-2018',NULL,'16000.00','11000','5000'),('23','Upper KG','Sraddhya Tripathi',NULL,'','13-02-2019',NULL,'16000.00','12000','4000'),('51','IV','Ashish Kumar Sah',NULL,'','24-12-2018',NULL,'16000.00','12000','4000'),('40','II','Shilpa Sah',NULL,'','24-12-2018',NULL,'16000.00','12000','4000'),('42','II','Raunak Roy',NULL,'','27-12-2018',NULL,'16000.00','15000','1000'),('58','V','Diptanshu Bhattacharjee',NULL,'','05-02-2019',NULL,'16000.00','12000','4000'),('59','V','Diptendu Bhattacharjee',NULL,'','05-02-2019',NULL,'16000.00','12000','4000'),('43','II','Ishan Biswas',NULL,'','10-01-2019',NULL,'16000.00','12000','4000'),('14','Nursery','Divyanshi Ray',NULL,'','05-01-2019',NULL,'16000.00','11000','5000'),('8','I','Swarnadipta Kar',NULL,'','10-01-2019',NULL,'16000.00','12000','4000'),('44','II','Rupam Ghosh',NULL,'','10-01-2019',NULL,'16000.00','12000','4000'),('53','IV','Swarup Chanda',NULL,'','09-01-2019',NULL,'16000.00','16000','0'),('15','Nursery','Bidushi Roy',NULL,'','18-01-2019',NULL,'16000.00','16000','0'),('17','Nursery','Sujatro Mandal',NULL,'','18-01-2019',NULL,'16000.00','12000','4000'),('36','II','Ronit Kumar Mahato',NULL,'','15-02-2019',NULL,'16000.00','11000','5000'),('60','V','Smriti Mahato',NULL,'','15-02-2019',NULL,'16000.00','11000','5000'),('61','V','Ayush Anand',NULL,'','22-01-2019',NULL,'16000.00','13000','3000'),('28','I','Rajveer Singh',NULL,'','22-01-2019',NULL,'16000.00','12000','4000'),('45','II','Pratik Kumar Pandey',NULL,'','06-02-2019',NULL,'16000.00','6000','10000'),('62','V','Swarnadeep Bhore',NULL,'','07-02-2019',NULL,'16000.00','16000','0'),('48','III','Ankur Sarkar',NULL,'','04-02-2019',NULL,'16000.00','11000','5000'),('24','Lower KG','Aditi Shaw',NULL,'','05-02-2019',NULL,'16000.00','12000','4000'),('29','I','Shreyan Sarkar',NULL,'','06-02-2019',NULL,'16000.00','12000','4000'),('7','Lower KG','Swaraj Shaw',NULL,'','11-02-2019',NULL,'16000.00','11000','5000'),('25','Lower KG','Arnav Mitra',NULL,'','11-02-2019',NULL,'16000.00','11000','5000'),('30','I','Urchisman Aich',NULL,'','11-02-2019',NULL,'16000.00','10000','6000'),('31','I','Anurag Mukherjee',NULL,'','14-02-2019',NULL,'16000.00','12000','4000'),('9','Lower KG','Rajdeep Roy Naskar',NULL,'','13-02-2019',NULL,'16000.00','12000','4000'),('32','I','Swarnadeep Das',NULL,'','20-02-2019',NULL,'16000.00','12000','4000'),('65','I','Jishnu Das',NULL,'','22-02-2019',NULL,'16000.00','10000','6000'),('50','III','Sreejita Pradhan',NULL,'','04-03-2019',NULL,'16000.00','10000','6000'),('34','II','Rishiraj Seal',NULL,'','05-03-2019',NULL,'16000.00','16000','0'),('35','II','Rajdeep Saha',NULL,'','06-03-2019',NULL,'16000.00','5000','11000'),('18','Nursery','Ashutosh Parida',NULL,'','09-03-2019',NULL,'16000.00','10000','6000'),('19','Nursery','Ronak Barnawal',NULL,'','12-03-2019',NULL,'16000.00','11000','5000'),('55','IV','Naitik Shaw',NULL,'','15-03-2019',NULL,'16000.00','13000','3000'),('67','I','Md. Aman Kabir',NULL,'','18-03-2019',NULL,'16000.00','8000','8000'),('76','I','Ayush Kumar Gupta',NULL,'','18-03-2019',NULL,'16000.00','16000','0'),('79','V','Dipayan Roy',NULL,'','19-03-2019',NULL,'16000.00','11000','5000'),('69','II','Aaradhya Rajak',NULL,'','20-03-2019',NULL,'16000.00','11000','5000'),('83','V','Soumyodip Maity',NULL,'','20-03-2019',NULL,'16000.00','5000','11000'),('84','IV','Supratim Halder',NULL,'','22-03-2019',NULL,'16000.00','10000','6000'),('85','IV','Faizan Ali Khan',NULL,'','26-03-2019',NULL,'16000.00','12000','4000'),('80','VI','Neer Shaw',NULL,'','25-03-2019',NULL,'16000.00','11000','5000'),('81','VI','Suryanshu Seal',NULL,'','25-03-2019',NULL,'16000.00','11000','5000'),('78','VII','Ishika Sen',NULL,'','25-03-2019',NULL,'16000.00','15000','1000'),('89','III','Ramajay Das',NULL,'','27-03-2019',NULL,'16000.00','9000','7000'),('82','Lower KG','Adrija Chowdhury',NULL,'','29-03-2019',NULL,'16000.00','14500','1500'),('86','VII','Shlok Saha',NULL,'','30-03-2019',NULL,'16000.00','12000','4000'),('87','VII','Kaushal Shah',NULL,'','30-03-2019',NULL,'16000.00','11000','5000'),('88','VI','Rajdeep chakraborty',NULL,'','30-03-2019',NULL,'16000.00','15000','1000'),('91','II','Abir Biswas',NULL,'','02-04-2019',NULL,'16000.00','13500','2500'),('92','VI','Bhavika Khandelwal',NULL,'','02-04-2019',NULL,'16000.00','16000','0'),('90','VII','Prasenjit Parida',NULL,'','01-04-2019',NULL,'16000.00','11000','5000'),('93','VI','Anushka Banerjee',NULL,'','02-04-2019',NULL,'16000.00','2000','14000'),('94','III','Krish Das',NULL,'','02-04-2019',NULL,'16000.00','11000','5000'),('96','V','Supratim Ghosh',NULL,'','04-04-2019',NULL,'16000.00','10000','6000'),('97','IV','Saanvi Bhakat',NULL,'','05-04-2019',NULL,'16000.00','16000','0'),('98','I','Alankit Moitra',NULL,'','05-04-2019',NULL,'16000.00','10000','6000'),('99','IV','Arnadip Manna',NULL,'','09-04-2019',NULL,'16000.00','10800','5200'),('100','IV','Anishka Hela',NULL,'','09-04-2019',NULL,'16000.00','15000','1000'),('101','VII','Debargha Chatterjee',NULL,'','10-04-2019',NULL,'16000.00','11000','5000'),('102','II','Tamalika Halder',NULL,'','10-04-2019',NULL,'16000.00','10000','6000'),('103','IV','Pracheeta Das',NULL,'','12-04-2019',NULL,'16000.00','19200','-3200'),('108','Nursery','Srinivash Majumder',NULL,'','10-04-2019',NULL,'16000.00','11000','5000'),('107','V','Rajdeep Chatterjee',NULL,'','10-04-2019',NULL,'16000.00','11000','5000'),('106','IV','Simrita Chatterjee',NULL,'','10-04-2019',NULL,'16000.00','11000','5000'),('105','III','Dibyanshu Mallick',NULL,'','10-04-2019',NULL,'16000.00','10000','6000'),('104','I','Nilabha Karmakar',NULL,'','10-04-2019',NULL,'16000.00','15000','1000'),('109','I','Shreyanshu Das',NULL,'','11-04-2019',NULL,'16000.00','11000','5000'),('110','Upper KG','Krittika Paul',NULL,'','11-04-2019',NULL,'16000.00','10000','6000'),('111','VI','Alkantik Jana',NULL,'','11-04-2019',NULL,'16000.00','10000','6000'),('112','VII','Kishan Lal Gupta',NULL,'','11-04-2019',NULL,'16000.00','5000','11000'),('113','III','Kunal Paul',NULL,'','11-04-2019',NULL,'16000.00','10000','6000'),('114','III','Ritesh Das',NULL,'','11-04-2019',NULL,'16000.00','11000','5000'),('115','I','Soumya Kayal',NULL,'','11-04-2019',NULL,'16000.00','10000','6000'),('116','I','Satyaki Ghosh',NULL,'','11-04-2019',NULL,'16000.00','11000','5000'),('117','IV','Aashka Srivastava',NULL,'','11-04-2019',NULL,'16000.00','2000','14000'),('118','I','Sagnik Karmakar',NULL,'','12-04-2019',NULL,'16000.00','11000','5000'),('120','VI','Solomon Shalom Lijo',NULL,'','16-04-2019',NULL,'16000.00','4000','12000'),('121','Upper KG','Sayanto Halder',NULL,'','16-04-2019',NULL,'16000.00','10000','6000'),('119','I','Asmit Bhattacharya',NULL,'','16-04-2019',NULL,'16000.00','11000','5000'),('123','V','Rachit Das',NULL,'','18-04-2019',NULL,'16000.00','9000','7000'),('124','III','Taniya Dey',NULL,'','25-04-2019',NULL,'17530.00','10000','7530');

/*Table structure for table `uploaded_documents_all` */

CREATE TABLE `uploaded_documents_all` (
  `id` int(10) NOT NULL AUTO_INCREMENT,
  `document_type_id` int(10) DEFAULT NULL,
  `random_file_name` varchar(255) DEFAULT NULL,
  `user_file_name` varchar(255) DEFAULT NULL,
  `uploaded_file_desc` varchar(255) DEFAULT NULL,
  `uploaded_on` datetime DEFAULT NULL,
  `modified_on` datetime DEFAULT NULL,
  `upload_from_module` varchar(255) DEFAULT NULL,
  `upload_from_module_id` int(10) DEFAULT NULL,
  `upload_srl_no` int(10) DEFAULT NULL,
  `created_by` int(10) DEFAULT NULL,
  `is_active` enum('Y','N') DEFAULT NULL,
  `uploaded_by_user` int(10) DEFAULT NULL,
  PRIMARY KEY (`id`)
) ENGINE=InnoDB AUTO_INCREMENT=127 DEFAULT CHARSET=utf8;

/*Data for the table `uploaded_documents_all` */

insert  into `uploaded_documents_all`(`id`,`document_type_id`,`random_file_name`,`user_file_name`,`uploaded_file_desc`,`uploaded_on`,`modified_on`,`upload_from_module`,`upload_from_module_id`,`upload_srl_no`,`created_by`,`is_active`,`uploaded_by_user`) values ('61',NULL,'bec95b45cca7e96326a83b5cd7d862a7.jpg','Hreet Sardar.jpg',NULL,'2019-02-04 00:00:00','2019-02-04 00:00:00','Admission','25','1',NULL,'Y','1'),('62',NULL,'bec95b45cca7e96326a83b5cd7d862a7.jpg','Hreet Sardar.jpg',NULL,'2019-02-04 00:00:00','2019-02-04 00:00:00','Admission','25','2',NULL,'Y','1'),('63',NULL,'7052333c6bd550a5cda2369871db603f.jpg','Ritika Sha.jpg',NULL,'2019-02-04 00:00:00','2019-02-04 00:00:00','Admission','26','1',NULL,'Y','1'),('64',NULL,'7052333c6bd550a5cda2369871db603f.jpg','Ritika Sha.jpg',NULL,'2019-02-04 00:00:00','2019-02-04 00:00:00','Admission','26','2',NULL,'Y','1'),('65',NULL,'cbbaf92e2551cc6cd8774901d1c5f299.jpg','Meyan Sardar.jpg',NULL,'2019-02-04 00:00:00','2019-02-04 00:00:00','Admission','27','1',NULL,'Y','1'),('66',NULL,'cbbaf92e2551cc6cd8774901d1c5f299.jpg','Meyan Sardar.jpg',NULL,'2019-02-04 00:00:00','2019-02-04 00:00:00','Admission','27','2',NULL,'Y','1'),('67',NULL,'6f9cbde64ee19c653c29cdbed781de58.jpg','Subhajit Kayal.jpg',NULL,'2019-02-04 00:00:00','2019-02-04 00:00:00','Admission','29','1',NULL,'Y','1'),('68',NULL,'6f9cbde64ee19c653c29cdbed781de58.jpg','Subhajit Kayal.jpg',NULL,'2019-02-04 00:00:00','2019-02-04 00:00:00','Admission','29','2',NULL,'Y','1'),('69',NULL,'dbfd713a714d70d0843a8eb4f8efb41d.jpg','Aniket Gupta.jpg',NULL,'2019-02-04 00:00:00','2019-02-04 00:00:00','Admission','30','1',NULL,'Y','1'),('70',NULL,'dbfd713a714d70d0843a8eb4f8efb41d.jpg','Aniket Gupta.jpg',NULL,'2019-02-04 00:00:00','2019-02-04 00:00:00','Admission','30','2',NULL,'Y','1'),('71',NULL,'65cce0fd690ccd84313bc67a2a35918d.jpg','Raj Gupta.jpg',NULL,'2019-02-04 00:00:00','2019-02-04 00:00:00','Admission','31','1',NULL,'Y','1'),('72',NULL,'65cce0fd690ccd84313bc67a2a35918d.jpg','Raj Gupta.jpg',NULL,'2019-02-04 00:00:00','2019-02-04 00:00:00','Admission','31','2',NULL,'Y','1'),('73',NULL,'4e4ae718fe3cabd1cc30484bc2c24d75.jpg','Arpita Naskar.jpg',NULL,'2019-02-04 00:00:00','2019-02-04 00:00:00','Admission','32','1',NULL,'Y','1'),('74',NULL,'4e4ae718fe3cabd1cc30484bc2c24d75.jpg','Arpita Naskar.jpg',NULL,'2019-02-04 00:00:00','2019-02-04 00:00:00','Admission','32','2',NULL,'Y','1'),('75',NULL,'561256998b578c51b364b9727abb8e42.jpg','Shreyan Nath.jpg',NULL,'2019-02-04 00:00:00','2019-02-04 00:00:00','Admission','33','1',NULL,'Y','1'),('76',NULL,'561256998b578c51b364b9727abb8e42.jpg','Shreyan Nath.jpg',NULL,'2019-02-04 00:00:00','2019-02-04 00:00:00','Admission','33','2',NULL,'Y','1'),('77',NULL,'c6cbf9d60e3cecf53f5242614888243b.jpg','Adrija Biswas.jpg',NULL,'2019-02-04 00:00:00','2019-02-04 00:00:00','Admission','34','1',NULL,'Y','1'),('78',NULL,'c6cbf9d60e3cecf53f5242614888243b.jpg','Adrija Biswas.jpg',NULL,'2019-02-04 00:00:00','2019-02-04 00:00:00','Admission','34','2',NULL,'Y','1'),('79',NULL,'1536e33b0ff830b426bcc8018b0a9fbc.jpg','Barsha Mondal.jpg',NULL,'2019-02-04 00:00:00','2019-02-04 00:00:00','Admission','35','1',NULL,'Y','1'),('80',NULL,'1536e33b0ff830b426bcc8018b0a9fbc.jpg','Barsha Mondal.jpg',NULL,'2019-02-04 00:00:00','2019-02-04 00:00:00','Admission','35','2',NULL,'Y','1'),('81',NULL,'6c1e1cec236f63b9b70b263aeaa21ca3.jpg','Prapti Halder.jpg',NULL,'2019-02-04 00:00:00','2019-02-04 00:00:00','Admission','36','1',NULL,'Y','1'),('82',NULL,'6c1e1cec236f63b9b70b263aeaa21ca3.jpg','Prapti Halder.jpg',NULL,'2019-02-04 00:00:00','2019-02-04 00:00:00','Admission','36','2',NULL,'Y','1'),('83',NULL,'0d0b4662fcaf239ec6b2dcaab3c7cf99.jpg','Anuradha Sikder.jpg',NULL,'2019-02-04 00:00:00','2019-02-04 00:00:00','Admission','38','1',NULL,'Y','1'),('84',NULL,'0d0b4662fcaf239ec6b2dcaab3c7cf99.jpg','Anuradha Sikder.jpg',NULL,'2019-02-04 00:00:00','2019-02-04 00:00:00','Admission','38','2',NULL,'Y','1'),('85',NULL,'9c4dad4d86d6bd290c06914863c5223b.jpg','Sagar Kumar Shaw.jpg',NULL,'2019-02-04 00:00:00','2019-02-04 00:00:00','Admission','39','1',NULL,'Y','1'),('86',NULL,'9c4dad4d86d6bd290c06914863c5223b.jpg','Sagar Kumar Shaw.jpg',NULL,'2019-02-04 00:00:00','2019-02-04 00:00:00','Admission','39','2',NULL,'Y','1'),('87',NULL,'79ddca8f161c83428b2109c0675352bc.jpg','Nandini Kumari Shaw.jpg',NULL,'2019-02-04 00:00:00','2019-02-04 00:00:00','Admission','40','1',NULL,'Y','1'),('88',NULL,'79ddca8f161c83428b2109c0675352bc.jpg','Nandini Kumari Shaw.jpg',NULL,'2019-02-04 00:00:00','2019-02-04 00:00:00','Admission','40','2',NULL,'Y','1'),('89',NULL,'e02770a8cb412f0ac6942403ac23d0a8.jpg','Anuvhab Sardar.jpg',NULL,'2019-02-04 00:00:00','2019-02-04 00:00:00','Admission','41','1',NULL,'Y','1'),('90',NULL,'e02770a8cb412f0ac6942403ac23d0a8.jpg','Anuvhab Sardar.jpg',NULL,'2019-02-04 00:00:00','2019-02-04 00:00:00','Admission','41','2',NULL,'Y','1'),('91',NULL,'f99ce15cba3e3501a374054b90ff9133.jpg','Soumallo Aditya.jpg',NULL,'2019-02-04 00:00:00','2019-02-04 00:00:00','Admission','42','1',NULL,'Y','1'),('92',NULL,'f99ce15cba3e3501a374054b90ff9133.jpg','Soumallo Aditya.jpg',NULL,'2019-02-04 00:00:00','2019-02-04 00:00:00','Admission','42','2',NULL,'Y','1'),('93',NULL,'3cd8df27616e4db3fc6a8203b54ea571.jpg','Somosree Mondal.jpg',NULL,'2019-02-04 00:00:00','2019-02-04 00:00:00','Admission','43','1',NULL,'Y','1'),('94',NULL,'3cd8df27616e4db3fc6a8203b54ea571.jpg','Somosree Mondal.jpg',NULL,'2019-02-04 00:00:00','2019-02-04 00:00:00','Admission','43','2',NULL,'Y','1'),('95',NULL,'6f35a8d019b8c13a17f28ca14abf493d.jpg','Ayesha Bose.jpg',NULL,'2019-02-04 00:00:00','2019-02-04 00:00:00','Admission','45','1',NULL,'Y','1'),('96',NULL,'6f35a8d019b8c13a17f28ca14abf493d.jpg','Ayesha Bose.jpg',NULL,'2019-02-04 00:00:00','2019-02-04 00:00:00','Admission','45','2',NULL,'Y','1'),('97',NULL,'1f66a44848f95207c8680e2a8d27d650.jpg','Sayan Mistri.jpg',NULL,'2019-02-04 00:00:00','2019-02-04 00:00:00','Admission','46','1',NULL,'Y','1'),('98',NULL,'1f66a44848f95207c8680e2a8d27d650.jpg','Sayan Mistri.jpg',NULL,'2019-02-04 00:00:00','2019-02-04 00:00:00','Admission','46','2',NULL,'Y','1'),('99',NULL,'d79160945fcc71f00fb408a2901f1208.jpg','Ashish Kumar Sah.jpg',NULL,'2019-02-04 00:00:00','2019-02-04 00:00:00','Admission','48','1',NULL,'Y','1'),('100',NULL,'d79160945fcc71f00fb408a2901f1208.jpg','Ashish Kumar Sah.jpg',NULL,'2019-02-04 00:00:00','2019-02-04 00:00:00','Admission','48','2',NULL,'Y','1'),('101',NULL,'74f222f2ba4358b03264768a10571295.jpg','Shilpa Sah.jpg',NULL,'2019-02-04 00:00:00','2019-02-04 00:00:00','Admission','49','1',NULL,'Y','1'),('102',NULL,'74f222f2ba4358b03264768a10571295.jpg','Shilpa Sah.jpg',NULL,'2019-02-04 00:00:00','2019-02-04 00:00:00','Admission','49','2',NULL,'Y','1'),('103',NULL,'a1b6fe8ccdfa1cf9d3ab90016e4dfad2.jpg','Raunak Roy.jpg',NULL,'2019-02-04 00:00:00','2019-02-04 00:00:00','Admission','50','1',NULL,'Y','1'),('104',NULL,'a1b6fe8ccdfa1cf9d3ab90016e4dfad2.jpg','Raunak Roy.jpg',NULL,'2019-02-04 00:00:00','2019-02-04 00:00:00','Admission','50','2',NULL,'Y','1'),('105',NULL,'6e1cf906f1950044ddcd86de1c07bd9f.jpg','Diptanshu Bhattacharjee.jpg',NULL,'2019-02-04 00:00:00','2019-02-04 00:00:00','Admission','51','1',NULL,'Y','1'),('106',NULL,'6e1cf906f1950044ddcd86de1c07bd9f.jpg','Diptanshu Bhattacharjee.jpg',NULL,'2019-02-04 00:00:00','2019-02-04 00:00:00','Admission','51','2',NULL,'Y','1'),('107',NULL,'ebbc8f27958b710b99fbcc56c04dfbc6.jpg','Diptendu Bhattacharjee.jpg',NULL,'2019-02-04 00:00:00','2019-02-04 00:00:00','Admission','52','1',NULL,'Y','1'),('108',NULL,'ebbc8f27958b710b99fbcc56c04dfbc6.jpg','Diptendu Bhattacharjee.jpg',NULL,'2019-02-04 00:00:00','2019-02-04 00:00:00','Admission','52','2',NULL,'Y','1'),('109',NULL,'02751d2582c27c286921a127d51d53cd.jpg','Divyanshi Ray.jpg',NULL,'2019-02-04 00:00:00','2019-02-04 00:00:00','Admission','54','1',NULL,'Y','1'),('110',NULL,'02751d2582c27c286921a127d51d53cd.jpg','Divyanshi Ray.jpg',NULL,'2019-02-04 00:00:00','2019-02-04 00:00:00','Admission','54','2',NULL,'Y','1'),('111',NULL,'683d00e72d1f08294ccb8236811f649f.jpg','Swarnadipta Kar.jpg',NULL,'2019-02-04 00:00:00','2019-02-04 00:00:00','Admission','55','1',NULL,'Y','1'),('112',NULL,'683d00e72d1f08294ccb8236811f649f.jpg','Swarnadipta Kar.jpg',NULL,'2019-02-04 00:00:00','2019-02-04 00:00:00','Admission','55','2',NULL,'Y','1'),('113',NULL,'88fe926ddce96a323c3ed9a457223e90.jpg','Rupam Ghosh.jpg',NULL,'2019-02-04 00:00:00','2019-02-04 00:00:00','Admission','56','1',NULL,'Y','1'),('114',NULL,'88fe926ddce96a323c3ed9a457223e90.jpg','Rupam Ghosh.jpg',NULL,'2019-02-04 00:00:00','2019-02-04 00:00:00','Admission','56','2',NULL,'Y','1'),('115',NULL,'6efd6c45e5d6e4b44b6c9742650b6b7f.jpg','Swarup Chanda.jpg',NULL,'2019-02-04 00:00:00','2019-02-04 00:00:00','Admission','57','1',NULL,'Y','1'),('116',NULL,'6efd6c45e5d6e4b44b6c9742650b6b7f.jpg','Swarup Chanda.jpg',NULL,'2019-02-04 00:00:00','2019-02-04 00:00:00','Admission','57','2',NULL,'Y','1'),('117',NULL,'e4f893338526c86aa4a911ae67f59977.jpg','Bidushi Roy.jpg',NULL,'2019-02-04 00:00:00','2019-02-04 00:00:00','Admission','58','1',NULL,'Y','1'),('118',NULL,'e4f893338526c86aa4a911ae67f59977.jpg','Bidushi Roy.jpg',NULL,'2019-02-04 00:00:00','2019-02-04 00:00:00','Admission','58','2',NULL,'Y','1'),('119',NULL,'92f9cdd11fbfdc870669cb6ae6c8df40.jpg','Sujatro Mandal.jpg',NULL,'2019-02-04 00:00:00','2019-02-04 00:00:00','Admission','59','1',NULL,'Y','1'),('120',NULL,'92f9cdd11fbfdc870669cb6ae6c8df40.jpg','Sujatro Mandal.jpg',NULL,'2019-02-04 00:00:00','2019-02-04 00:00:00','Admission','59','2',NULL,'Y','1'),('121',NULL,'50af6b95a1bcada8a679f43df69897a3.jpg','Ronit Kumar Mahato.jpg',NULL,'2019-02-04 00:00:00','2019-02-04 00:00:00','Admission','60','1',NULL,'Y','1'),('122',NULL,'50af6b95a1bcada8a679f43df69897a3.jpg','Ronit Kumar Mahato.jpg',NULL,'2019-02-04 00:00:00','2019-02-04 00:00:00','Admission','60','2',NULL,'Y','1'),('123',NULL,'f730bd620e683219b27622e1afff4492.jpg','Ayush Anand.jpg',NULL,'2019-02-04 00:00:00','2019-02-04 00:00:00','Admission','62','1',NULL,'Y','1'),('124',NULL,'f730bd620e683219b27622e1afff4492.jpg','Ayush Anand.jpg',NULL,'2019-02-04 00:00:00','2019-02-04 00:00:00','Admission','62','2',NULL,'Y','1'),('125',NULL,'a4b13fbf6abe66a6a94e425979b5d155.jpg','Rajveer Singh.jpg',NULL,'2019-02-04 00:00:00','2019-02-04 00:00:00','Admission','63','1',NULL,'Y','1'),('126',NULL,'a4b13fbf6abe66a6a94e425979b5d155.jpg','Rajveer Singh.jpg',NULL,'2019-02-04 00:00:00','2019-02-04 00:00:00','Admission','63','2',NULL,'Y','1');

/*Table structure for table `vendor_master` */

CREATE TABLE `vendor_master` (
  `id` int(10) NOT NULL AUTO_INCREMENT,
  `name` varchar(100) NOT NULL,
  `address` varchar(225) DEFAULT NULL,
  `gst_no` varchar(50) DEFAULT NULL,
  `contact_no` varchar(10) DEFAULT NULL,
  `contact_persone` varchar(50) DEFAULT NULL,
  `state_id` int(10) DEFAULT NULL,
  `account_master_id` int(10) DEFAULT NULL,
  `bank_ifsc` varchar(50) DEFAULT NULL,
  `bank_ac_no` varchar(50) DEFAULT NULL,
  `bank_address` varchar(255) DEFAULT NULL,
  `bank_branch` varchar(50) DEFAULT NULL,
  `is_active` enum('Y','N') DEFAULT NULL,
  `create_dt` timestamp NOT NULL DEFAULT CURRENT_TIMESTAMP ON UPDATE CURRENT_TIMESTAMP,
  PRIMARY KEY (`id`)
) ENGINE=InnoDB DEFAULT CHARSET=latin1;

/*Data for the table `vendor_master` */

/*Table structure for table `voucher_detail` */

CREATE TABLE `voucher_detail` (
  `id` int(11) NOT NULL AUTO_INCREMENT,
  `voucher_master_id` int(11) DEFAULT NULL,
  `account_master_id` int(11) DEFAULT NULL,
  `voucher_amount` double(10,2) DEFAULT NULL,
  `is_master` enum('Y','N') DEFAULT NULL,
  `is_debit` enum('Y','N') DEFAULT 'N',
  `subledger_id` int(10) DEFAULT NULL,
  `tran_type` enum('Cr','Dr') DEFAULT NULL,
  PRIMARY KEY (`id`),
  KEY `FK_voucherdetail_voucher_master_id` (`voucher_master_id`),
  KEY `FK_voucherdetail_account_master_id` (`account_master_id`),
  CONSTRAINT `FK_voucherdetail_account_master_id` FOREIGN KEY (`account_master_id`) REFERENCES `account_master` (`account_id`),
  CONSTRAINT `FK_voucherdetail_voucher_master_id` FOREIGN KEY (`voucher_master_id`) REFERENCES `voucher_master` (`id`)
) ENGINE=InnoDB AUTO_INCREMENT=1142 DEFAULT CHARSET=utf8;

/*Data for the table `voucher_detail` */

insert  into `voucher_detail`(`id`,`voucher_master_id`,`account_master_id`,`voucher_amount`,`is_master`,`is_debit`,`subledger_id`,`tran_type`) values ('36','16','33','16000.00',NULL,'Y',NULL,NULL),('37','16','103','11000.00',NULL,'N',NULL,NULL),('38','16','22','5000.00',NULL,'N',NULL,NULL),('39','17','33','11000.00',NULL,'N',NULL,NULL),('40','17','18','11000.00',NULL,'Y',NULL,NULL),('41','18','36','16000.00',NULL,'Y',NULL,NULL),('42','18','103','11000.00',NULL,'N',NULL,NULL),('43','18','22','5000.00',NULL,'N',NULL,NULL),('44','19','36','11000.00',NULL,'N',NULL,NULL),('45','19','18','11000.00',NULL,'Y',NULL,NULL),('46','20','41','16000.00',NULL,'Y',NULL,NULL),('47','20','103','11000.00',NULL,'N',NULL,NULL),('48','20','22','5000.00',NULL,'N',NULL,NULL),('49','21','41','11000.00',NULL,'N',NULL,NULL),('50','21','16','11000.00',NULL,'Y',NULL,NULL),('56','24','68','16000.00',NULL,'Y',NULL,NULL),('57','24','103','11000.00',NULL,'N',NULL,NULL),('58','24','22','5000.00',NULL,'N',NULL,NULL),('59','25','68','11000.00',NULL,'N',NULL,NULL),('60','25','16','11000.00',NULL,'Y',NULL,NULL),('95','30','75','16000.00',NULL,'Y',NULL,NULL),('96','30','103','11000.00',NULL,'N',NULL,NULL),('97','30','22','5000.00',NULL,'N',NULL,NULL),('98','31','75','8000.00',NULL,'N',NULL,NULL),('99','31','16','8000.00',NULL,'Y',NULL,NULL),('100','28','54','16000.00',NULL,'Y',NULL,NULL),('101','28','103','11000.00',NULL,'N',NULL,NULL),('102','28','22','5000.00',NULL,'N',NULL,NULL),('103','29','54','10000.00',NULL,'N',NULL,NULL),('104','29','16','10000.00',NULL,'Y',NULL,NULL),('106','33','110','16000.00',NULL,'Y',NULL,NULL),('107','33','103','11000.00',NULL,'N',NULL,NULL),('108','33','22','5000.00',NULL,'N',NULL,NULL),('109','34','110','5000.00',NULL,'N',NULL,NULL),('110','34','18','5000.00',NULL,'Y',NULL,NULL),('116','37','25','16000.00',NULL,'Y',NULL,NULL),('117','37','103','11000.00',NULL,'N',NULL,NULL),('118','37','22','5000.00',NULL,'N',NULL,NULL),('119','38','25','10000.00',NULL,'N',NULL,NULL),('120','38','16','10000.00',NULL,'Y',NULL,NULL),('121','32','75','4000.00',NULL,'N',NULL,NULL),('122','32','16','4000.00',NULL,'Y',NULL,NULL),('123','39','16','6000.00',NULL,'Y',NULL,NULL),('124','39','25','6000.00',NULL,'N',NULL,NULL),('125','40','26','16000.00',NULL,'Y',NULL,NULL),('126','40','103','11000.00',NULL,'N',NULL,NULL),('127','40','22','5000.00',NULL,'N',NULL,NULL),('128','41','26','11000.00',NULL,'N',NULL,NULL),('129','41','16','11000.00',NULL,'Y',NULL,NULL),('130','42','16','1000.00',NULL,'Y',NULL,NULL),('131','42','26','1000.00',NULL,'N',NULL,NULL),('132','43','53','16000.00',NULL,'Y',NULL,NULL),('133','43','103','11000.00',NULL,'N',NULL,NULL),('134','43','22','5000.00',NULL,'N',NULL,NULL),('135','44','53','11000.00',NULL,'N',NULL,NULL),('136','44','16','11000.00',NULL,'Y',NULL,NULL),('137','45','57','16000.00',NULL,'Y',NULL,NULL),('138','45','103','11000.00',NULL,'N',NULL,NULL),('139','45','22','5000.00',NULL,'N',NULL,NULL),('140','46','57','16000.00',NULL,'N',NULL,NULL),('141','46','18','16000.00',NULL,'Y',NULL,NULL),('142','47','24','16000.00',NULL,'Y',NULL,NULL),('143','47','103','11000.00',NULL,'N',NULL,NULL),('144','47','22','5000.00',NULL,'N',NULL,NULL),('145','48','24','11000.00',NULL,'N',NULL,NULL),('146','48','16','11000.00',NULL,'Y',NULL,NULL),('147','49','16','5000.00',NULL,'Y',NULL,NULL),('148','49','24','5000.00',NULL,'N',NULL,NULL),('149','50','58','16000.00',NULL,'Y',NULL,NULL),('150','50','103','11000.00',NULL,'N',NULL,NULL),('151','50','22','5000.00',NULL,'N',NULL,NULL),('152','51','58','11000.00',NULL,'N',NULL,NULL),('153','51','18','11000.00',NULL,'Y',NULL,NULL),('154','52','16','1000.00',NULL,'Y',NULL,NULL),('155','52','58','1000.00',NULL,'N',NULL,NULL),('156','53','109','16000.00',NULL,'Y',NULL,NULL),('157','53','103','11000.00',NULL,'N',NULL,NULL),('158','53','22','5000.00',NULL,'N',NULL,NULL),('159','54','109','5000.00',NULL,'N',NULL,NULL),('160','54','16','5000.00',NULL,'Y',NULL,NULL),('161','55','111','16000.00',NULL,'Y',NULL,NULL),('162','55','103','11000.00',NULL,'N',NULL,NULL),('163','55','22','5000.00',NULL,'N',NULL,NULL),('164','56','111','5000.00',NULL,'N',NULL,NULL),('165','56','16','5000.00',NULL,'Y',NULL,NULL),('166','57','35','16000.00',NULL,'Y',NULL,NULL),('167','57','103','11000.00',NULL,'N',NULL,NULL),('168','57','22','5000.00',NULL,'N',NULL,NULL),('169','58','35','10000.00',NULL,'N',NULL,NULL),('170','58','16','10000.00',NULL,'Y',NULL,NULL),('176','61','44','16000.00',NULL,'Y',NULL,NULL),('177','61','103','11000.00',NULL,'N',NULL,NULL),('178','61','22','5000.00',NULL,'N',NULL,NULL),('179','62','44','10000.00',NULL,'N',NULL,NULL),('180','62','16','10000.00',NULL,'Y',NULL,NULL),('181','63','46','16000.00',NULL,'Y',NULL,NULL),('182','63','103','11000.00',NULL,'N',NULL,NULL),('183','63','22','5000.00',NULL,'N',NULL,NULL),('184','64','46','12000.00',NULL,'N',NULL,NULL),('185','64','18','12000.00',NULL,'Y',NULL,NULL),('186','65','66','16000.00',NULL,'Y',NULL,NULL),('187','65','103','11000.00',NULL,'N',NULL,NULL),('188','65','22','5000.00',NULL,'N',NULL,NULL),('189','66','66','11000.00',NULL,'N',NULL,NULL),('190','66','16','11000.00',NULL,'Y',NULL,NULL),('191','67','69','16000.00',NULL,'Y',NULL,NULL),('192','67','103','11000.00',NULL,'N',NULL,NULL),('193','67','22','5000.00',NULL,'N',NULL,NULL),('194','68','69','11000.00',NULL,'N',NULL,NULL),('195','68','16','11000.00',NULL,'Y',NULL,NULL),('196','69','29','16000.00',NULL,'Y',NULL,NULL),('197','69','103','11000.00',NULL,'N',NULL,NULL),('198','69','22','5000.00',NULL,'N',NULL,NULL),('199','70','29','10000.00',NULL,'N',NULL,NULL),('200','70','18','10000.00',NULL,'Y',NULL,NULL),('201','71','37','16000.00',NULL,'Y',NULL,NULL),('202','71','103','11000.00',NULL,'N',NULL,NULL),('203','71','22','5000.00',NULL,'N',NULL,NULL),('204','72','37','16000.00',NULL,'N',NULL,NULL),('205','72','16','16000.00',NULL,'Y',NULL,NULL),('206','73','62','16000.00',NULL,'Y',NULL,NULL),('207','73','103','11000.00',NULL,'N',NULL,NULL),('208','73','22','5000.00',NULL,'N',NULL,NULL),('209','74','62','11000.00',NULL,'N',NULL,NULL),('210','74','18','11000.00',NULL,'Y',NULL,NULL),('211','75','67','16000.00',NULL,'Y',NULL,NULL),('212','75','103','11000.00',NULL,'N',NULL,NULL),('213','75','22','5000.00',NULL,'N',NULL,NULL),('214','76','67','5000.00',NULL,'N',NULL,NULL),('215','76','16','5000.00',NULL,'Y',NULL,NULL),('216','77','70','16000.00',NULL,'Y',NULL,NULL),('217','77','103','11000.00',NULL,'N',NULL,NULL),('218','77','22','5000.00',NULL,'N',NULL,NULL),('219','78','70','6000.00',NULL,'N',NULL,NULL),('220','78','16','6000.00',NULL,'Y',NULL,NULL),('221','79','74','16000.00',NULL,'Y',NULL,NULL),('222','79','103','11000.00',NULL,'N',NULL,NULL),('223','79','22','5000.00',NULL,'N',NULL,NULL),('224','80','74','12000.00',NULL,'N',NULL,NULL),('225','80','16','12000.00',NULL,'Y',NULL,NULL),('226','81','76','16000.00',NULL,'Y',NULL,NULL),('227','81','103','11000.00',NULL,'N',NULL,NULL),('228','81','22','5000.00',NULL,'N',NULL,NULL),('229','82','76','12000.00',NULL,'N',NULL,NULL),('230','82','16','12000.00',NULL,'Y',NULL,NULL),('236','85','107','16000.00',NULL,'Y',NULL,NULL),('237','85','103','11000.00',NULL,'N',NULL,NULL),('238','85','22','5000.00',NULL,'N',NULL,NULL),('239','86','107','16000.00',NULL,'N',NULL,NULL),('240','86','16','16000.00',NULL,'Y',NULL,NULL),('241','87','16','2500.00','Y','Y',NULL,NULL),('242','87','107','2500.00','N','N',NULL,NULL),('243','88','108','16000.00',NULL,'Y',NULL,NULL),('244','88','103','11000.00',NULL,'N',NULL,NULL),('245','88','22','5000.00',NULL,'N',NULL,NULL),('246','89','108','5000.00',NULL,'N',NULL,NULL),('247','89','18','5000.00',NULL,'Y',NULL,NULL),('248','90','59','16000.00',NULL,'Y',NULL,NULL),('249','90','103','11000.00',NULL,'N',NULL,NULL),('250','90','22','5000.00',NULL,'N',NULL,NULL),('251','91','59','11000.00',NULL,'N',NULL,NULL),('252','91','18','11000.00',NULL,'Y',NULL,NULL),('253','92','31','16000.00',NULL,'Y',NULL,NULL),('254','92','103','11000.00',NULL,'N',NULL,NULL),('255','92','22','5000.00',NULL,'N',NULL,NULL),('256','93','31','6000.00',NULL,'N',NULL,NULL),('257','93','16','6000.00',NULL,'Y',NULL,NULL),('258','94','18','5000.00',NULL,'Y',NULL,NULL),('259','94','31','5000.00',NULL,'N',NULL,NULL),('260','95','34','16000.00',NULL,'Y',NULL,NULL),('261','95','103','11000.00',NULL,'N',NULL,NULL),('262','95','22','5000.00',NULL,'N',NULL,NULL),('263','96','34','16000.00',NULL,'N',NULL,NULL),('264','96','16','16000.00',NULL,'Y',NULL,NULL),('265','97','40','16000.00',NULL,'Y',NULL,NULL),('266','97','103','11000.00',NULL,'N',NULL,NULL),('267','97','22','5000.00',NULL,'N',NULL,NULL),('268','98','40','12000.00',NULL,'N',NULL,NULL),('269','98','16','12000.00',NULL,'Y',NULL,NULL),('270','99','48','16000.00',NULL,'Y',NULL,NULL),('271','99','103','11000.00',NULL,'N',NULL,NULL),('272','99','22','5000.00',NULL,'N',NULL,NULL),('273','100','48','12000.00',NULL,'N',NULL,NULL),('274','100','16','12000.00',NULL,'Y',NULL,NULL),('275','101','42','16000.00',NULL,'Y',NULL,NULL),('276','101','103','11000.00',NULL,'N',NULL,NULL),('277','101','22','5000.00',NULL,'N',NULL,NULL),('278','102','42','11000.00',NULL,'N',NULL,NULL),('279','102','16','11000.00',NULL,'Y',NULL,NULL),('280','103','49','16000.00',NULL,'Y',NULL,NULL),('281','103','103','11000.00',NULL,'N',NULL,NULL),('282','103','22','5000.00',NULL,'N',NULL,NULL),('283','104','49','10000.00',NULL,'N',NULL,NULL),('284','104','16','10000.00',NULL,'Y',NULL,NULL),('285','105','52','16000.00',NULL,'Y',NULL,NULL),('286','105','103','11000.00',NULL,'N',NULL,NULL),('287','105','22','5000.00',NULL,'N',NULL,NULL),('288','106','52','11000.00',NULL,'N',NULL,NULL),('289','106','16','11000.00',NULL,'Y',NULL,NULL),('290','107','55','16000.00',NULL,'Y',NULL,NULL),('291','107','103','11000.00',NULL,'N',NULL,NULL),('292','107','22','5000.00',NULL,'N',NULL,NULL),('293','108','55','11000.00',NULL,'N',NULL,NULL),('294','108','16','11000.00',NULL,'Y',NULL,NULL),('295','109','63','16000.00',NULL,'Y',NULL,NULL),('296','109','103','11000.00',NULL,'N',NULL,NULL),('297','109','22','5000.00',NULL,'N',NULL,NULL),('298','110','63','6000.00',NULL,'N',NULL,NULL),('299','110','18','6000.00',NULL,'Y',NULL,NULL),('300','111','28','16000.00',NULL,'Y',NULL,NULL),('301','111','103','11000.00',NULL,'N',NULL,NULL),('302','111','22','5000.00',NULL,'N',NULL,NULL),('303','112','28','16000.00',NULL,'N',NULL,NULL),('304','112','16','16000.00',NULL,'Y',NULL,NULL),('305','113','45','16000.00',NULL,'Y',NULL,NULL),('306','113','103','11000.00',NULL,'N',NULL,NULL),('307','113','22','5000.00',NULL,'N',NULL,NULL),('308','114','45','11000.00',NULL,'N',NULL,NULL),('309','114','16','11000.00',NULL,'Y',NULL,NULL),('310','115','65','16000.00',NULL,'Y',NULL,NULL),('311','115','103','11000.00',NULL,'N',NULL,NULL),('312','115','22','5000.00',NULL,'N',NULL,NULL),('313','116','65','10000.00',NULL,'N',NULL,NULL),('314','116','16','10000.00',NULL,'Y',NULL,NULL),('320','119','106','16000.00',NULL,'Y',NULL,NULL),('321','119','103','11000.00',NULL,'N',NULL,NULL),('322','119','22','5000.00',NULL,'N',NULL,NULL),('323','120','106','4000.00',NULL,'N',NULL,NULL),('324','120','16','4000.00',NULL,'Y',NULL,NULL),('325','121','47','16000.00',NULL,'Y',NULL,NULL),('326','121','103','11000.00',NULL,'N',NULL,NULL),('327','121','22','5000.00',NULL,'N',NULL,NULL),('328','122','47','12000.00',NULL,'N',NULL,NULL),('329','122','16','12000.00',NULL,'Y',NULL,NULL),('335','125','56','16000.00',NULL,'Y',NULL,NULL),('336','125','103','11000.00',NULL,'N',NULL,NULL),('337','125','22','5000.00',NULL,'N',NULL,NULL),('338','126','56','11000.00',NULL,'N',NULL,NULL),('339','126','18','11000.00',NULL,'Y',NULL,NULL),('340','127','16','5000.00',NULL,'Y',NULL,NULL),('341','127','56','5000.00',NULL,'N',NULL,NULL),('349','131','113','16000.00',NULL,'Y',NULL,NULL),('350','131','103','11000.00',NULL,'N',NULL,NULL),('351','131','22','5000.00',NULL,'N',NULL,NULL),('352','132','113','13000.00',NULL,'N',NULL,NULL),('353','132','16','13000.00',NULL,'Y',NULL,NULL),('354','133','30','16000.00',NULL,'Y',NULL,NULL),('355','133','103','11000.00',NULL,'N',NULL,NULL),('356','133','22','5000.00',NULL,'N',NULL,NULL),('357','134','30','10000.00',NULL,'N',NULL,NULL),('358','134','18','10000.00',NULL,'Y',NULL,NULL),('359','135','38','16000.00',NULL,'Y',NULL,NULL),('360','135','103','11000.00',NULL,'N',NULL,NULL),('361','135','22','5000.00',NULL,'N',NULL,NULL),('362','136','38','11000.00',NULL,'N',NULL,NULL),('363','136','16','11000.00',NULL,'Y',NULL,NULL),('364','137','50','16000.00',NULL,'Y',NULL,NULL),('365','137','103','11000.00',NULL,'N',NULL,NULL),('366','137','22','5000.00',NULL,'N',NULL,NULL),('367','138','50','11000.00',NULL,'N',NULL,NULL),('368','138','18','11000.00',NULL,'Y',NULL,NULL),('369','139','51','16000.00',NULL,'Y',NULL,NULL),('370','139','103','11000.00',NULL,'N',NULL,NULL),('371','139','22','5000.00',NULL,'N',NULL,NULL),('372','140','51','11000.00',NULL,'N',NULL,NULL),('373','140','18','11000.00',NULL,'Y',NULL,NULL),('374','141','60','16000.00',NULL,'Y',NULL,NULL),('375','141','103','11000.00',NULL,'N',NULL,NULL),('376','141','22','5000.00',NULL,'N',NULL,NULL),('377','142','60','11000.00',NULL,'N',NULL,NULL),('378','142','18','11000.00',NULL,'Y',NULL,NULL),('379','143','61','16000.00',NULL,'Y',NULL,NULL),('380','143','103','11000.00',NULL,'N',NULL,NULL),('381','143','22','5000.00',NULL,'N',NULL,NULL),('382','144','61','11000.00',NULL,'N',NULL,NULL),('383','144','16','11000.00',NULL,'Y',NULL,NULL),('384','145','64','16000.00',NULL,'Y',NULL,NULL),('385','145','103','11000.00',NULL,'N',NULL,NULL),('386','145','22','5000.00',NULL,'N',NULL,NULL),('387','146','64','16000.00',NULL,'N',NULL,NULL),('388','146','16','16000.00',NULL,'Y',NULL,NULL),('389','147','39','16000.00',NULL,'Y',NULL,NULL),('390','147','103','11000.00',NULL,'N',NULL,NULL),('391','147','22','5000.00',NULL,'N',NULL,NULL),('392','148','39','11000.00',NULL,'N',NULL,NULL),('393','148','18','11000.00',NULL,'Y',NULL,NULL),('394','149','43','16000.00',NULL,'Y',NULL,NULL),('395','149','103','11000.00',NULL,'N',NULL,NULL),('396','149','22','5000.00',NULL,'N',NULL,NULL),('397','150','43','10000.00',NULL,'N',NULL,NULL),('398','150','18','10000.00',NULL,'Y',NULL,NULL),('399','151','95','16000.00',NULL,'Y',NULL,NULL),('400','151','103','11000.00',NULL,'N',NULL,NULL),('401','151','22','5000.00',NULL,'N',NULL,NULL),('402','152','95','10000.00',NULL,'N',NULL,NULL),('403','152','16','10000.00',NULL,'Y',NULL,NULL),('411','156','114','16000.00',NULL,'Y',NULL,NULL),('412','156','103','11000.00',NULL,'N',NULL,NULL),('413','156','22','5000.00',NULL,'N',NULL,NULL),('414','157','114','2000.00',NULL,'N',NULL,NULL),('415','157','16','2000.00',NULL,'Y',NULL,NULL),('423','161','117','16000.00',NULL,'Y',NULL,NULL),('424','161','103','11000.00',NULL,'N',NULL,NULL),('425','161','22','5000.00',NULL,'N',NULL,NULL),('426','162','117','5500.00',NULL,'N',NULL,NULL),('427','162','16','5500.00',NULL,'Y',NULL,NULL),('428','153','65','1000.00',NULL,'N',NULL,NULL),('429','153','16','1000.00',NULL,'Y',NULL,NULL),('430','163','16','2500.00','Y','Y',NULL,NULL),('431','163','65','2500.00','N','N',NULL,NULL),('432','164','73','2500.00',NULL,'N',NULL,NULL),('433','164','65','2500.00',NULL,'Y',NULL,NULL),('436','166','120','16000.00',NULL,'Y',NULL,NULL),('437','166','103','11000.00',NULL,'N',NULL,NULL),('438','166','22','5000.00',NULL,'N',NULL,NULL),('439','167','120','1000.00',NULL,'N',NULL,NULL),('440','167','16','1000.00',NULL,'Y',NULL,NULL),('441','168','119','16000.00',NULL,'Y',NULL,NULL),('442','168','103','11000.00',NULL,'N',NULL,NULL),('443','168','22','5000.00',NULL,'N',NULL,NULL),('444','169','119','1000.00',NULL,'N',NULL,NULL),('445','169','16','1000.00',NULL,'Y',NULL,NULL),('446','170','121','16000.00',NULL,'Y',NULL,NULL),('447','170','103','11000.00',NULL,'N',NULL,NULL),('448','170','22','5000.00',NULL,'N',NULL,NULL),('449','171','121','1000.00',NULL,'N',NULL,NULL),('450','171','16','1000.00',NULL,'Y',NULL,NULL),('451','172','16','2000.00',NULL,'Y',NULL,NULL),('452','172','61','2000.00',NULL,'N',NULL,NULL),('458','160','16','2500.00','Y','N',NULL,NULL),('459','160','73','2500.00','N','Y',NULL,NULL),('470','179','115','16000.00',NULL,'Y',NULL,NULL),('471','179','103','11000.00',NULL,'N',NULL,NULL),('472','179','22','5000.00',NULL,'N',NULL,NULL),('473','180','115','16000.00',NULL,'N',NULL,NULL),('474','180','16','16000.00',NULL,'Y',NULL,NULL),('475','181','16','2500.00','Y','Y',NULL,NULL),('476','181','115','2500.00','N','N',NULL,NULL),('477','182','73','2500.00',NULL,'N',NULL,NULL),('478','182','115','2500.00',NULL,'Y',NULL,NULL),('479','183','16','1000.00',NULL,'Y',NULL,NULL),('480','183','44','1000.00',NULL,'N',NULL,NULL),('481','184','16','1500.00','Y','Y',NULL,NULL),('482','184','44','1500.00','N','N',NULL,NULL),('483','185','73','1500.00',NULL,'N',NULL,NULL),('484','185','44','1500.00',NULL,'Y',NULL,NULL),('488','188','130','16000.00',NULL,'Y',NULL,NULL),('489','188','103','11000.00',NULL,'N',NULL,NULL),('490','188','22','5000.00',NULL,'N',NULL,NULL),('491','189','130','15000.00',NULL,'N',NULL,NULL),('492','189','16','15000.00',NULL,'Y',NULL,NULL),('493','190','16','3500.00','Y','Y',NULL,NULL),('494','190','130','3500.00','N','N',NULL,NULL),('495','191','73','3500.00',NULL,'N',NULL,NULL),('496','191','130','3500.00',NULL,'Y',NULL,NULL),('497','192','130','1000.00',NULL,'N',NULL,NULL),('498','192','133','1000.00',NULL,'Y',NULL,NULL),('499','193','116','16000.00',NULL,'Y',NULL,NULL),('500','193','103','11000.00',NULL,'N',NULL,NULL),('501','193','22','5000.00',NULL,'N',NULL,NULL),('502','194','116','11000.00',NULL,'N',NULL,NULL),('503','194','16','11000.00',NULL,'Y',NULL,NULL),('504','195','133','5000.00',NULL,'Y',NULL,NULL),('505','195','116','5000.00',NULL,'N',NULL,NULL),('506','196','39','5000.00',NULL,'N',NULL,NULL),('507','196','133','5000.00',NULL,'Y',NULL,NULL),('508','197','38','5000.00',NULL,'N',NULL,NULL),('509','197','133','5000.00',NULL,'Y',NULL,NULL),('514','200','18','2000.00',NULL,'Y',NULL,NULL),('515','200','16','2000.00',NULL,'N',NULL,NULL),('516','201','16','2000.00','Y','Y',NULL,NULL),('517','201','43','2000.00','N','N',NULL,NULL),('518','202','43','4000.00',NULL,'N',NULL,NULL),('519','202','133','4000.00',NULL,'Y',NULL,NULL),('520','203','127','16000.00',NULL,'Y',NULL,NULL),('521','203','103','11000.00',NULL,'N',NULL,NULL),('522','203','22','5000.00',NULL,'N',NULL,NULL),('523','204','127','11000.00',NULL,'N',NULL,NULL),('524','204','16','11000.00',NULL,'Y',NULL,NULL),('525','205','127','5000.00',NULL,'N',NULL,NULL),('526','205','133','5000.00',NULL,'Y',NULL,NULL),('527','206','18','11000.00',NULL,'Y',NULL,NULL),('528','206','16','11000.00',NULL,'N',NULL,NULL),('529','207','128','16000.00',NULL,'Y',NULL,NULL),('530','207','103','11000.00',NULL,'N',NULL,NULL),('531','207','22','5000.00',NULL,'N',NULL,NULL),('532','208','128','11000.00',NULL,'N',NULL,NULL),('533','208','16','11000.00',NULL,'Y',NULL,NULL),('534','209','128','5000.00',NULL,'N',NULL,NULL),('535','209','133','5000.00',NULL,'Y',NULL,NULL),('538','211','16','7000.00',NULL,'Y',NULL,NULL),('539','211','67','7000.00',NULL,'N',NULL,NULL),('546','215','18','3000.00',NULL,'Y',NULL,NULL),('547','215','16','3000.00',NULL,'N',NULL,NULL),('548','216','73','3000.00',NULL,'N',NULL,NULL),('549','216','50','3000.00',NULL,'Y',NULL,NULL),('560','214','16','3000.00','Y','Y',NULL,NULL),('561','214','50','3000.00','N','N',NULL,NULL),('562','217','18','3000.00',NULL,'Y',NULL,NULL),('563','217','16','3000.00',NULL,'N',NULL,NULL),('564','218','73','3000.00',NULL,'N',NULL,NULL),('565','218','51','3000.00',NULL,'Y',NULL,NULL),('566','219','16','3000.00','Y','Y',NULL,NULL),('567','219','51','3000.00','N','N',NULL,NULL),('568','220','60','5000.00',NULL,'N',NULL,NULL),('569','220','133','5000.00',NULL,'Y',NULL,NULL),('570','213','18','7000.00',NULL,'Y',NULL,NULL),('571','213','16','7000.00',NULL,'N',NULL,NULL),('572','212','18','5000.00',NULL,'Y',NULL,NULL),('573','212','16','5000.00',NULL,'N',NULL,NULL),('574','210','18','11000.00',NULL,'Y',NULL,NULL),('575','210','16','11000.00',NULL,'N',NULL,NULL),('576','221','134','16000.00',NULL,'Y',NULL,NULL),('577','221','103','11000.00',NULL,'N',NULL,NULL),('578','221','22','5000.00',NULL,'N',NULL,NULL),('579','222','134','14500.00',NULL,'N',NULL,NULL),('580','222','16','14500.00',NULL,'Y',NULL,NULL),('581','223','18','14500.00',NULL,'Y',NULL,NULL),('582','223','16','14500.00',NULL,'N',NULL,NULL),('583','224','134','1500.00',NULL,'N',NULL,NULL),('584','224','133','1500.00',NULL,'Y',NULL,NULL),('585','199','18','18500.00',NULL,'Y',NULL,NULL),('586','199','16','18500.00',NULL,'N',NULL,NULL),('587','198','18','11000.00',NULL,'Y',NULL,NULL),('588','198','16','11000.00',NULL,'N',NULL,NULL),('589','225','18','11000.00',NULL,'Y',NULL,NULL),('590','225','16','11000.00',NULL,'N',NULL,NULL),('591','226','18','2000.00',NULL,'Y',NULL,NULL),('592','226','16','2000.00',NULL,'N',NULL,NULL),('593','227','61','3000.00',NULL,'N',NULL,NULL),('594','227','133','3000.00',NULL,'Y',NULL,NULL),('595','228','18','16000.00',NULL,'Y',NULL,NULL),('596','228','16','16000.00',NULL,'N',NULL,NULL),('597','229','18','11000.00',NULL,'Y',NULL,NULL),('598','229','16','11000.00',NULL,'N',NULL,NULL),('599','230','124','16000.00',NULL,'Y',NULL,NULL),('600','230','103','11000.00',NULL,'N',NULL,NULL),('601','230','22','5000.00',NULL,'N',NULL,NULL),('602','231','124','5000.00',NULL,'N',NULL,NULL),('603','231','16','5000.00',NULL,'Y',NULL,NULL),('604','232','18','5000.00',NULL,'Y',NULL,NULL),('605','232','16','5000.00',NULL,'N',NULL,NULL),('606','233','18','12000.00',NULL,'Y',NULL,NULL),('607','233','16','12000.00',NULL,'N',NULL,NULL),('608','234','47','4000.00',NULL,'N',NULL,NULL),('609','234','133','4000.00',NULL,'Y',NULL,NULL),('610','235','18','5000.00',NULL,'Y',NULL,NULL),('611','235','16','5000.00',NULL,'N',NULL,NULL),('612','236','16','2700.00','Y','Y',NULL,NULL),('613','236','113','2700.00','N','N',NULL,NULL),('614','237','73','2700.00',NULL,'N',NULL,NULL),('615','237','113','2700.00',NULL,'Y',NULL,NULL),('616','238','18','15700.00',NULL,'Y',NULL,NULL),('617','238','16','15700.00',NULL,'N',NULL,NULL),('618','239','113','3000.00',NULL,'N',NULL,NULL),('619','239','133','3000.00',NULL,'Y',NULL,NULL),('620','240','125','16000.00',NULL,'Y',NULL,NULL),('621','240','103','11000.00',NULL,'N',NULL,NULL),('622','240','22','5000.00',NULL,'N',NULL,NULL),('623','241','125','5000.00',NULL,'N',NULL,NULL),('624','241','16','5000.00',NULL,'Y',NULL,NULL),('625','242','18','7700.00',NULL,'Y',NULL,NULL),('626','242','16','7700.00',NULL,'N',NULL,NULL),('627','243','73','2700.00',NULL,'N',NULL,NULL),('628','243','125','2700.00',NULL,'Y',NULL,NULL),('629','244','16','2700.00','Y','Y',NULL,NULL),('630','244','125','2700.00','N','N',NULL,NULL),('631','245','126','16000.00',NULL,'Y',NULL,NULL),('632','245','103','11000.00',NULL,'N',NULL,NULL),('633','245','22','5000.00',NULL,'N',NULL,NULL),('634','246','126','12000.00',NULL,'N',NULL,NULL),('635','246','16','12000.00',NULL,'Y',NULL,NULL),('636','247','18','12000.00',NULL,'Y',NULL,NULL),('637','247','16','12000.00',NULL,'N',NULL,NULL),('638','248','126','4000.00',NULL,'N',NULL,NULL),('639','248','133','4000.00',NULL,'Y',NULL,NULL),('640','249','18','16000.00',NULL,'Y',NULL,NULL),('641','249','16','16000.00',NULL,'N',NULL,NULL),('642','250','18','11000.00',NULL,'Y',NULL,NULL),('643','250','16','11000.00',NULL,'N',NULL,NULL),('644','251','45','5000.00',NULL,'N',NULL,NULL),('645','251','133','5000.00',NULL,'Y',NULL,NULL),('646','252','18','10000.00',NULL,'Y',NULL,NULL),('647','252','16','10000.00',NULL,'N',NULL,NULL),('648','253','18','2500.00',NULL,'Y',NULL,NULL),('649','253','16','2500.00',NULL,'N',NULL,NULL),('650','254','18','1000.00',NULL,'Y',NULL,NULL),('651','254','16','1000.00',NULL,'N',NULL,NULL),('652','255','18','6700.00',NULL,'Y',NULL,NULL),('653','255','16','6700.00',NULL,'N',NULL,NULL),('654','256','135','16000.00',NULL,'Y',NULL,NULL),('655','256','103','11000.00',NULL,'N',NULL,NULL),('656','256','22','5000.00',NULL,'N',NULL,NULL),('657','257','135','12000.00',NULL,'N',NULL,NULL),('658','257','16','12000.00',NULL,'Y',NULL,NULL),('659','258','18','12000.00',NULL,'Y',NULL,NULL),('660','258','16','12000.00',NULL,'N',NULL,NULL),('661','259','135','4000.00',NULL,'N',NULL,NULL),('662','259','133','4000.00',NULL,'Y',NULL,NULL),('663','260','136','16000.00',NULL,'Y',NULL,NULL),('664','260','103','11000.00',NULL,'N',NULL,NULL),('665','260','22','5000.00',NULL,'N',NULL,NULL),('666','261','136','11000.00',NULL,'N',NULL,NULL),('667','261','16','11000.00',NULL,'Y',NULL,NULL),('668','262','18','11000.00',NULL,'Y',NULL,NULL),('669','262','16','11000.00',NULL,'N',NULL,NULL),('670','263','136','5000.00',NULL,'N',NULL,NULL),('671','263','133','5000.00',NULL,'Y',NULL,NULL),('672','264','137','16000.00',NULL,'Y',NULL,NULL),('673','264','103','11000.00',NULL,'N',NULL,NULL),('674','264','22','5000.00',NULL,'N',NULL,NULL),('675','265','137','15000.00',NULL,'N',NULL,NULL),('676','265','16','15000.00',NULL,'Y',NULL,NULL),('677','266','137','1000.00',NULL,'N',NULL,NULL),('678','266','133','1000.00',NULL,'Y',NULL,NULL),('679','267','106','4000.00',NULL,'N',NULL,NULL),('680','267','133','4000.00',NULL,'Y',NULL,NULL),('681','268','73','2700.00',NULL,'N',NULL,NULL),('682','268','106','2700.00',NULL,'Y',NULL,NULL),('683','269','16','2700.00','Y','Y',NULL,NULL),('684','269','106','2700.00','N','N',NULL,NULL),('685','270','132','16000.00',NULL,'Y',NULL,NULL),('686','270','103','11000.00',NULL,'N',NULL,NULL),('687','270','22','5000.00',NULL,'N',NULL,NULL),('688','271','132','7000.00',NULL,'N',NULL,NULL),('689','271','16','7000.00',NULL,'Y',NULL,NULL),('690','272','18','7000.00',NULL,'Y',NULL,NULL),('691','272','16','7000.00',NULL,'N',NULL,NULL),('692','273','18','6000.00',NULL,'Y',NULL,NULL),('693','273','16','6000.00',NULL,'N',NULL,NULL),('694','274','18','1000.00',NULL,'Y',NULL,NULL),('695','274','16','1000.00',NULL,'N',NULL,NULL),('696','275','31','4000.00',NULL,'N',NULL,NULL),('697','275','133','4000.00',NULL,'Y',NULL,NULL),('698','276','18','16000.00',NULL,'Y',NULL,NULL),('699','276','16','16000.00',NULL,'N',NULL,NULL),('700','277','18','12000.00',NULL,'Y',NULL,NULL),('701','277','16','12000.00',NULL,'N',NULL,NULL),('702','278','40','4000.00',NULL,'N',NULL,NULL),('703','278','133','4000.00',NULL,'Y',NULL,NULL),('704','279','18','12000.00',NULL,'Y',NULL,NULL),('705','279','16','12000.00',NULL,'N',NULL,NULL),('706','280','48','4000.00',NULL,'N',NULL,NULL),('707','280','133','4000.00',NULL,'Y',NULL,NULL),('708','281','140','16000.00',NULL,'Y',NULL,NULL),('709','281','103','11000.00',NULL,'N',NULL,NULL),('710','281','22','5000.00',NULL,'N',NULL,NULL),('711','282','140','11000.00',NULL,'N',NULL,NULL),('712','282','16','11000.00',NULL,'Y',NULL,NULL),('713','283','18','11000.00',NULL,'Y',NULL,NULL),('714','283','16','11000.00',NULL,'N',NULL,NULL),('715','284','140','5000.00',NULL,'N',NULL,NULL),('716','284','133','5000.00',NULL,'Y',NULL,NULL),('717','285','16','1000.00',NULL,'Y',NULL,NULL),('718','285','50','1000.00',NULL,'N',NULL,NULL),('719','286','16','1000.00',NULL,'Y',NULL,NULL),('720','286','51','1000.00',NULL,'N',NULL,NULL),('721','287','18','2000.00',NULL,'Y',NULL,NULL),('722','287','16','2000.00',NULL,'N',NULL,NULL),('723','288','50','4000.00',NULL,'N',NULL,NULL),('724','288','133','4000.00',NULL,'Y',NULL,NULL),('725','289','51','4000.00',NULL,'N',NULL,NULL),('726','289','133','4000.00',NULL,'Y',NULL,NULL),('727','290','138','16000.00',NULL,'Y',NULL,NULL),('728','290','103','11000.00',NULL,'N',NULL,NULL),('729','290','22','5000.00',NULL,'N',NULL,NULL),('730','291','138','13500.00',NULL,'N',NULL,NULL),('731','291','18','13500.00',NULL,'Y',NULL,NULL),('732','292','138','2500.00',NULL,'N',NULL,NULL),('733','292','133','2500.00',NULL,'Y',NULL,NULL),('734','293','139','16000.00',NULL,'Y',NULL,NULL),('735','293','103','11000.00',NULL,'N',NULL,NULL),('736','293','22','5000.00',NULL,'N',NULL,NULL),('737','294','139','16000.00',NULL,'N',NULL,NULL),('738','294','18','16000.00',NULL,'Y',NULL,NULL),('739','295','18','3500.00','Y','Y',NULL,NULL),('740','295','139','3500.00','N','N',NULL,NULL),('741','296','73','3500.00',NULL,'N',NULL,NULL),('742','296','139','3500.00',NULL,'Y',NULL,NULL),('743','297','141','16000.00',NULL,'Y',NULL,NULL),('744','297','103','11000.00',NULL,'N',NULL,NULL),('745','297','22','5000.00',NULL,'N',NULL,NULL),('746','298','141','2000.00',NULL,'N',NULL,NULL),('747','298','16','2000.00',NULL,'Y',NULL,NULL),('748','299','142','16000.00',NULL,'Y',NULL,NULL),('749','299','103','11000.00',NULL,'N',NULL,NULL),('750','299','22','5000.00',NULL,'N',NULL,NULL),('751','300','142','5000.00',NULL,'N',NULL,NULL),('752','300','16','5000.00',NULL,'Y',NULL,NULL),('758','303','18','2000.00',NULL,'Y',NULL,NULL),('759','303','16','2000.00',NULL,'N',NULL,NULL),('760','304','18','5000.00',NULL,'Y',NULL,NULL),('761','304','16','5000.00',NULL,'N',NULL,NULL),('762','305','143','16000.00',NULL,'Y',NULL,NULL),('763','305','103','11000.00',NULL,'N',NULL,NULL),('764','305','22','5000.00',NULL,'N',NULL,NULL),('765','306','143','10000.00',NULL,'N',NULL,NULL),('766','306','16','10000.00',NULL,'Y',NULL,NULL),('767','307','18','13000.00',NULL,'Y',NULL,NULL),('768','307','16','13000.00',NULL,'N',NULL,NULL),('769','308','73','3000.00',NULL,'N',NULL,NULL),('770','308','143','3000.00',NULL,'Y',NULL,NULL),('771','309','16','3000.00','Y','Y',NULL,NULL),('772','309','143','3000.00','N','N',NULL,NULL),('773','310','143','6000.00',NULL,'N',NULL,NULL),('774','310','133','6000.00',NULL,'Y',NULL,NULL),('775','311','144','16000.00',NULL,'Y',NULL,NULL),('776','311','103','11000.00',NULL,'N',NULL,NULL),('777','311','22','5000.00',NULL,'N',NULL,NULL),('778','312','144','16000.00',NULL,'N',NULL,NULL),('779','312','16','16000.00',NULL,'Y',NULL,NULL),('780','313','18','16000.00',NULL,'Y',NULL,NULL),('781','313','16','16000.00',NULL,'N',NULL,NULL),('782','314','18','5000.00',NULL,'Y',NULL,NULL),('783','314','16','5000.00',NULL,'N',NULL,NULL),('784','315','16','5000.00',NULL,'Y',NULL,NULL),('785','315','142','5000.00',NULL,'N',NULL,NULL),('788','317','145','16000.00',NULL,'Y',NULL,NULL),('789','317','103','11000.00',NULL,'N',NULL,NULL),('790','317','22','5000.00',NULL,'N',NULL,NULL),('791','318','145','10000.00',NULL,'N',NULL,NULL),('792','318','16','10000.00',NULL,'Y',NULL,NULL),('793','319','18','10000.00',NULL,'Y',NULL,NULL),('794','319','16','10000.00',NULL,'N',NULL,NULL),('795','320','145','6000.00',NULL,'N',NULL,NULL),('796','320','133','6000.00',NULL,'Y',NULL,NULL),('797','321','16','1000.00',NULL,'Y',NULL,NULL),('798','321','66','1000.00',NULL,'N',NULL,NULL),('799','322','18','1000.00',NULL,'Y',NULL,NULL),('800','322','16','1000.00',NULL,'N',NULL,NULL),('801','323','66','4000.00',NULL,'N',NULL,NULL),('802','323','133','4000.00',NULL,'Y',NULL,NULL),('803','324','73','2500.00',NULL,'N',NULL,NULL),('804','324','107','2500.00',NULL,'Y',NULL,NULL),('805','325','75','4000.00',NULL,'N',NULL,NULL),('806','325','133','4000.00',NULL,'Y',NULL,NULL),('807','326','18','5000.00',NULL,'Y',NULL,NULL),('808','326','16','5000.00',NULL,'N',NULL,NULL),('809','327','18','6000.00',NULL,'Y',NULL,NULL),('810','327','16','6000.00',NULL,'N',NULL,NULL),('811','328','16','6000.00',NULL,'Y',NULL,NULL),('812','328','111','6000.00',NULL,'N',NULL,NULL),('813','329','18','11000.00',NULL,'Y',NULL,NULL),('814','329','16','11000.00',NULL,'N',NULL,NULL),('815','330','18','1000.00',NULL,'Y',NULL,NULL),('816','330','16','1000.00',NULL,'N',NULL,NULL),('817','331','16','1000.00',NULL,'Y',NULL,NULL),('818','331','55','1000.00',NULL,'N',NULL,NULL),('819','332','18','11000.00',NULL,'Y',NULL,NULL),('820','332','16','11000.00',NULL,'N',NULL,NULL),('821','333','18','1000.00',NULL,'Y',NULL,NULL),('822','333','16','1000.00',NULL,'N',NULL,NULL),('825','334','52','1000.00',NULL,'N',NULL,NULL),('826','334','16','1000.00',NULL,'Y',NULL,NULL),('827','335','52','4000.00',NULL,'N',NULL,NULL),('828','335','133','4000.00',NULL,'Y',NULL,NULL),('831','337','18','10000.00',NULL,'Y',NULL,NULL),('832','337','16','10000.00',NULL,'N',NULL,NULL),('833','338','18','5000.00',NULL,'Y',NULL,NULL),('834','338','16','5000.00',NULL,'N',NULL,NULL),('839','336','49','5000.00',NULL,'N',NULL,NULL),('840','336','16','5000.00',NULL,'Y',NULL,NULL),('841','339','49','1000.00',NULL,'N',NULL,NULL),('842','339','133','1000.00',NULL,'Y',NULL,NULL),('843','340','18','11000.00',NULL,'Y',NULL,NULL),('844','340','16','11000.00',NULL,'N',NULL,NULL),('845','341','18','3000.00',NULL,'Y',NULL,NULL),('846','341','16','3000.00',NULL,'N',NULL,NULL),('847','342','42','2000.00',NULL,'N',NULL,NULL),('848','342','133','2000.00',NULL,'Y',NULL,NULL),('849','343','16','3000.00',NULL,'Y',NULL,NULL),('850','343','42','3000.00',NULL,'N',NULL,NULL),('851','344','16','1000.00',NULL,'Y',NULL,NULL),('852','344','31','1000.00',NULL,'N',NULL,NULL),('855','346','16','1000.00',NULL,'Y',NULL,NULL),('856','346','33','1000.00',NULL,'N',NULL,NULL),('857','347','146','16000.00',NULL,'Y',NULL,NULL),('858','347','103','11000.00',NULL,'N',NULL,NULL),('859','347','22','5000.00',NULL,'N',NULL,NULL),('860','348','146','10800.00',NULL,'N',NULL,NULL),('861','348','16','10800.00',NULL,'Y',NULL,NULL),('862','349','18','10800.00',NULL,'Y',NULL,NULL),('863','349','16','10800.00',NULL,'N',NULL,NULL),('864','350','146','5200.00',NULL,'N',NULL,NULL),('865','350','133','5200.00',NULL,'Y',NULL,NULL),('866','351','147','16000.00',NULL,'Y',NULL,NULL),('867','351','103','11000.00',NULL,'N',NULL,NULL),('868','351','22','5000.00',NULL,'N',NULL,NULL),('869','352','147','15000.00',NULL,'N',NULL,NULL),('870','352','18','15000.00',NULL,'Y',NULL,NULL),('871','353','147','1000.00',NULL,'N',NULL,NULL),('872','353','133','1000.00',NULL,'Y',NULL,NULL),('873','354','148','16000.00',NULL,'Y',NULL,NULL),('874','354','103','11000.00',NULL,'N',NULL,NULL),('875','354','22','5000.00',NULL,'N',NULL,NULL),('876','355','148','5000.00',NULL,'N',NULL,NULL),('877','355','18','5000.00',NULL,'Y',NULL,NULL),('878','356','149','16000.00',NULL,'Y',NULL,NULL),('879','356','103','11000.00',NULL,'N',NULL,NULL),('880','356','22','5000.00',NULL,'N',NULL,NULL),('881','357','149','10000.00',NULL,'N',NULL,NULL),('882','357','16','10000.00',NULL,'Y',NULL,NULL),('883','358','18','10000.00',NULL,'Y',NULL,NULL),('884','358','16','10000.00',NULL,'N',NULL,NULL),('885','359','149','6000.00',NULL,'N',NULL,NULL),('886','359','133','6000.00',NULL,'Y',NULL,NULL),('887','360','150','16000.00',NULL,'Y',NULL,NULL),('888','360','103','11000.00',NULL,'N',NULL,NULL),('889','360','22','5000.00',NULL,'N',NULL,NULL),('890','361','150','19200.00',NULL,'N',NULL,NULL),('891','361','18','19200.00',NULL,'Y',NULL,NULL),('892','362','73','3200.00',NULL,'N',NULL,NULL),('893','362','150','3200.00',NULL,'Y',NULL,NULL),('894','363','16','4000.00',NULL,'Y',NULL,NULL),('895','363','70','4000.00',NULL,'N',NULL,NULL),('896','364','18','4000.00',NULL,'Y',NULL,NULL),('897','364','16','4000.00',NULL,'N',NULL,NULL),('898','365','70','6000.00',NULL,'N',NULL,NULL),('899','365','133','6000.00',NULL,'Y',NULL,NULL),('900','366','18','6000.00',NULL,'Y',NULL,NULL),('901','366','16','6000.00',NULL,'N',NULL,NULL),('902','367','155','16000.00',NULL,'Y',NULL,NULL),('903','367','103','11000.00',NULL,'N',NULL,NULL),('904','367','22','5000.00',NULL,'N',NULL,NULL),('905','368','155','15000.00',NULL,'N',NULL,NULL),('906','368','18','15000.00',NULL,'Y',NULL,NULL),('907','369','73','2500.00',NULL,'N',NULL,NULL),('908','369','155','2500.00',NULL,'Y',NULL,NULL),('909','370','155','3500.00',NULL,'N',NULL,NULL),('910','370','133','3500.00',NULL,'Y',NULL,NULL),('911','371','154','16000.00',NULL,'Y',NULL,NULL),('912','371','103','11000.00',NULL,'N',NULL,NULL),('913','371','22','5000.00',NULL,'N',NULL,NULL),('914','372','154','10000.00',NULL,'N',NULL,NULL),('915','372','16','10000.00',NULL,'Y',NULL,NULL),('916','373','154','6000.00',NULL,'N',NULL,NULL),('917','373','133','6000.00',NULL,'Y',NULL,NULL),('918','374','18','10000.00',NULL,'Y',NULL,NULL),('919','374','16','10000.00',NULL,'N',NULL,NULL),('920','375','153','16000.00',NULL,'Y',NULL,NULL),('921','375','103','11000.00',NULL,'N',NULL,NULL),('922','375','22','5000.00',NULL,'N',NULL,NULL),('923','376','153','11000.00',NULL,'N',NULL,NULL),('924','376','16','11000.00',NULL,'Y',NULL,NULL),('925','377','18','11000.00',NULL,'Y',NULL,NULL),('926','377','16','11000.00',NULL,'N',NULL,NULL),('927','378','153','5000.00',NULL,'N',NULL,NULL),('928','378','133','5000.00',NULL,'Y',NULL,NULL),('929','379','152','16000.00',NULL,'Y',NULL,NULL),('930','379','103','11000.00',NULL,'N',NULL,NULL),('931','379','22','5000.00',NULL,'N',NULL,NULL),('932','380','152','11000.00',NULL,'N',NULL,NULL),('933','380','16','11000.00',NULL,'Y',NULL,NULL),('934','381','18','11000.00',NULL,'Y',NULL,NULL),('935','381','16','11000.00',NULL,'N',NULL,NULL),('936','382','152','5000.00',NULL,'N',NULL,NULL),('937','382','133','5000.00',NULL,'Y',NULL,NULL),('938','383','151','16000.00',NULL,'Y',NULL,NULL),('939','383','103','11000.00',NULL,'N',NULL,NULL),('940','383','22','5000.00',NULL,'N',NULL,NULL),('941','384','151','11000.00',NULL,'N',NULL,NULL),('942','384','16','11000.00',NULL,'Y',NULL,NULL),('943','385','18','5000.00',NULL,'Y',NULL,NULL),('944','385','16','5000.00',NULL,'N',NULL,NULL),('945','386','151','5000.00',NULL,'N',NULL,NULL),('946','386','133','5000.00',NULL,'Y',NULL,NULL),('947','387','18','11000.00',NULL,'Y',NULL,NULL),('948','387','16','11000.00',NULL,'N',NULL,NULL),('949','388','18','10000.00',NULL,'Y',NULL,NULL),('950','388','16','10000.00',NULL,'N',NULL,NULL),('951','389','18','6000.00',NULL,'Y',NULL,NULL),('952','389','16','6000.00',NULL,'N',NULL,NULL),('953','390','16','1000.00',NULL,'Y',NULL,NULL),('954','390','142','1000.00',NULL,'N',NULL,NULL),('955','391','18','1000.00',NULL,'Y',NULL,NULL),('956','391','16','1000.00',NULL,'N',NULL,NULL),('957','316','142','5000.00',NULL,'N',NULL,NULL),('958','316','133','5000.00',NULL,'Y',NULL,NULL),('959','392','16','6000.00',NULL,'Y',NULL,NULL),('960','392','148','6000.00',NULL,'N',NULL,NULL),('961','393','18','6000.00',NULL,'Y',NULL,NULL),('962','393','16','6000.00',NULL,'N',NULL,NULL),('963','394','148','5000.00',NULL,'N',NULL,NULL),('964','394','133','5000.00',NULL,'Y',NULL,NULL),('965','395','156','16000.00',NULL,'Y',NULL,NULL),('966','395','103','11000.00',NULL,'N',NULL,NULL),('967','395','22','5000.00',NULL,'N',NULL,NULL),('968','396','156','11000.00',NULL,'N',NULL,NULL),('969','396','16','11000.00',NULL,'Y',NULL,NULL),('970','397','18','11000.00',NULL,'Y',NULL,NULL),('971','397','16','11000.00',NULL,'N',NULL,NULL),('972','398','156','5000.00',NULL,'N',NULL,NULL),('973','398','133','5000.00',NULL,'Y',NULL,NULL),('974','399','157','16000.00',NULL,'Y',NULL,NULL),('975','399','103','11000.00',NULL,'N',NULL,NULL),('976','399','22','5000.00',NULL,'N',NULL,NULL),('977','400','157','2500.00',NULL,'N',NULL,NULL),('978','400','16','2500.00',NULL,'Y',NULL,NULL),('979','401','18','7500.00',NULL,'Y',NULL,NULL),('980','401','157','7500.00',NULL,'N',NULL,NULL),('981','402','18','2500.00',NULL,'Y',NULL,NULL),('982','402','16','2500.00',NULL,'N',NULL,NULL),('983','403','158','16000.00',NULL,'Y',NULL,NULL),('984','403','103','11000.00',NULL,'N',NULL,NULL),('985','403','22','5000.00',NULL,'N',NULL,NULL),('986','404','158','10000.00',NULL,'N',NULL,NULL),('987','404','16','10000.00',NULL,'Y',NULL,NULL),('988','405','159','16000.00',NULL,'Y',NULL,NULL),('989','405','103','11000.00',NULL,'N',NULL,NULL),('990','405','22','5000.00',NULL,'N',NULL,NULL),('991','406','159','5000.00',NULL,'N',NULL,NULL),('992','406','16','5000.00',NULL,'Y',NULL,NULL),('993','407','160','16000.00',NULL,'Y',NULL,NULL),('994','407','103','11000.00',NULL,'N',NULL,NULL),('995','407','22','5000.00',NULL,'N',NULL,NULL),('996','408','160','5000.00',NULL,'N',NULL,NULL),('997','408','16','5000.00',NULL,'Y',NULL,NULL),('998','409','161','16000.00',NULL,'Y',NULL,NULL),('999','409','103','11000.00',NULL,'N',NULL,NULL),('1000','409','22','5000.00',NULL,'N',NULL,NULL),('1001','410','161','5000.00',NULL,'N',NULL,NULL),('1002','410','16','5000.00',NULL,'Y',NULL,NULL),('1003','411','162','16000.00',NULL,'Y',NULL,NULL),('1004','411','103','11000.00',NULL,'N',NULL,NULL),('1005','411','22','5000.00',NULL,'N',NULL,NULL),('1006','412','162','10000.00',NULL,'N',NULL,NULL),('1007','412','16','10000.00',NULL,'Y',NULL,NULL),('1008','413','163','16000.00',NULL,'Y',NULL,NULL),('1009','413','103','11000.00',NULL,'N',NULL,NULL),('1010','413','22','5000.00',NULL,'N',NULL,NULL),('1011','414','163','4000.00',NULL,'N',NULL,NULL),('1012','414','16','4000.00',NULL,'Y',NULL,NULL),('1013','415','164','16000.00',NULL,'Y',NULL,NULL),('1014','415','103','11000.00',NULL,'N',NULL,NULL),('1015','415','22','5000.00',NULL,'N',NULL,NULL),('1016','416','164','2000.00',NULL,'N',NULL,NULL),('1017','416','16','2000.00',NULL,'Y',NULL,NULL),('1018','417','165','16000.00',NULL,'Y',NULL,NULL),('1019','417','103','11000.00',NULL,'N',NULL,NULL),('1020','417','22','5000.00',NULL,'N',NULL,NULL),('1021','418','165','11000.00',NULL,'N',NULL,NULL),('1022','418','16','11000.00',NULL,'Y',NULL,NULL),('1023','419','168','16000.00',NULL,'Y',NULL,NULL),('1024','419','103','11000.00',NULL,'N',NULL,NULL),('1025','419','22','5000.00',NULL,'N',NULL,NULL),('1026','420','168','11000.00',NULL,'N',NULL,NULL),('1027','420','16','11000.00',NULL,'Y',NULL,NULL),('1028','421','166','16000.00',NULL,'Y',NULL,NULL),('1029','421','103','11000.00',NULL,'N',NULL,NULL),('1030','421','22','5000.00',NULL,'N',NULL,NULL),('1031','422','166','4000.00',NULL,'N',NULL,NULL),('1032','422','16','4000.00',NULL,'Y',NULL,NULL),('1033','423','167','16000.00',NULL,'Y',NULL,NULL),('1034','423','103','11000.00',NULL,'N',NULL,NULL),('1035','423','22','5000.00',NULL,'N',NULL,NULL),('1036','424','167','10000.00',NULL,'N',NULL,NULL),('1037','424','18','10000.00',NULL,'Y',NULL,NULL),('1038','425','18','10000.00',NULL,'Y',NULL,NULL),('1039','425','16','10000.00',NULL,'N',NULL,NULL),('1040','426','18','5000.00',NULL,'Y',NULL,NULL),('1041','426','16','5000.00',NULL,'N',NULL,NULL),('1042','427','18','5000.00',NULL,'Y',NULL,NULL),('1043','427','16','5000.00',NULL,'N',NULL,NULL),('1044','428','18','5000.00',NULL,'Y',NULL,NULL),('1045','428','16','5000.00',NULL,'N',NULL,NULL),('1046','429','18','10000.00',NULL,'Y',NULL,NULL),('1047','429','16','10000.00',NULL,'N',NULL,NULL),('1048','430','18','4000.00',NULL,'Y',NULL,NULL),('1049','430','16','4000.00',NULL,'N',NULL,NULL),('1050','431','18','2000.00',NULL,'Y',NULL,NULL),('1051','431','16','2000.00',NULL,'N',NULL,NULL),('1052','432','18','11000.00',NULL,'Y',NULL,NULL),('1053','432','16','11000.00',NULL,'N',NULL,NULL),('1054','433','18','11000.00',NULL,'Y',NULL,NULL),('1055','433','16','11000.00',NULL,'N',NULL,NULL),('1056','434','18','4000.00',NULL,'Y',NULL,NULL),('1057','434','16','4000.00',NULL,'N',NULL,NULL),('1058','435','18','10000.00',NULL,'Y',NULL,NULL),('1059','435','16','10000.00',NULL,'N',NULL,NULL),('1060','436','18','5000.00',NULL,'Y',NULL,NULL),('1061','436','16','5000.00',NULL,'N',NULL,NULL),('1062','437','16','5000.00',NULL,'Y',NULL,NULL),('1063','437','160','5000.00',NULL,'N',NULL,NULL),('1069','440','18','5000.00',NULL,'Y',NULL,NULL),('1070','440','16','5000.00',NULL,'N',NULL,NULL),('1071','441','16','5000.00',NULL,'Y',NULL,NULL),('1072','441','109','5000.00',NULL,'N',NULL,NULL),('1073','442','16','1000.00',NULL,'Y',NULL,NULL),('1074','442','62','1000.00',NULL,'N',NULL,NULL),('1075','443','18','1000.00',NULL,'Y',NULL,NULL),('1076','443','16','1000.00',NULL,'N',NULL,NULL),('1077','444','18','6000.00',NULL,'Y',NULL,NULL),('1078','444','16','6000.00',NULL,'N',NULL,NULL),('1079','445','16','6000.00',NULL,'Y',NULL,NULL),('1080','445','106','6000.00',NULL,'N',NULL,NULL),('1081','446','18','6000.00',NULL,'Y',NULL,NULL),('1082','446','16','6000.00',NULL,'N',NULL,NULL),('1083','447','16','6000.00',NULL,'Y',NULL,NULL),('1084','447','161','6000.00',NULL,'N',NULL,NULL),('1085','448','16','6000.00',NULL,'Y',NULL,NULL),('1086','448','114','6000.00',NULL,'N',NULL,NULL),('1087','449','18','6000.00',NULL,'Y',NULL,NULL),('1088','449','16','6000.00',NULL,'N',NULL,NULL),('1089','450','16','7000.00',NULL,'Y',NULL,NULL),('1090','450','163','7000.00',NULL,'N',NULL,NULL),('1091','451','18','7000.00',NULL,'Y',NULL,NULL),('1092','451','16','7000.00',NULL,'N',NULL,NULL),('1093','452','170','16000.00',NULL,'Y',NULL,NULL),('1094','452','103','11000.00',NULL,'N',NULL,NULL),('1095','452','22','5000.00',NULL,'N',NULL,NULL),('1096','453','170','9000.00',NULL,'N',NULL,NULL),('1097','453','16','9000.00',NULL,'Y',NULL,NULL),('1098','454','18','9000.00',NULL,'Y',NULL,NULL),('1099','454','16','9000.00',NULL,'N',NULL,NULL),('1100','455','16','2000.00',NULL,'Y',NULL,NULL),('1101','455','132','2000.00',NULL,'N',NULL,NULL),('1102','456','18','2000.00',NULL,'Y',NULL,NULL),('1103','456','16','2000.00',NULL,'N',NULL,NULL),('1104','457','16','5000.00',NULL,'Y',NULL,NULL),('1105','457','125','5000.00',NULL,'N',NULL,NULL),('1106','458','18','5000.00',NULL,'Y',NULL,NULL),('1107','458','16','5000.00',NULL,'N',NULL,NULL),('1108','459','16','5500.00',NULL,'Y',NULL,NULL),('1109','459','117','5500.00',NULL,'N',NULL,NULL),('1110','460','18','5500.00',NULL,'Y',NULL,NULL),('1111','460','16','5500.00',NULL,'N',NULL,NULL),('1112','461','18','16000.00',NULL,'Y',NULL,NULL),('1113','461','16','16000.00',NULL,'N',NULL,NULL),('1114','462','18','10000.00',NULL,'Y',NULL,NULL),('1115','462','16','10000.00',NULL,'N',NULL,NULL),('1116','463','18','2000.00',NULL,'Y',NULL,NULL),('1117','463','16','2000.00',NULL,'N',NULL,NULL),('1118','464','16','2000.00',NULL,'Y',NULL,NULL),('1119','464','54','2000.00',NULL,'N',NULL,NULL),('1120','465','16','1950.00','Y','Y',NULL,NULL),('1121','465','127','1950.00','N','N',NULL,NULL),('1122','466','18','1950.00',NULL,'Y',NULL,NULL),('1123','466','16','1950.00',NULL,'N',NULL,NULL),('1124','467','173','1950.00',NULL,'N',NULL,NULL),('1125','467','127','1950.00',NULL,'Y',NULL,NULL),('1126','468','18','9660.00',NULL,'Y',NULL,NULL),('1127','468','16','9660.00',NULL,'N',NULL,NULL),('1128','469','173','9660.00',NULL,'N',NULL,NULL),('1129','469','44','9660.00',NULL,'Y',NULL,NULL),('1130','470','16','9660.00','Y','Y',NULL,NULL),('1131','470','44','9660.00','N','N',NULL,NULL),('1132','471','44','5000.00',NULL,'N',NULL,NULL),('1133','471','133','5000.00',NULL,'Y',NULL,NULL),('1134','472','177','17530.00',NULL,'Y',NULL,NULL),('1135','472','103','11000.00',NULL,'N',NULL,NULL),('1136','472','173','1530.00',NULL,'N',NULL,NULL),('1137','472','22','5000.00',NULL,'N',NULL,NULL),('1138','473','177','10000.00',NULL,'N',NULL,NULL),('1139','473','16','10000.00',NULL,'Y',NULL,NULL),('1140','474','18','10000.00',NULL,'Y',NULL,NULL),('1141','474','16','10000.00',NULL,'N',NULL,NULL);

/*Table structure for table `voucher_master` */

CREATE TABLE `voucher_master` (
  `id` int(11) NOT NULL AUTO_INCREMENT,
  `voucher_number` varchar(255) DEFAULT NULL,
  `voucher_date` date DEFAULT NULL,
  `narration` varchar(255) DEFAULT NULL,
  `cheque_number` varchar(255) DEFAULT NULL,
  `cheque_date` date DEFAULT NULL,
  `chq_clear_on` datetime DEFAULT NULL,
  `is_chq_clear` enum('N','Y') DEFAULT NULL,
  `transaction_type` varchar(50) DEFAULT NULL,
  `created_by` int(11) DEFAULT NULL,
  `school_id` int(11) DEFAULT NULL,
  `acdm_session_id` int(11) DEFAULT NULL,
  `accnt_year_id` int(11) DEFAULT NULL,
  `serial_number` int(11) NOT NULL,
  `is_frm_receipt` enum('Y','N') DEFAULT NULL,
  `vouchertype` varchar(10) DEFAULT NULL,
  `paid_to` varchar(100) DEFAULT NULL,
  `total_debit` float(10,2) NOT NULL,
  `total_credit` float(10,2) NOT NULL,
  PRIMARY KEY (`id`),
  KEY `FK_voucher_created_by` (`created_by`),
  KEY `FK_voucher_school_id` (`school_id`),
  KEY `FK_voucher_acdm_session_id` (`acdm_session_id`),
  CONSTRAINT `FK_voucher_acdm_session_id` FOREIGN KEY (`acdm_session_id`) REFERENCES `academic_session_master` (`id`),
  CONSTRAINT `FK_voucher_created_by` FOREIGN KEY (`created_by`) REFERENCES `admin_user` (`user_id`),
  CONSTRAINT `FK_voucher_school_id` FOREIGN KEY (`school_id`) REFERENCES `school_master` (`id`)
) ENGINE=InnoDB AUTO_INCREMENT=475 DEFAULT CHARSET=utf8;

/*Data for the table `voucher_master` */

insert  into `voucher_master`(`id`,`voucher_number`,`voucher_date`,`narration`,`cheque_number`,`cheque_date`,`chq_clear_on`,`is_chq_clear`,`transaction_type`,`created_by`,`school_id`,`acdm_session_id`,`accnt_year_id`,`serial_number`,`is_frm_receipt`,`vouchertype`,`paid_to`,`total_debit`,`total_credit`) values ('16','JV/000016/19-20','2019-02-06','Being the Fees recd.from Adrija Biswas','109811','2018-12-03','0000-00-00 00:00:00','','JV','1','1','1','1','0','Y',NULL,NULL,'16000.00','16000.00'),('17','RC/000017/19-20','2019-02-06','Being the Fees recd.from Adrija Biswas','109811','2018-12-03','0000-00-00 00:00:00','','RC','1','1','1','1','0','Y',NULL,NULL,'11000.00','11000.00'),('18','JV/000018/19-20','2018-12-12','Being the Fees recd.from Shradda Sing','497556','2018-12-10','0000-00-00 00:00:00','','JV','1','1','1','1','0','Y',NULL,NULL,'16000.00','16000.00'),('19','RC/000019/19-20','2018-12-12','Being the Fees recd.from Shradda Sing','497556','2018-12-10','0000-00-00 00:00:00','','RC','1','1','1','1','0','Y',NULL,NULL,'11000.00','11000.00'),('20','JV/000020/19-20','2018-12-12','Being the amount recd.as a Fees from Soumallo Aditya','',NULL,'0000-00-00 00:00:00','','JV','1','1','1','1','0','Y',NULL,NULL,'16000.00','16000.00'),('21','RC/000021/19-20','2018-12-12','Being the amount recd.as a Fees from Soumallo Aditya','',NULL,'0000-00-00 00:00:00','','RC','1','1','1','1','0','Y',NULL,NULL,'11000.00','11000.00'),('24','JV/000024/19-20','2019-02-11','being the fees red.from  Swaraj Shaw for UKG','',NULL,'0000-00-00 00:00:00','','JV','1','1','1','1','0','Y',NULL,NULL,'16000.00','16000.00'),('25','RC/000025/19-20','2019-02-11','being the fees red.from  Swaraj Shaw for UKG','',NULL,'0000-00-00 00:00:00','','RC','1','1','1','1','0','Y',NULL,NULL,'11000.00','11000.00'),('28','JV/000028/19-20','2019-01-01','','',NULL,'0000-00-00 00:00:00','','JV','1','1','1','1','0','Y',NULL,NULL,'16000.00','16000.00'),('29','RC/000029/19-20','2019-01-01','','',NULL,'0000-00-00 00:00:00','','RC','1','1','1','1','0','Y',NULL,NULL,'10000.00','10000.00'),('30','JV/000030/19-20','2019-02-13','','',NULL,'0000-00-00 00:00:00','','JV','1','1','1','1','0','Y',NULL,NULL,'16000.00','16000.00'),('31','RC/000031/19-20','2019-02-13','','',NULL,'0000-00-00 00:00:00','','RC','1','1','1','1','0','Y',NULL,NULL,'8000.00','8000.00'),('32','RC/000032/19-20','2019-03-08','','',NULL,'0000-00-00 00:00:00','','RC','1','1','1','1','0','Y',NULL,NULL,'4000.00','4000.00'),('33','JV/000033/20-21','2019-03-06','New admission','449763','2019-03-06','0000-00-00 00:00:00','','JV','1','1','2','1','0','Y',NULL,NULL,'16000.00','16000.00'),('34','RC/000034/20-21','2019-03-06','New admission','449763','2019-03-06','0000-00-00 00:00:00','','RC','1','1','2','1','0','Y',NULL,NULL,'5000.00','5000.00'),('37','JV/000037/19-20','2018-11-20','being the cash recd.from student','',NULL,'0000-00-00 00:00:00','','JV','1','1','1','1','0','Y',NULL,NULL,'16000.00','16000.00'),('38','RC/000038/19-20','2018-11-20','being the cash recd.from student','',NULL,'0000-00-00 00:00:00','','RC','1','1','1','1','0','Y',NULL,NULL,'10000.00','10000.00'),('39','RC/000039/19-20','2019-01-19','being the balance payment recd.from Ritika Sha','',NULL,'0000-00-00 00:00:00','','RC','1','1','1','1','0','Y',NULL,NULL,'6000.00','6000.00'),('40','JV/000040/19-20','2018-11-20','being the cash recd.from Meyan Sardar','',NULL,'0000-00-00 00:00:00','','JV','1','1','1','1','0','Y',NULL,NULL,'16000.00','16000.00'),('41','RC/000041/19-20','2018-11-20','being the cash recd.from Meyan Sardar','',NULL,'0000-00-00 00:00:00','','RC','1','1','1','1','0','Y',NULL,NULL,'11000.00','11000.00'),('42','RC/000042/19-20','2019-03-08','being the balance amount paid by Meyan Sardar','',NULL,'0000-00-00 00:00:00','','RC','1','1','1','1','0','Y',NULL,NULL,'1000.00','1000.00'),('43','JV/000043/19-20','2019-01-05','being the cash recd.from Divyanshi Roy','',NULL,'0000-00-00 00:00:00','','JV','1','1','1','1','0','Y',NULL,NULL,'16000.00','16000.00'),('44','RC/000044/19-20','2019-01-05','being the cash recd.from Divyanshi Roy','',NULL,'0000-00-00 00:00:00','','RC','1','1','1','1','0','Y',NULL,NULL,'11000.00','11000.00'),('45','JV/000045/19-20','2019-01-18','being the chq.recd. from Bidushi Roy','627419','2019-01-17','0000-00-00 00:00:00','','JV','1','1','1','1','0','Y',NULL,NULL,'16000.00','16000.00'),('46','RC/000046/19-20','2019-01-18','being the chq.recd. from Bidushi Roy','627419','2019-01-17','0000-00-00 00:00:00','','RC','1','1','1','1','0','Y',NULL,NULL,'16000.00','16000.00'),('47','JV/000047/19-20','2018-11-12','being the cash recd.from Hreet Sardar','',NULL,'0000-00-00 00:00:00','','JV','1','1','1','1','0','Y',NULL,NULL,'16000.00','16000.00'),('48','RC/000048/19-20','2018-11-12','being the cash recd.from Hreet Sardar','',NULL,'0000-00-00 00:00:00','','RC','1','1','1','1','0','Y',NULL,NULL,'11000.00','11000.00'),('49','RC/000049/19-20','2019-01-28','being the balance cash recd.from Hreet Sardar','',NULL,'0000-00-00 00:00:00','','RC','1','1','1','1','0','Y',NULL,NULL,'5000.00','5000.00'),('50','JV/000050/19-20','2019-01-18','being the chq.recd.from Sujatro Mandal','911896','2019-01-18','0000-00-00 00:00:00','','COL','1','1','1','1','0','Y',NULL,NULL,'16000.00','16000.00'),('51','RC/000051/19-20','2019-01-18','being the chq.recd.from Sujatro Mandal','911896','2019-01-18','0000-00-00 00:00:00','','COL','1','1','1','1','0','Y',NULL,NULL,'11000.00','11000.00'),('52','RC/000052/19-20','2019-03-08','being the balance amount recd.from Sujatro Mandal','',NULL,'0000-00-00 00:00:00','','COL','1','1','1','1','0','Y',NULL,NULL,'1000.00','1000.00'),('53','JV/000053/19-20','2019-03-09','being the cash recd.from Ashutosh Parida','',NULL,'0000-00-00 00:00:00','','COL','1','1','1','1','0','Y',NULL,NULL,'16000.00','16000.00'),('54','RC/000054/19-20','2019-03-09','being the cash recd.from Ashutosh Parida','',NULL,'0000-00-00 00:00:00','','COL','1','1','1','1','0','Y',NULL,NULL,'5000.00','5000.00'),('55','JV/000055/19-20','2019-03-12','being the cash recd.from Ronak Barnawal','',NULL,'0000-00-00 00:00:00','','COL','1','1','1','1','0','Y',NULL,NULL,'16000.00','16000.00'),('56','RC/000056/19-20','2019-03-12','being the cash recd.from Ronak Barnawal','',NULL,'0000-00-00 00:00:00','','COL','1','1','1','1','0','Y',NULL,NULL,'5000.00','5000.00'),('57','JV/000057/19-20','2018-12-10','BEING THE CASH RECD.FROM Prapti Halder','',NULL,'0000-00-00 00:00:00','','JV','1','1','1','1','0','Y',NULL,NULL,'16000.00','16000.00'),('58','RC/000058/19-20','2018-12-10','BEING THE CASH RECD.FROM Prapti Halder','',NULL,'0000-00-00 00:00:00','','RC','1','1','1','1','0','Y',NULL,NULL,'10000.00','10000.00'),('61','JV/000061/19-20','2019-01-21','being the cash recd.from Ayesha Bose','',NULL,'0000-00-00 00:00:00','','JV','1','1','1','1','0','Y',NULL,NULL,'16000.00','16000.00'),('62','RC/000062/19-20','2019-01-21','being the cash recd.from Ayesha Bose','',NULL,'0000-00-00 00:00:00','','RC','1','1','1','1','0','Y',NULL,NULL,'10000.00','10000.00'),('63','JV/000063/19-20','2019-02-13','being the chq.recd.from Sraddhya Tripathi ','432686','2019-02-13','0000-00-00 00:00:00','','JV','1','1','1','1','0','Y',NULL,NULL,'16000.00','16000.00'),('64','RC/000064/19-20','2019-02-13','being the chq.recd.from Sraddhya Tripathi ','432686','2019-02-13','0000-00-00 00:00:00','','RC','1','1','1','1','0','Y',NULL,NULL,'12000.00','12000.00'),('65','JV/000065/19-20','2019-02-05','Being the cash recd.from Aditi Shaw','',NULL,'0000-00-00 00:00:00','','JV','1','1','1','1','0','Y',NULL,NULL,'16000.00','16000.00'),('66','RC/000066/19-20','2019-02-05','Being the cash recd.from Aditi Shaw','',NULL,'0000-00-00 00:00:00','','RC','1','1','1','1','0','Y',NULL,NULL,'11000.00','11000.00'),('67','JV/000067/19-20','2019-02-11','being the cash recd.from Arnav Mitra','',NULL,'0000-00-00 00:00:00','','JV','1','1','1','1','0','Y',NULL,NULL,'16000.00','16000.00'),('68','RC/000068/19-20','2019-02-11','being the cash recd.from Arnav Mitra','',NULL,'0000-00-00 00:00:00','','RC','1','1','1','1','0','Y',NULL,NULL,'11000.00','11000.00'),('69','JV/000069/19-20','2019-01-23','being the amount recd.from Aniket Gupta','',NULL,'0000-00-00 00:00:00','','JV','1','1','1','1','0','Y',NULL,NULL,'16000.00','16000.00'),('70','RC/000070/19-20','2019-01-23','being the amount recd.from Aniket Gupta','',NULL,'0000-00-00 00:00:00','','RC','1','1','1','1','0','Y',NULL,NULL,'10000.00','10000.00'),('71','JV/000071/19-20','2018-12-12','','',NULL,'0000-00-00 00:00:00','','JV','1','1','1','1','0','Y',NULL,NULL,'16000.00','16000.00'),('72','RC/000072/19-20','2018-12-12','','',NULL,'0000-00-00 00:00:00','','RC','1','1','1','1','0','Y',NULL,NULL,'16000.00','16000.00'),('73','JV/000073/19-20','2019-01-22','being the chq.recd.from Rajveer Singh','093031','2019-01-22','0000-00-00 00:00:00','','JV','1','1','1','1','0','Y',NULL,NULL,'16000.00','16000.00'),('74','RC/000074/19-20','2019-01-22','being the chq.recd.from Rajveer Singh','093031','2019-01-22','0000-00-00 00:00:00','','RC','1','1','1','1','0','Y',NULL,NULL,'11000.00','11000.00'),('75','JV/000075/19-20','2019-02-06','being the cash recd.from Shreyan Sarkar','',NULL,'0000-00-00 00:00:00','','JV','1','1','1','1','0','Y',NULL,NULL,'16000.00','16000.00'),('76','RC/000076/19-20','2019-02-06','being the cash recd.from Shreyan Sarkar','',NULL,'0000-00-00 00:00:00','','RC','1','1','1','1','0','Y',NULL,NULL,'5000.00','5000.00'),('77','JV/000077/19-20','2019-02-11','being the cash recd.from Archisman Aich\n','',NULL,'0000-00-00 00:00:00','','JV','1','1','1','1','0','Y',NULL,NULL,'16000.00','16000.00'),('78','RC/000078/19-20','2019-02-11','being the cash recd.from Archisman Aich\n','',NULL,'0000-00-00 00:00:00','','RC','1','1','1','1','0','Y',NULL,NULL,'6000.00','6000.00'),('79','JV/000079/19-20','2019-02-14','being the cash recd.from Anurag Mukherjee','',NULL,'0000-00-00 00:00:00','','JV','1','1','1','1','0','Y',NULL,NULL,'16000.00','16000.00'),('80','RC/000080/19-20','2019-02-14','being the cash recd.from Anurag Mukherjee','',NULL,'0000-00-00 00:00:00','','RC','1','1','1','1','0','Y',NULL,NULL,'12000.00','12000.00'),('81','JV/000081/19-20','2019-02-20','being the cash recd.from Swarnadeep Das','',NULL,'0000-00-00 00:00:00','','JV','1','1','1','1','0','Y',NULL,NULL,'16000.00','16000.00'),('82','RC/000082/19-20','2019-02-20','being the cash recd.from Swarnadeep Das','',NULL,'0000-00-00 00:00:00','','RC','1','1','1','1','0','Y',NULL,NULL,'12000.00','12000.00'),('85','JV/000085/19-20','2019-03-05','','',NULL,'0000-00-00 00:00:00','','JV','1','1','1','1','0','Y',NULL,NULL,'16000.00','16000.00'),('86','RC/000086/19-20','2019-03-05','','',NULL,'0000-00-00 00:00:00','','RC','1','1','1','1','0','Y',NULL,NULL,'16000.00','16000.00'),('87','RC/000087/18-19','2019-03-05','being the cash recd.from Rishiraj Seal for Books',NULL,NULL,'0000-00-00 00:00:00','','RC','1','1','1','1','0','N','GV','Rishiraj Seal','2500.00','2500.00'),('88','JV/000088/19-20','2019-03-06','being the chq.recd from Rajdeep Saha','593531','2019-03-06','0000-00-00 00:00:00','','JV','1','1','1','1','0','Y',NULL,NULL,'16000.00','16000.00'),('89','RC/000089/19-20','2019-03-06','being the chq.recd from Rajdeep Saha','593531','2019-03-06','0000-00-00 00:00:00','','RC','1','1','1','1','0','Y',NULL,NULL,'5000.00','5000.00'),('90','JV/000090/19-20','2019-02-15','being the chq.recd.from Ronit Kumar Mahato','069522','2019-02-15','0000-00-00 00:00:00','','JV','1','1','1','1','0','Y',NULL,NULL,'16000.00','16000.00'),('91','RC/000091/19-20','2019-02-15','being the chq.recd.from Ronit Kumar Mahato','069522','2019-02-15','0000-00-00 00:00:00','','RC','1','1','1','1','0','Y',NULL,NULL,'11000.00','11000.00'),('92','JV/000092/19-20','2018-12-03','being the amount recd.from Arpita Naskar','',NULL,'0000-00-00 00:00:00','','JV','1','1','1','1','0','Y',NULL,NULL,'16000.00','16000.00'),('93','RC/000093/19-20','2018-12-03','being the amount recd.from Arpita Naskar','',NULL,'0000-00-00 00:00:00','','RC','1','1','1','1','0','Y',NULL,NULL,'6000.00','6000.00'),('94','RC/000094/19-20','2019-01-04','being the amount recd.from Arpita Naskar','178626','2018-12-03','0000-00-00 00:00:00','','RC','1','1','1','1','0','Y',NULL,NULL,'5000.00','5000.00'),('95','JV/000095/19-20','2018-12-10','being the cash recd.from Barsha Mondal','',NULL,'0000-00-00 00:00:00','','JV','1','1','1','1','0','Y',NULL,NULL,'16000.00','16000.00'),('96','RC/000096/19-20','2018-12-10','being the cash recd.from Barsha Mondal','',NULL,'0000-00-00 00:00:00','','RC','1','1','1','1','0','Y',NULL,NULL,'16000.00','16000.00'),('97','JV/000097/19-20','2018-12-12','being the cash recd.from Anubhab Sardar','',NULL,'0000-00-00 00:00:00','','JV','1','1','1','1','0','Y',NULL,NULL,'16000.00','16000.00'),('98','RC/000098/19-20','2018-12-12','being the cash recd.from Anubhab Sardar','',NULL,'0000-00-00 00:00:00','','RC','1','1','1','1','0','Y',NULL,NULL,'12000.00','12000.00'),('99','JV/000099/19-20','2018-12-24','being the cash recd.from Shilpa Sha','',NULL,'0000-00-00 00:00:00','','JV','1','1','1','1','0','Y',NULL,NULL,'16000.00','16000.00'),('100','RC/000100/19-20','2018-12-24','being the cash recd.from Shilpa Sha','',NULL,'0000-00-00 00:00:00','','RC','1','1','1','1','0','Y',NULL,NULL,'12000.00','12000.00'),('101','JV/000101/19-20','2018-12-15','being the cash recd.from Somosree Mondal','',NULL,'0000-00-00 00:00:00','','JV','1','1','1','1','0','Y',NULL,NULL,'16000.00','16000.00'),('102','RC/000102/19-20','2018-12-15','being the cash recd.from Somosree Mondal','',NULL,'0000-00-00 00:00:00','','RC','1','1','1','1','0','Y',NULL,NULL,'11000.00','11000.00'),('103','JV/000103/19-20','2018-12-27','being the cash recd.from  Raunak Roy','',NULL,'0000-00-00 00:00:00','','JV','1','1','1','1','0','Y',NULL,NULL,'16000.00','16000.00'),('104','RC/000104/19-20','2018-12-27','being the cash recd.from  Raunak Roy','',NULL,'0000-00-00 00:00:00','','RC','1','1','1','1','0','Y',NULL,NULL,'10000.00','10000.00'),('105','JV/000105/19-20','2019-01-10','being the chq.recd from Ishan biswas','',NULL,'0000-00-00 00:00:00','','JV','1','1','1','1','0','Y',NULL,NULL,'16000.00','16000.00'),('106','RC/000106/19-20','2019-01-10','being the chq.recd from Ishan biswas','',NULL,'0000-00-00 00:00:00','','RC','1','1','1','1','0','Y',NULL,NULL,'11000.00','11000.00'),('107','JV/000107/19-20','2019-01-10','being the cash recd.from Rupam Ghosh','',NULL,'0000-00-00 00:00:00','','JV','1','1','1','1','0','Y',NULL,NULL,'16000.00','16000.00'),('108','RC/000108/19-20','2019-01-10','being the cash recd.from Rupam Ghosh','',NULL,'0000-00-00 00:00:00','','RC','1','1','1','1','0','Y',NULL,NULL,'11000.00','11000.00'),('109','JV/000109/19-20','2019-02-06','being the chq.recd.from Prateek Kr Pandey','030791','2019-02-06','0000-00-00 00:00:00','','JV','1','1','1','1','0','Y',NULL,NULL,'16000.00','16000.00'),('110','RC/000110/19-20','2019-02-06','being the chq.recd.from Prateek Kr Pandey','030791','2019-02-06','0000-00-00 00:00:00','','RC','1','1','1','1','0','Y',NULL,NULL,'6000.00','6000.00'),('111','JV/000111/19-20','2018-11-28','being the amount recd.from Subhajit Kayal','',NULL,'0000-00-00 00:00:00','','JV','1','1','1','1','0','Y',NULL,NULL,'16000.00','16000.00'),('112','RC/000112/19-20','2018-11-28','being the amount recd.from Subhajit Kayal','',NULL,'0000-00-00 00:00:00','','RC','1','1','1','1','0','Y',NULL,NULL,'16000.00','16000.00'),('113','JV/000113/19-20','2018-12-21','being the amount recd.from Sayan Mistri','',NULL,'0000-00-00 00:00:00','','JV','1','1','1','1','0','Y',NULL,NULL,'16000.00','16000.00'),('114','RC/000114/19-20','2018-12-21','being the amount recd.from Sayan Mistri','',NULL,'0000-00-00 00:00:00','','RC','1','1','1','1','0','Y',NULL,NULL,'11000.00','11000.00'),('115','JV/000115/19-20','2019-02-04','being the cash recd.from Ankur Sarkar','',NULL,'0000-00-00 00:00:00','','JV','1','1','1','1','0','Y',NULL,NULL,'16000.00','16000.00'),('116','RC/000116/19-20','2019-02-04','being the cash recd.from Ankur Sarkar','',NULL,'0000-00-00 00:00:00','','RC','1','1','1','1','0','Y',NULL,NULL,'10000.00','10000.00'),('119','JV/000119/19-20','2019-03-04','being the amount recd.from Sreejita Pradhan','',NULL,'0000-00-00 00:00:00','','JV','1','1','1','1','0','Y',NULL,NULL,'16000.00','16000.00'),('120','RC/000120/19-20','2019-03-04','being the amount recd.from Sreejita Pradhan','',NULL,'0000-00-00 00:00:00','','RC','1','1','1','1','0','Y',NULL,NULL,'4000.00','4000.00'),('121','JV/000121/19-20','2018-12-24','being the amount recd.from Ashish Kumar Sah','',NULL,'0000-00-00 00:00:00','','JV','1','1','1','1','0','Y',NULL,NULL,'16000.00','16000.00'),('122','RC/000122/19-20','2018-12-24','being the amount recd.from Ashish Kumar Sah','',NULL,'0000-00-00 00:00:00','','RC','1','1','1','1','0','Y',NULL,NULL,'12000.00','12000.00'),('125','JV/000125/19-20','2019-01-09','being the chq.recd.from Swarup Chanda','111593','2019-01-09','0000-00-00 00:00:00','','JV','1','1','1','1','0','Y',NULL,NULL,'16000.00','16000.00'),('126','RC/000126/19-20','2019-01-09','being the chq.recd.from Swarup Chanda','111593','2019-01-09','0000-00-00 00:00:00','','RC','1','1','1','1','0','Y',NULL,NULL,'11000.00','11000.00'),('127','RC/000127/19-20','2019-02-05','being the balance amount recd.from Swarup Chanda','',NULL,'0000-00-00 00:00:00','','RC','1','1','1','1','0','Y',NULL,NULL,'5000.00','5000.00'),('131','JV/000131/19-20','2019-03-15','being the cashrecd.from Naitik Shaw','',NULL,'0000-00-00 00:00:00','','JV','1','1','1','1','0','Y',NULL,NULL,'16000.00','16000.00'),('132','RC/000132/19-20','2019-03-15','being the cashrecd.from Naitik Shaw','',NULL,'0000-00-00 00:00:00','','RC','1','1','1','1','0','Y',NULL,NULL,'13000.00','13000.00'),('133','JV/000133/19-20','2019-02-21','being the chq.recd.from Raj Gupta','042279','2018-12-03','0000-00-00 00:00:00','','JV','1','1','1','1','0','Y',NULL,NULL,'16000.00','16000.00'),('134','RC/000134/19-20','2019-02-21','being the chq.recd.from Raj Gupta','042279','2018-12-03','0000-00-00 00:00:00','','RC','1','1','1','1','0','Y',NULL,NULL,'10000.00','10000.00'),('135','JV/000135/19-20','2019-01-28','being the cash recd.from Sagar Kumar Shaw','',NULL,'0000-00-00 00:00:00','','JV','1','1','1','1','0','Y',NULL,NULL,'16000.00','16000.00'),('136','RC/000136/19-20','2019-01-28','being the cash recd.from Sagar Kumar Shaw','',NULL,'0000-00-00 00:00:00','','RC','1','1','1','1','0','Y',NULL,NULL,'11000.00','11000.00'),('137','JV/000137/19-20','2019-02-05','being the amount paid by CHQ.\n\n','034630','2019-02-05','0000-00-00 00:00:00','','JV','1','1','1','1','0','Y',NULL,NULL,'16000.00','16000.00'),('138','RC/000138/19-20','2019-02-05','being the amount paid by CHQ.\n\n','034630','2019-02-05','0000-00-00 00:00:00','','RC','1','1','1','1','0','Y',NULL,NULL,'11000.00','11000.00'),('139','JV/000139/19-20','2019-02-05','being the amount paid by chq. by \nDiptanshu & Diptendu Bhattacharjee.','034630','2019-02-05','0000-00-00 00:00:00','','JV','1','1','1','1','0','Y',NULL,NULL,'16000.00','16000.00'),('140','RC/000140/19-20','2019-02-05','being the amount paid by chq. by \nDiptanshu & Diptendu Bhattacharjee.','034630','2019-02-05','0000-00-00 00:00:00','','RC','1','1','1','1','0','Y',NULL,NULL,'11000.00','11000.00'),('141','JV/000141/19-20','2019-02-15','being the chq.recd.from Smriti Mahata','069521','2019-02-15','0000-00-00 00:00:00','','JV','1','1','1','1','0','Y',NULL,NULL,'16000.00','16000.00'),('142','RC/000142/19-20','2019-02-15','being the chq.recd.from Smriti Mahata','069521','2019-02-15','0000-00-00 00:00:00','','RC','1','1','1','1','0','Y',NULL,NULL,'11000.00','11000.00'),('143','JV/000143/19-20','2019-01-22','being the cash recd.from Ayush Anand','',NULL,'0000-00-00 00:00:00','','JV','1','1','1','1','0','Y',NULL,NULL,'16000.00','16000.00'),('144','RC/000144/19-20','2019-01-22','being the cash recd.from Ayush Anand','',NULL,'0000-00-00 00:00:00','','RC','1','1','1','1','0','Y',NULL,NULL,'11000.00','11000.00'),('145','JV/000145/19-20','2019-02-07','being the cash recd.from Swarnadeep Bhore','',NULL,'0000-00-00 00:00:00','','JV','1','1','1','1','0','Y',NULL,NULL,'16000.00','16000.00'),('146','RC/000146/19-20','2019-02-07','being the cash recd.from Swarnadeep Bhore','',NULL,'0000-00-00 00:00:00','','RC','1','1','1','1','0','Y',NULL,NULL,'16000.00','16000.00'),('147','JV/000147/19-20','2018-12-25','being the chq.recd.from Nandini Kumar Shaw','839578','2018-12-25','0000-00-00 00:00:00','','JV','1','1','1','1','0','Y',NULL,NULL,'16000.00','16000.00'),('148','RC/000148/19-20','2018-12-25','being the chq.recd.from Nandini Kumar Shaw','839578','2018-12-25','0000-00-00 00:00:00','','RC','1','1','1','1','0','Y',NULL,NULL,'11000.00','11000.00'),('149','JV/000149/19-20','2019-01-01','being the chq.recd.from Avijit Dey','162765','2019-01-01','0000-00-00 00:00:00','','JV','1','1','1','1','0','Y',NULL,NULL,'16000.00','16000.00'),('150','RC/000150/19-20','2019-01-01','being the chq.recd.from Avijit Dey','162765','2019-01-01','0000-00-00 00:00:00','','RC','1','1','1','1','0','Y',NULL,NULL,'10000.00','10000.00'),('151','JV/000151/19-20','2019-02-22','being the cash recd.from Jishnu Das','',NULL,'0000-00-00 00:00:00','','JV','1','1','1','1','0','Y',NULL,NULL,'16000.00','16000.00'),('152','RC/000152/19-20','2019-02-22','being the cash recd.from Jishnu Das','',NULL,'0000-00-00 00:00:00','','RC','1','1','1','1','0','Y',NULL,NULL,'10000.00','10000.00'),('153','RC/000153/19-20','2019-03-19','being the balance cash recd.from Ankur Sarkar','',NULL,'0000-00-00 00:00:00','','RC','1','1','1','1','0','Y',NULL,NULL,'1000.00','1000.00'),('156','JV/000156/19-20','2019-03-18','Being the amount recd.from Md.Aman Kabir','',NULL,'0000-00-00 00:00:00','','JV','1','1','1','1','0','Y',NULL,NULL,'16000.00','16000.00'),('157','RC/000157/19-20','2019-03-18','Being the amount recd.from Md.Aman Kabir','',NULL,'0000-00-00 00:00:00','','RC','1','1','1','1','0','Y',NULL,NULL,'2000.00','2000.00'),('160','RC/000160/18-19','2019-03-18','being the cash recd.from Class-1( Ayush Kr.Gupta)',NULL,NULL,'0000-00-00 00:00:00','','RC','1','1','1','1','0','N','GV','Ayush Kumar Gupta','2500.00','2500.00'),('161','JV/000162/19-20','2019-03-20','being the cash recd.from Aaradhya Rajak,Class-II','',NULL,'0000-00-00 00:00:00','','JV','1','1','1','1','0','Y',NULL,NULL,'16000.00','16000.00'),('162','RC/000163/19-20','2019-03-20','being the cash recd.from Aaradhya Rajak,Class-II','',NULL,'0000-00-00 00:00:00','','RC','1','1','1','1','0','Y',NULL,NULL,'5500.00','5500.00'),('163','RC/000164/18-19','2019-02-28','being the cash recd.from Ankur Sarkar for Books etc.',NULL,NULL,'0000-00-00 00:00:00','','RC','1','1','1','1','0','N','GV','Ankur Sarkar','2500.00','2500.00'),('164','JV/000165/18-19','2019-02-28','being the cash recd.from Ankur Sarkar for Books','',NULL,'0000-00-00 00:00:00','','JV','1','1','1','1','0','N','JV',NULL,'2500.00','2500.00'),('166','JV/000167/20-21','2019-03-20','cash recd.from Souhardya Saha','',NULL,'0000-00-00 00:00:00','','JV','1','1','2','1','0','Y',NULL,NULL,'16000.00','16000.00'),('167','RC/000168/20-21','2019-03-20','cash recd.from Souhardya Saha','',NULL,'0000-00-00 00:00:00','','RC','1','1','2','1','0','Y',NULL,NULL,'1000.00','1000.00'),('168','JV/000169/20-21','2019-03-20','Being the cash recd.from Samridh Barnwal','',NULL,'0000-00-00 00:00:00','','JV','1','1','2','1','0','Y',NULL,NULL,'16000.00','16000.00'),('169','RC/000170/20-21','2019-03-20','Being the cash recd.from Samridh Barnwal','',NULL,'0000-00-00 00:00:00','','RC','1','1','2','1','0','Y',NULL,NULL,'1000.00','1000.00'),('170','JV/000171/20-21','2019-03-20','being the cash recd.from Soujanya Saha','',NULL,'0000-00-00 00:00:00','','JV','1','1','2','1','0','Y',NULL,NULL,'16000.00','16000.00'),('171','RC/000172/20-21','2019-03-20','being the cash recd.from Soujanya Saha','',NULL,'0000-00-00 00:00:00','','RC','1','1','2','1','0','Y',NULL,NULL,'1000.00','1000.00'),('172','RC/000173/19-20','2019-03-20','being the cash recd.from Ayush Anand','',NULL,'0000-00-00 00:00:00','','RC','1','1','1','1','0',NULL,NULL,NULL,'2000.00','2000.00'),('179','JV/000180/19-20','2019-03-18','being the cash recd.from Ayush Kumar Gupta,Class: I','',NULL,'0000-00-00 00:00:00','','JV','1','1','1','1','0','Y',NULL,NULL,'16000.00','16000.00'),('180','RC/000181/19-20','2019-03-18','being the cash recd.from Ayush Kumar Gupta,Class: I','',NULL,'0000-00-00 00:00:00','','RC','1','1','1','1','0','Y',NULL,NULL,'16000.00','16000.00'),('181','RC/000182/18-19','2019-03-18','Being the cash recd.from Ayush Kr Gupta for Books',NULL,NULL,'0000-00-00 00:00:00','','RC','1','1','1','1','0','N','GV','Ayush Kumar Gupta','2500.00','2500.00'),('182','JV/000183/18-19','2019-03-18','Being the cash recd.from Ayush Kumar Gupta for Books','',NULL,'0000-00-00 00:00:00','','JV','1','1','1','1','0','N','JV',NULL,'2500.00','2500.00'),('183','RC/000184/19-20','2019-03-19','being the amount recd.fromAyesha Bose from UKG','',NULL,'0000-00-00 00:00:00','','RC','1','1','1','1','0',NULL,NULL,NULL,'1000.00','1000.00'),('184','RC/000185/18-19','2019-03-19','Being the cash recd.from Ayesh Bose for Books',NULL,NULL,'0000-00-00 00:00:00','','RC','1','1','1','1','0','N','GV','Ayesha Bose','1500.00','1500.00'),('185','JV/000186/18-19','2019-03-19','being the cash recd.from Ayesha Bose for Books','',NULL,'0000-00-00 00:00:00','','JV','1','1','1','1','0','N','JV',NULL,'1500.00','1500.00'),('188','JV/000189/19-20','2019-03-25','being the amount recd.from Ishika Sen,Class-VII','',NULL,'0000-00-00 00:00:00','','JV','1','1','1','1','0','Y',NULL,NULL,'16000.00','16000.00'),('189','RC/000190/19-20','2019-03-25','being the amount recd.from Ishika Sen,Class-VII','',NULL,'0000-00-00 00:00:00','','RC','1','1','1','1','0','Y',NULL,NULL,'15000.00','15000.00'),('190','RC/000191/18-19','2019-03-25','being the cash recd.from Ishika Sen,Class-7',NULL,NULL,'0000-00-00 00:00:00','','RC','1','1','1','1','0','N','GV','Ishika Sen','3500.00','3500.00'),('191','JV/000192/18-19','2019-03-25','being the amount recd.for Books','',NULL,'0000-00-00 00:00:00','','JV','1','1','1','1','0','N','JV',NULL,'3500.00','3500.00'),('192','JV/000193/18-19','2019-03-25','being the amount discounted','',NULL,'0000-00-00 00:00:00','','JV','1','1','1','1','0','N','JV',NULL,'1000.00','1000.00'),('193','JV/000194/19-20','2019-03-19','being the cash recd.from Dipayan Roy,Class-V','',NULL,'0000-00-00 00:00:00','','JV','1','1','1','1','0','Y',NULL,NULL,'16000.00','16000.00'),('194','RC/000195/19-20','2019-03-19','being the cash recd.from Dipayan Roy,Class-V','',NULL,'0000-00-00 00:00:00','','RC','1','1','1','1','0','Y',NULL,NULL,'11000.00','11000.00'),('195','JV/000196/18-19','2019-03-19','being the discount adjusted.','',NULL,'0000-00-00 00:00:00','','JV','1','1','1','1','0','N','JV',NULL,'5000.00','5000.00'),('196','JV/000197/18-19','2019-03-01','being the discount adjusted','',NULL,'0000-00-00 00:00:00','','JV','1','1','1','1','0','N','JV',NULL,'5000.00','5000.00'),('197','JV/000198/18-19','2019-03-01','being the discount adjusted.','',NULL,'0000-00-00 00:00:00','','JV','1','1','1','1','0','N','JV',NULL,'5000.00','5000.00'),('198','CN/000199/18-19','2019-01-28','cash deposited into bank,recd.from Sagar Kumar Shaw','',NULL,'0000-00-00 00:00:00','','CN','1','1','1','1','0',NULL,NULL,NULL,'11000.00','11000.00'),('199','CN/000200/18-19','2019-03-25','being the cash deposited into bank recd.from Ishika Sen','',NULL,'0000-00-00 00:00:00','','CN','1','1','1','1','0',NULL,NULL,NULL,'18500.00','18500.00'),('200','CN/000201/18-19','2019-03-25','being the cash deposited to bank fromAvijit Dey','',NULL,'0000-00-00 00:00:00','','CN','1','1','1','1','0',NULL,NULL,NULL,'2000.00','2000.00'),('201','RC/000202/18-19','2019-03-25','being the cash recd.from Avijit Dey',NULL,NULL,'0000-00-00 00:00:00','','RC','1','1','1','1','0','N','GV','Avijit Dey','2000.00','2000.00'),('202','JV/000203/18-19','2019-03-25','being the balance amount adjusted','',NULL,'0000-00-00 00:00:00','','JV','1','1','1','1','0','N','JV',NULL,'4000.00','4000.00'),('203','JV/000204/19-20','2019-03-25','being the cash recd.from Neer Shaw,Class-VI','',NULL,'0000-00-00 00:00:00','','JV','1','1','1','1','0','Y',NULL,NULL,'16000.00','16000.00'),('204','RC/000205/19-20','2019-03-25','being the cash recd.from Neer Shaw,Class-VI','',NULL,'0000-00-00 00:00:00','','RC','1','1','1','1','0','Y',NULL,NULL,'11000.00','11000.00'),('205','JV/000206/18-19','2019-03-25','being the balance amount adjusted','',NULL,'0000-00-00 00:00:00','','JV','1','1','1','1','0','N','JV',NULL,'5000.00','5000.00'),('206','CN/000207/18-19','2019-03-25','being the amount deposited into bank from Neer Shaw,Class-VI','',NULL,'0000-00-00 00:00:00','','CN','1','1','1','1','0',NULL,NULL,NULL,'11000.00','11000.00'),('207','JV/000208/19-20','2019-03-25','being the fees recd.from Suryanshu Seal,ClassVI','',NULL,'0000-00-00 00:00:00','','JV','1','1','1','1','0','Y',NULL,NULL,'16000.00','16000.00'),('208','RC/000209/19-20','2019-03-25','being the fees recd.from Suryanshu Seal,ClassVI','',NULL,'0000-00-00 00:00:00','','RC','1','1','1','1','0','Y',NULL,NULL,'11000.00','11000.00'),('209','JV/000210/18-19','2019-03-25','being the fees adjusted','',NULL,'0000-00-00 00:00:00','','JV','1','1','1','1','0','N','JV',NULL,'5000.00','5000.00'),('210','CN/000211/18-19','2019-03-25','being the cash deposited into bank,recd.from Suryanshu Seal','',NULL,'0000-00-00 00:00:00','','CN','1','1','1','1','0',NULL,NULL,NULL,'11000.00','11000.00'),('211','RC/000212/19-20','2019-03-29','being the cash recd.against Fees','',NULL,'0000-00-00 00:00:00','','RC','1','1','1','1','0',NULL,NULL,NULL,'7000.00','7000.00'),('212','CN/000213/18-19','2019-02-06','being the cash deposited into bank,recd.from Shreyan Sarkar','',NULL,'0000-00-00 00:00:00','','CN','1','1','1','1','0',NULL,NULL,NULL,'5000.00','5000.00'),('213','CN/000214/18-19','2019-03-29','being the cash deposited into bank,recd.from Shreyan Sarkar','',NULL,'0000-00-00 00:00:00','','CN','1','1','1','1','0',NULL,NULL,NULL,'7000.00','7000.00'),('214','RC/000215/18-19','2019-03-20','being the cash recd.for books',NULL,NULL,'0000-00-00 00:00:00','','RC','1','1','1','1','0','N','GV','Diptanshu Bhattacharjee','3000.00','3000.00'),('215','CN/000216/18-19','2019-03-20','being the cash recd.from Diptanshu Bhattacharjee','',NULL,'0000-00-00 00:00:00','','CN','1','1','1','1','0',NULL,NULL,NULL,'3000.00','3000.00'),('216','JV/000217/18-19','2019-03-20','being the cash recd.for Books purpose','',NULL,'0000-00-00 00:00:00','','JV','1','1','1','1','0','N','JV',NULL,'3000.00','3000.00'),('217','CN/000218/18-19','2019-03-20','being the amount recd.from Diptendu Bhattacharjee','',NULL,'0000-00-00 00:00:00','','CN','1','1','1','1','0',NULL,NULL,NULL,'3000.00','3000.00'),('218','JV/000219/18-19','2019-03-20','being the cash recd.for Books from Diptendu','',NULL,'0000-00-00 00:00:00','','JV','1','1','1','1','0','N','JV',NULL,'3000.00','3000.00'),('219','RC/000220/18-19','2019-03-20','being the cash recd.for Books',NULL,NULL,'0000-00-00 00:00:00','','RC','1','1','1','1','0','N','GV','Diptendu Bhattacharjee','3000.00','3000.00'),('220','JV/000221/18-19','2019-02-15','being the amount adjusted.','',NULL,'0000-00-00 00:00:00','','JV','1','1','1','1','0','N','JV',NULL,'5000.00','5000.00'),('221','JV/000222/19-20','2019-03-29','','',NULL,'0000-00-00 00:00:00','','JV','1','1','1','1','0','Y',NULL,NULL,'16000.00','16000.00'),('222','RC/000223/19-20','2019-03-29','','',NULL,'0000-00-00 00:00:00','','RC','1','1','1','1','0','Y',NULL,NULL,'14500.00','14500.00'),('223','CN/000224/18-19','2019-03-29','being the amount recd.from Adrija Chowdhury','',NULL,'0000-00-00 00:00:00','','CN','1','1','1','1','0',NULL,NULL,NULL,'14500.00','14500.00'),('224','JV/000225/18-19','2019-03-29','being the amount adjusted','',NULL,'0000-00-00 00:00:00','','JV','1','1','1','1','0','N','JV',NULL,'1500.00','1500.00'),('225','CN/000226/18-19','2019-01-22','BEING THE CASH DEPOSITED INTO BANK FROM AYUSH ANAND','',NULL,'0000-00-00 00:00:00','','CN','1','1','1','1','0',NULL,NULL,NULL,'11000.00','11000.00'),('226','CN/000227/18-19','2019-03-20','BEING THE CASH DEPOSITED INTO BANK FROM AYUSH ANAND','',NULL,'0000-00-00 00:00:00','','CN','1','1','1','1','0',NULL,NULL,NULL,'2000.00','2000.00'),('227','JV/000228/18-19','2019-03-20','BEING THE AMOUNT ADJUSTED','',NULL,'0000-00-00 00:00:00','','JV','1','1','1','1','0','N','JV',NULL,'3000.00','3000.00'),('228','CN/000229/18-19','2019-02-07','BEING THE CASH DEPOSITED INTO BANK FROM SWARNADEEP BHORE','',NULL,'0000-00-00 00:00:00','','CN','1','1','1','1','0',NULL,NULL,NULL,'16000.00','16000.00'),('229','CN/000230/18-19','2019-03-19','BEING THE AMOUNT DEPOSITED INTO BANK FROM DIPAYAN ROY','',NULL,'0000-00-00 00:00:00','','CN','1','1','1','1','0',NULL,NULL,NULL,'11000.00','11000.00'),('230','JV/000231/19-20','2019-03-20','BEING THE CASH RECD.FROM SOMYODIP MAITY,CLASS-V','',NULL,'0000-00-00 00:00:00','','JV','1','1','1','1','0','Y',NULL,NULL,'16000.00','16000.00'),('231','RC/000232/19-20','2019-03-20','BEING THE CASH RECD.FROM SOMYODIP MAITY,CLASS-V','',NULL,'0000-00-00 00:00:00','','RC','1','1','1','1','0','Y',NULL,NULL,'5000.00','5000.00'),('232','CN/000233/18-19','2019-03-20','BEING THE CASH DEPOSITED INTO BANK FROM SOUMYODIP MAITY','',NULL,'0000-00-00 00:00:00','','CN','1','1','1','1','0',NULL,NULL,NULL,'5000.00','5000.00'),('233','CN/000234/18-19','2018-12-24','being the cash recd.from Ashish Kumar Sah','',NULL,'0000-00-00 00:00:00','','CN','1','1','1','1','0',NULL,NULL,NULL,'12000.00','12000.00'),('234','JV/000235/18-19','2018-12-24','being the due amount adjusted','',NULL,'0000-00-00 00:00:00','','JV','1','1','1','1','0','N','JV',NULL,'4000.00','4000.00'),('235','CN/000236/18-19','2019-02-05','being the amount recd.from Swarup Chanda','',NULL,'0000-00-00 00:00:00','','CN','1','1','1','1','0',NULL,NULL,NULL,'5000.00','5000.00'),('236','RC/000237/18-19','2019-03-15','being the cash recd.from Naitik Shaw for Books',NULL,NULL,'0000-00-00 00:00:00','','RC','1','1','1','1','0','N','GV','Naitik Shaw','2700.00','2700.00'),('237','JV/000238/18-19','2019-03-15','being the cash recd.for Books','',NULL,'0000-00-00 00:00:00','','JV','1','1','1','1','0','N','JV',NULL,'2700.00','2700.00'),('238','CN/000239/18-19','2019-03-15','being the cash recd.from Naitik Shaw','',NULL,'0000-00-00 00:00:00','','CN','1','1','1','1','0',NULL,NULL,NULL,'15700.00','15700.00'),('239','JV/000240/18-19','2019-03-15','being the amount adjusted','',NULL,'0000-00-00 00:00:00','','JV','1','1','1','1','0','N','JV',NULL,'3000.00','3000.00'),('240','JV/000241/19-20','2019-03-22','being the fees recd.for class-IV','',NULL,'0000-00-00 00:00:00','','JV','1','1','1','1','0','Y',NULL,NULL,'16000.00','16000.00'),('241','RC/000242/19-20','2019-03-22','being the fees recd.for class-IV','',NULL,'0000-00-00 00:00:00','','RC','1','1','1','1','0','Y',NULL,NULL,'5000.00','5000.00'),('242','CN/000243/18-19','2019-03-22','being the cash recd.from Supratim Halder','',NULL,'0000-00-00 00:00:00','','CN','1','1','1','1','0',NULL,NULL,NULL,'7700.00','7700.00'),('243','JV/000244/18-19','2019-03-22','being the amount recd.for books','',NULL,'0000-00-00 00:00:00','','JV','1','1','1','1','0','N','JV',NULL,'2700.00','2700.00'),('244','RC/000245/18-19','2019-03-22','being the cash recd.for Books.',NULL,NULL,'0000-00-00 00:00:00','','RC','1','1','1','1','0','N','GV','Supratim Haldar','2700.00','2700.00'),('245','JV/000246/19-20','2019-03-26','','',NULL,'0000-00-00 00:00:00','','JV','1','1','1','1','0','Y',NULL,NULL,'16000.00','16000.00'),('246','RC/000247/19-20','2019-03-26','','',NULL,'0000-00-00 00:00:00','','RC','1','1','1','1','0','Y',NULL,NULL,'12000.00','12000.00'),('247','CN/000248/18-19','2019-03-26','being the cash deposited into bank from Faizal Ali Khan','',NULL,'0000-00-00 00:00:00','','CN','1','1','1','1','0',NULL,NULL,NULL,'12000.00','12000.00'),('248','JV/000249/18-19','2019-03-26','being the amount adjusted','',NULL,'0000-00-00 00:00:00','','JV','1','1','1','1','0','N','JV',NULL,'4000.00','4000.00'),('249','CN/000250/18-19','2018-11-28','being the cash deposited into bank from Subhajit Kayal','',NULL,'0000-00-00 00:00:00','','CN','1','1','1','1','0',NULL,NULL,NULL,'16000.00','16000.00'),('250','CN/000251/18-19','2018-12-21','being the cash deposited into bank from Sayan Mistri','',NULL,'0000-00-00 00:00:00','','CN','1','1','1','1','0',NULL,NULL,NULL,'11000.00','11000.00'),('251','JV/000252/18-19','2018-12-21','being the amount adjusted','',NULL,'0000-00-00 00:00:00','','JV','1','1','1','1','0','N','JV',NULL,'5000.00','5000.00'),('252','CN/000253/18-19','2019-02-04','being the cash deposited into bank from Ankur Sarkar','',NULL,'0000-00-00 00:00:00','','CN','1','1','1','1','0',NULL,NULL,NULL,'10000.00','10000.00'),('253','CN/000254/18-19','2019-02-28','being the cash deposited into bank from Ankur Sarkar','',NULL,'0000-00-00 00:00:00','','CN','1','1','1','1','0',NULL,NULL,NULL,'2500.00','2500.00'),('254','CN/000255/18-19','2019-03-19','being the cash deposited into bank from Ankur Sarkar','',NULL,'0000-00-00 00:00:00','','CN','1','1','1','1','0',NULL,NULL,NULL,'1000.00','1000.00'),('255','CN/000256/18-19','2019-03-04','being the amount recd.from Shreejita Pradhan','',NULL,'0000-00-00 00:00:00','','CN','1','1','1','1','0',NULL,NULL,NULL,'6700.00','6700.00'),('256','JV/000257/19-20','2019-03-30','being the cash recd.from Shlok Saha,class-VII.','',NULL,'0000-00-00 00:00:00','','JV','1','1','1','1','0','Y',NULL,NULL,'16000.00','16000.00'),('257','RC/000258/19-20','2019-03-30','being the cash recd.from Shlok Saha,class-VII.','',NULL,'0000-00-00 00:00:00','','RC','1','1','1','1','0','Y',NULL,NULL,'12000.00','12000.00'),('258','CN/000259/18-19','2019-03-30','being the cash deposited into bank,from Shlok Saha,Class-VII','',NULL,'0000-00-00 00:00:00','','CN','1','1','1','1','0',NULL,NULL,NULL,'12000.00','12000.00'),('259','JV/000260/18-19','2019-03-30','being the amount adjusted for Shlok Saha','',NULL,'0000-00-00 00:00:00','','JV','1','1','1','1','0','N','JV',NULL,'4000.00','4000.00'),('260','JV/000261/19-20','2019-03-30','being the cash recd.from Kaushal Shah,Class-VII','',NULL,'0000-00-00 00:00:00','','JV','1','1','1','1','0','Y',NULL,NULL,'16000.00','16000.00'),('261','RC/000262/19-20','2019-03-30','being the cash recd.from Kaushal Shah,Class-VII','',NULL,'0000-00-00 00:00:00','','RC','1','1','1','1','0','Y',NULL,NULL,'11000.00','11000.00'),('262','CN/000263/18-19','2019-03-30','being the cash recd.from Kaushal Shah,class-VII','',NULL,'0000-00-00 00:00:00','','CN','1','1','1','1','0',NULL,NULL,NULL,'11000.00','11000.00'),('263','JV/000264/18-19','2019-03-30','being the amount adjusted','',NULL,'0000-00-00 00:00:00','','JV','1','1','1','1','0','N','JV',NULL,'5000.00','5000.00'),('264','JV/000265/19-20','2019-03-30','being the cash recd.from  Rajdeep Chakraborty','',NULL,'0000-00-00 00:00:00','','JV','1','1','1','1','0','Y',NULL,NULL,'16000.00','16000.00'),('265','RC/000266/19-20','2019-03-30','being the cash recd.from  Rajdeep Chakraborty','',NULL,'0000-00-00 00:00:00','','RC','1','1','1','1','0','Y',NULL,NULL,'15000.00','15000.00'),('266','JV/000267/18-19','2019-03-30','being the amount adjusted','',NULL,'0000-00-00 00:00:00','','JV','1','1','1','1','0','N','JV',NULL,'1000.00','1000.00'),('267','JV/000268/18-19','2019-03-04','being the amount adjusted','',NULL,'0000-00-00 00:00:00','','JV','1','1','1','1','0','N','JV',NULL,'4000.00','4000.00'),('268','JV/000269/18-19','2019-03-04','being the amount recd.for Books','',NULL,'0000-00-00 00:00:00','','JV','1','1','1','1','0','N','JV',NULL,'2700.00','2700.00'),('269','RC/000270/18-19','2019-03-04','being the cash recd.from Sreejita Pradhan,Class-III',NULL,NULL,'0000-00-00 00:00:00','','RC','1','1','1','1','0','N','GV','Sreejita Pradhan','2700.00','2700.00'),('270','JV/000271/19-20','2019-03-27','being the fees recd.from Ramajay Das','',NULL,'0000-00-00 00:00:00','','JV','1','1','1','1','0','Y',NULL,NULL,'16000.00','16000.00'),('271','RC/000272/19-20','2019-03-27','being the fees recd.from Ramajay Das','',NULL,'0000-00-00 00:00:00','','RC','1','1','1','1','0','Y',NULL,NULL,'7000.00','7000.00'),('272','CN/000273/18-19','2019-03-27','being the cash deposited into bank from Ramajay Das','',NULL,'0000-00-00 00:00:00','','CN','1','1','1','1','0',NULL,NULL,NULL,'7000.00','7000.00'),('273','CN/000274/18-19','2018-12-03','being the fees recd.from Arpita Naskar','',NULL,'0000-00-00 00:00:00','','CN','1','1','1','1','0',NULL,NULL,NULL,'6000.00','6000.00'),('274','CN/000275/18-19','2019-03-20','being the fees recd.from Arpita Naskar','',NULL,'0000-00-00 00:00:00','','CN','1','1','1','1','0',NULL,NULL,NULL,'1000.00','1000.00'),('275','JV/000276/18-19','2019-03-20','being the balance adjusted','',NULL,'0000-00-00 00:00:00','','JV','1','1','1','1','0','N','JV',NULL,'4000.00','4000.00'),('276','CN/000277/18-19','2018-12-10','being the fees recd.from Barsha Mondal','',NULL,'0000-00-00 00:00:00','','CN','1','1','1','1','0',NULL,NULL,NULL,'16000.00','16000.00'),('277','CN/000278/18-19','2018-12-12','being the fees recd.from Anubhab Sardar','',NULL,'0000-00-00 00:00:00','','CN','1','1','1','1','0',NULL,NULL,NULL,'12000.00','12000.00'),('278','JV/000279/18-19','2018-12-12','being the fees adjusted.','',NULL,'0000-00-00 00:00:00','','JV','1','1','1','1','0','N','JV',NULL,'4000.00','4000.00'),('279','CN/000280/18-19','2018-12-24','being the fees recd.from Shilpa Sah','',NULL,'0000-00-00 00:00:00','','CN','1','1','1','1','0',NULL,NULL,NULL,'12000.00','12000.00'),('280','JV/000281/18-19','2018-12-24','being the fees adjusted','',NULL,'0000-00-00 00:00:00','','JV','1','1','1','1','0','N','JV',NULL,'4000.00','4000.00'),('281','JV/000282/19-20','2019-04-01','being the fees recd.','',NULL,'0000-00-00 00:00:00','','JV','1','1','1','2','0','Y',NULL,NULL,'16000.00','16000.00'),('282','RC/000283/19-20','2019-04-01','being the fees recd.','',NULL,'0000-00-00 00:00:00','','RC','1','1','1','2','0','Y',NULL,NULL,'11000.00','11000.00'),('283','CN/000284/19-20','2019-04-02','being the cash deposited into bank from Prasenjit Parida','',NULL,'0000-00-00 00:00:00','','CN','1','1','1','2','0',NULL,NULL,NULL,'11000.00','11000.00'),('284','JV/000285/19-20','2019-04-01','being the fees adjusted','',NULL,'0000-00-00 00:00:00','','JV','1','1','1','2','0','N','JV',NULL,'5000.00','5000.00'),('285','RC/000286/19-20','2019-04-02','being the balance fees recd.\r\n','',NULL,'0000-00-00 00:00:00','','RC','1','1','1','2','0',NULL,NULL,NULL,'1000.00','1000.00'),('286','RC/000287/19-20','2019-04-02','being the due fees recd.','',NULL,'0000-00-00 00:00:00','','RC','1','1','1','2','0',NULL,NULL,NULL,'1000.00','1000.00'),('287','CN/000288/19-20','2019-04-02','being the fees recd.from Diptanshu & Diptendu Bhattacharya','',NULL,'0000-00-00 00:00:00','','CN','1','1','1','2','0',NULL,NULL,NULL,'2000.00','2000.00'),('288','JV/000289/19-20','2019-04-02','being the balance adjusted','',NULL,'0000-00-00 00:00:00','','JV','1','1','1','2','0','N','JV',NULL,'4000.00','4000.00'),('289','JV/000290/19-20','2019-04-02','being the balance adjusted','',NULL,'0000-00-00 00:00:00','','JV','1','1','1','2','0','N','JV',NULL,'4000.00','4000.00'),('290','JV/000291/19-20','2019-04-02','being the fees recd.','135177','2019-04-02','0000-00-00 00:00:00','','JV','1','1','1','2','0','Y',NULL,NULL,'16000.00','16000.00'),('291','RC/000292/19-20','2019-04-02','being the fees recd.','135177','2019-04-02','0000-00-00 00:00:00','','RC','1','1','1','2','0','Y',NULL,NULL,'13500.00','13500.00'),('292','JV/000293/19-20','2019-04-02','being the due fees adjusted','',NULL,'0000-00-00 00:00:00','','JV','1','1','1','2','0','N','JV',NULL,'2500.00','2500.00'),('293','JV/000294/19-20','2019-04-02','being the fees recd for class : VI','875679','2019-04-02','0000-00-00 00:00:00','','JV','1','1','1','2','0','Y',NULL,NULL,'16000.00','16000.00'),('294','RC/000295/19-20','2019-04-02','being the fees recd for class : VI','875679','2019-04-02','0000-00-00 00:00:00','','RC','1','1','1','2','0','Y',NULL,NULL,'16000.00','16000.00'),('295','RC/000296/19-20','2019-04-02','being the fees recd.for Books','875678','2019-04-02','0000-00-00 00:00:00','','RC','1','1','1','2','0','N','GV','Bhavika Khandelwal','3500.00','3500.00'),('296','JV/000297/19-20','2019-04-02','being the amount recd.for books','',NULL,'0000-00-00 00:00:00','','JV','1','1','1','2','0','N','JV',NULL,'3500.00','3500.00'),('297','JV/000298/19-20','2019-04-02','being the fees recd.','',NULL,'0000-00-00 00:00:00','','JV','1','1','1','2','0','Y',NULL,NULL,'16000.00','16000.00'),('298','RC/000299/19-20','2019-04-02','being the fees recd.','',NULL,'0000-00-00 00:00:00','','RC','1','1','1','2','0','Y',NULL,NULL,'2000.00','2000.00'),('299','JV/000300/19-20','2019-04-02','being the fees recd.','',NULL,'0000-00-00 00:00:00','','JV','1','1','1','2','0','Y',NULL,NULL,'16000.00','16000.00'),('300','RC/000301/19-20','2019-04-02','being the fees recd.','',NULL,'0000-00-00 00:00:00','','RC','1','1','1','2','0','Y',NULL,NULL,'5000.00','5000.00'),('303','CN/000304/19-20','2019-04-02','being the fees recd.from Anushka Banerjee','',NULL,'0000-00-00 00:00:00','','CN','1','1','1','2','0',NULL,NULL,NULL,'2000.00','2000.00'),('304','CN/000305/19-20','2019-04-02','being the fees recd.from Krish Das','',NULL,'0000-00-00 00:00:00','','CN','1','1','1','2','0',NULL,NULL,NULL,'5000.00','5000.00'),('305','JV/000306/19-20','2019-04-04','being the fees recd. for Class-V','',NULL,'0000-00-00 00:00:00','','JV','1','1','1','2','0','Y',NULL,NULL,'16000.00','16000.00'),('306','RC/000307/19-20','2019-04-04','being the fees recd. for Class-V','',NULL,'0000-00-00 00:00:00','','RC','1','1','1','2','0','Y',NULL,NULL,'10000.00','10000.00'),('307','CN/000308/19-20','2019-04-04','being the fees recd.for Class-V ( Supratim Ghosh)','',NULL,'0000-00-00 00:00:00','','CN','1','1','1','2','0',NULL,NULL,NULL,'13000.00','13000.00'),('308','JV/000309/19-20','2019-04-04','being the amount recd.for books for class-V','',NULL,'0000-00-00 00:00:00','','JV','1','1','1','2','0','N','JV',NULL,'3000.00','3000.00'),('309','RC/000310/19-20','2019-04-04','being the cash recd.for books',NULL,NULL,'0000-00-00 00:00:00','','RC','1','1','1','2','0','N','GV','Supratim Ghosh','3000.00','3000.00'),('310','JV/000311/19-20','2019-04-04','being the balance due amount adjusted.','',NULL,'0000-00-00 00:00:00','','JV','1','1','1','2','0','N','JV',NULL,'6000.00','6000.00'),('311','JV/000312/19-20','2019-04-05','being the fees recd.for\n Class-IV','',NULL,'0000-00-00 00:00:00','','JV','1','1','1','2','0','Y',NULL,NULL,'16000.00','16000.00'),('312','RC/000313/19-20','2019-04-05','being the fees recd.for\n Class-IV','',NULL,'0000-00-00 00:00:00','','RC','1','1','1','2','0','Y',NULL,NULL,'16000.00','16000.00'),('313','CN/000314/19-20','2019-04-05','being the cash recd.from Saanvi Bhakat','',NULL,'0000-00-00 00:00:00','','CN','1','1','1','2','0',NULL,NULL,NULL,'16000.00','16000.00'),('314','CN/000315/19-20','2019-04-05','being the due fees recd.from Krish Das','',NULL,'0000-00-00 00:00:00','','CN','1','1','1','2','0',NULL,NULL,NULL,'5000.00','5000.00'),('315','RC/000316/19-20','2019-04-05','being the due fees recd.from Krish Das','',NULL,'0000-00-00 00:00:00','','RC','1','1','1','2','0',NULL,NULL,NULL,'5000.00','5000.00'),('316','JV/000317/19-20','2019-04-12','being the due fees adjusted','',NULL,'0000-00-00 00:00:00','','JV','1','1','1','2','0','N','JV',NULL,'5000.00','5000.00'),('317','JV/000318/19-20','2019-04-05','being the amount recd.from Alankit Moitra','',NULL,'0000-00-00 00:00:00','','JV','1','1','1','2','0','Y',NULL,NULL,'16000.00','16000.00'),('318','RC/000319/19-20','2019-04-05','being the amount recd.from Alankit Moitra','',NULL,'0000-00-00 00:00:00','','RC','1','1','1','2','0','Y',NULL,NULL,'10000.00','10000.00'),('319','CN/000320/19-20','2019-04-05','being the fees recd.from Alankit Moitra','',NULL,'0000-00-00 00:00:00','','CN','1','1','1','2','0',NULL,NULL,NULL,'10000.00','10000.00'),('320','JV/000321/19-20','2019-04-05','being the due fees adjusted','',NULL,'0000-00-00 00:00:00','','JV','1','1','1','2','0','N','JV',NULL,'6000.00','6000.00'),('321','RC/000322/19-20','2019-04-05','being the due fees recd.','',NULL,'0000-00-00 00:00:00','','RC','1','1','1','2','0',NULL,NULL,NULL,'1000.00','1000.00'),('322','CN/000323/19-20','2019-04-05','being the due fees recd.from Aditi Shaw','',NULL,'0000-00-00 00:00:00','','CN','1','1','1','2','0',NULL,NULL,NULL,'1000.00','1000.00'),('323','JV/000324/19-20','2019-04-05','being the due fees adjusted.','',NULL,'0000-00-00 00:00:00','','JV','1','1','1','2','0','N','JV',NULL,'4000.00','4000.00'),('324','JV/000325/18-19','2019-03-05','being the amount for Books','',NULL,'0000-00-00 00:00:00','','JV','1','1','1','1','0','N','JV',NULL,'2500.00','2500.00'),('325','JV/000326/18-19','2019-03-08','being the due amount adjusted','',NULL,'0000-00-00 00:00:00','','JV','1','1','1','1','0','N','JV',NULL,'4000.00','4000.00'),('326','CN/000327/18-19','2019-03-12','being the amount recd.from Ronak Barnawal','',NULL,'0000-00-00 00:00:00','','CN','1','1','1','1','0',NULL,NULL,NULL,'5000.00','5000.00'),('327','CN/000328/18-19','2019-03-19','being the due fees recd from Ronak Barnawal','',NULL,'0000-00-00 00:00:00','','CN','1','1','1','1','0',NULL,NULL,NULL,'6000.00','6000.00'),('328','RC/000329/19-20','1970-01-01','being the due fees recd.','',NULL,'0000-00-00 00:00:00','','RC','1','1','1','1','0',NULL,NULL,NULL,'6000.00','6000.00'),('329','CN/000330/18-19','2019-01-10','being the fees recd.from Rupam Ghosh','',NULL,'0000-00-00 00:00:00','','CN','1','1','1','1','0',NULL,NULL,NULL,'11000.00','11000.00'),('330','CN/000331/18-19','2019-03-20','being the balance fees recd.from Rupam Ghosh','',NULL,'0000-00-00 00:00:00','','CN','1','1','1','1','0',NULL,NULL,NULL,'1000.00','1000.00'),('331','RC/000332/19-20','2019-03-20','being the balance fees recd.','',NULL,'0000-00-00 00:00:00','','RC','1','1','1','1','0',NULL,NULL,NULL,'1000.00','1000.00'),('332','CN/000333/18-19','2019-01-10','being the fees recd.from Ishan Biswas','',NULL,'0000-00-00 00:00:00','','CN','1','1','1','1','0',NULL,NULL,NULL,'11000.00','11000.00'),('333','CN/000334/18-19','2019-03-20','being the fees recd.from Ishan Biswas','',NULL,'0000-00-00 00:00:00','','CN','1','1','1','1','0',NULL,NULL,NULL,'1000.00','1000.00'),('334','RC/000335/19-20','2019-03-20','being the due fees recd.','',NULL,'0000-00-00 00:00:00','','RC','1','1','1','1','0',NULL,NULL,NULL,'1000.00','1000.00'),('335','JV/000336/19-20','2019-04-01','being the due balance adjusted','',NULL,'0000-00-00 00:00:00','','JV','1','1','1','2','0','N','JV',NULL,'4000.00','4000.00'),('336','RC/000337/19-20','2019-03-25','being the due fees recd.','',NULL,'0000-00-00 00:00:00','','RC','1','1','1','1','0',NULL,NULL,NULL,'5000.00','5000.00'),('337','CN/000338/18-19','2018-12-27','being the fees amount recd.from Raunak Roy','',NULL,'0000-00-00 00:00:00','','CN','1','1','1','1','0',NULL,NULL,NULL,'10000.00','10000.00'),('338','CN/000339/18-19','2019-03-25','being the due fees recd.from raunak Roy','',NULL,'0000-00-00 00:00:00','','CN','1','1','1','1','0',NULL,NULL,NULL,'5000.00','5000.00'),('339','JV/000340/18-19','2019-03-25','being the due fees adjusted.','',NULL,'0000-00-00 00:00:00','','JV','1','1','1','1','0','N','JV',NULL,'1000.00','1000.00'),('340','CN/000341/18-19','2018-12-15','being the fees recd.from Somosree Mondal','',NULL,'0000-00-00 00:00:00','','CN','1','1','1','1','0',NULL,NULL,NULL,'11000.00','11000.00'),('341','CN/000342/18-19','2019-03-19','being the due fees recd.from Somosree Mondal','',NULL,'0000-00-00 00:00:00','','CN','1','1','1','1','0',NULL,NULL,NULL,'3000.00','3000.00'),('342','JV/000343/18-19','2019-03-19','being the due fees adjusted','',NULL,'0000-00-00 00:00:00','','JV','1','1','1','1','0','N','JV',NULL,'2000.00','2000.00'),('343','RC/000344/19-20','2019-03-19','being the due fees recd.','',NULL,'0000-00-00 00:00:00','','RC','1','1','1','1','0',NULL,NULL,NULL,'3000.00','3000.00'),('344','RC/000345/19-20','2019-03-20','due fees recd.','',NULL,'0000-00-00 00:00:00','','RC','1','1','1','1','0',NULL,NULL,NULL,'1000.00','1000.00'),('346','RC/000347/19-20','2019-03-26','balance fees recd.from Adrija Biswas','',NULL,'0000-00-00 00:00:00','','RC','1','1','1','1','0',NULL,NULL,NULL,'1000.00','1000.00'),('347','JV/000348/19-20','2019-04-09','being the admission fees recd.','',NULL,'0000-00-00 00:00:00','','JV','1','1','1','2','0','Y',NULL,NULL,'16000.00','16000.00'),('348','RC/000349/19-20','2019-04-09','being the admission fees recd.','',NULL,'0000-00-00 00:00:00','','RC','1','1','1','2','0','Y',NULL,NULL,'10800.00','10800.00'),('349','CN/000350/19-20','2019-04-09','being the fees recd.from Arnadip Manna','',NULL,'0000-00-00 00:00:00','','CN','1','1','1','2','0',NULL,NULL,NULL,'10800.00','10800.00'),('350','JV/000351/19-20','2019-04-09','being the due fees adjusted','',NULL,'0000-00-00 00:00:00','','JV','1','1','1','2','0','N','JV',NULL,'5200.00','5200.00'),('351','JV/000352/19-20','2019-04-09','being the fees recd.','000013','2019-04-09','0000-00-00 00:00:00','','JV','1','1','1','2','0','Y',NULL,NULL,'16000.00','16000.00'),('352','RC/000353/19-20','2019-04-09','being the fees recd.','000013','2019-04-09','0000-00-00 00:00:00','','RC','1','1','1','2','0','Y',NULL,NULL,'15000.00','15000.00'),('353','JV/000354/19-20','2019-04-09','being the due fees adjusted','',NULL,'0000-00-00 00:00:00','','JV','1','1','1','2','0','N','JV',NULL,'1000.00','1000.00'),('354','JV/000355/19-20','2019-04-10','being the fees recd.','334916','2019-04-10','0000-00-00 00:00:00','','JV','1','1','1','2','0','Y',NULL,NULL,'16000.00','16000.00'),('355','RC/000356/19-20','2019-04-10','being the fees recd.','334916','2019-04-10','0000-00-00 00:00:00','','RC','1','1','1','2','0','Y',NULL,NULL,'5000.00','5000.00'),('356','JV/000357/19-20','2019-04-10','being the fees recd.','',NULL,'0000-00-00 00:00:00','','JV','1','1','1','2','0','Y',NULL,NULL,'16000.00','16000.00'),('357','RC/000358/19-20','2019-04-10','being the fees recd.','',NULL,'0000-00-00 00:00:00','','RC','1','1','1','2','0','Y',NULL,NULL,'10000.00','10000.00'),('358','CN/000359/19-20','2019-04-10','being the fees recd.from Tamalika Halder','',NULL,'0000-00-00 00:00:00','','CN','1','1','1','2','0',NULL,NULL,NULL,'10000.00','10000.00'),('359','JV/000360/19-20','2019-04-10','being the due fees adjusted','',NULL,'0000-00-00 00:00:00','','JV','1','1','1','2','0','N','JV',NULL,'6000.00','6000.00'),('360','JV/000361/19-20','2019-04-12','being the fees recd.','800615','2019-04-12','0000-00-00 00:00:00','','JV','1','1','1','2','0','Y',NULL,NULL,'16000.00','16000.00'),('361','RC/000362/19-20','2019-04-12','being the fees recd.','800615','2019-04-12','0000-00-00 00:00:00','','RC','1','1','1','2','0','Y',NULL,NULL,'19200.00','19200.00'),('362','JV/000363/19-20','2019-04-12','being the fees recd.including Books & Dress','800615','2019-04-12','0000-00-00 00:00:00','','JV','1','1','1','2','0','N','JV',NULL,'3200.00','3200.00'),('363','RC/000364/19-20','2019-04-10','being the due fees recd.','',NULL,'0000-00-00 00:00:00','','RC','1','1','1','2','0',NULL,NULL,NULL,'4000.00','4000.00'),('364','CN/000365/19-20','2019-04-10','being the due fees recd.from Archisman Aich','',NULL,'0000-00-00 00:00:00','','CN','1','1','1','2','0',NULL,NULL,NULL,'4000.00','4000.00'),('365','JV/000366/19-20','2019-04-10','being the due fees adjusted.','',NULL,'0000-00-00 00:00:00','','JV','1','1','1','2','0','N','JV',NULL,'6000.00','6000.00'),('366','CN/000367/18-19','2019-02-11','being the fees recd.from Archisman Aich','',NULL,'0000-00-00 00:00:00','','CN','1','1','1','1','0',NULL,NULL,NULL,'6000.00','6000.00'),('367','JV/000368/19-20','2019-04-10','BEING THE FEES RECD.FOR CLASS-I\n\n','010883','2019-04-10','0000-00-00 00:00:00','','JV','1','1','1','2','0','Y',NULL,NULL,'16000.00','16000.00'),('368','RC/000369/19-20','2019-04-10','BEING THE FEES RECD.FOR CLASS-I\n\n','010883','2019-04-10','0000-00-00 00:00:00','','RC','1','1','1','2','0','Y',NULL,NULL,'15000.00','15000.00'),('369','JV/000370/19-20','2019-04-10','BEING THE FEES RECD.FOR BOOKS','010883','2019-04-10','0000-00-00 00:00:00','','JV','1','1','1','2','0','N','JV',NULL,'2500.00','2500.00'),('370','JV/000371/19-20','2019-04-10','BEING THE DUE FEES ADJUSTED','',NULL,'0000-00-00 00:00:00','','JV','1','1','1','2','0','N','JV',NULL,'3500.00','3500.00'),('371','JV/000372/19-20','2019-04-10','BEING THE FEES RECD.FORCLASS-III','',NULL,'0000-00-00 00:00:00','','JV','1','1','1','2','0','Y',NULL,NULL,'16000.00','16000.00'),('372','RC/000373/19-20','2019-04-10','BEING THE FEES RECD.FORCLASS-III','',NULL,'0000-00-00 00:00:00','','RC','1','1','1','2','0','Y',NULL,NULL,'10000.00','10000.00'),('373','JV/000374/19-20','2019-04-10','being the due fees adjusted','',NULL,'0000-00-00 00:00:00','','JV','1','1','1','2','0','N','JV',NULL,'6000.00','6000.00'),('374','CN/000375/19-20','2019-04-10','being the fees recd.from Dibyanshu Mallick,Class-III','',NULL,'0000-00-00 00:00:00','','CN','1','1','1','2','0',NULL,NULL,NULL,'10000.00','10000.00'),('375','JV/000376/19-20','2019-04-10','being the fees recd.for class-IV','',NULL,'0000-00-00 00:00:00','','JV','1','1','1','2','0','Y',NULL,NULL,'16000.00','16000.00'),('376','RC/000377/19-20','2019-04-10','being the fees recd.for class-IV','',NULL,'0000-00-00 00:00:00','','RC','1','1','1','2','0','Y',NULL,NULL,'11000.00','11000.00'),('377','CN/000378/19-20','2019-04-10','being the fees recd.from Simrita Chatterjee','',NULL,'0000-00-00 00:00:00','','CN','1','1','1','2','0',NULL,NULL,NULL,'11000.00','11000.00'),('378','JV/000379/19-20','2019-04-10','being the due fees adjusted','',NULL,'0000-00-00 00:00:00','','JV','1','1','1','2','0','N','JV',NULL,'5000.00','5000.00'),('379','JV/000380/19-20','2019-04-10','being the fees recd.','',NULL,'0000-00-00 00:00:00','','JV','1','1','1','2','0','Y',NULL,NULL,'16000.00','16000.00'),('380','RC/000381/19-20','2019-04-10','being the fees recd.','',NULL,'0000-00-00 00:00:00','','RC','1','1','1','2','0','Y',NULL,NULL,'11000.00','11000.00'),('381','CN/000382/19-20','2019-04-10','being the fees recd.from Rajdeep Chatterjee','',NULL,'0000-00-00 00:00:00','','CN','1','1','1','2','0',NULL,NULL,NULL,'11000.00','11000.00'),('382','JV/000383/19-20','2019-04-10','being the due fees adjusted.','',NULL,'0000-00-00 00:00:00','','JV','1','1','1','2','0','N','JV',NULL,'5000.00','5000.00'),('383','JV/000384/19-20','2019-04-10','being the fees recd.','',NULL,'0000-00-00 00:00:00','','JV','1','1','1','2','0','Y',NULL,NULL,'16000.00','16000.00'),('384','RC/000385/19-20','2019-04-10','being the fees recd.','',NULL,'0000-00-00 00:00:00','','RC','1','1','1','2','0','Y',NULL,NULL,'11000.00','11000.00'),('385','CN/000386/19-20','2019-04-10','being the fees recd.from srinivash Majumder.','',NULL,'0000-00-00 00:00:00','','CN','1','1','1','2','0',NULL,NULL,NULL,'5000.00','5000.00'),('386','JV/000387/19-20','2019-04-10','being the due fees adjusted.','',NULL,'0000-00-00 00:00:00','','JV','1','1','1','2','0','N','JV',NULL,'5000.00','5000.00'),('387','CN/000388/18-19','2018-11-12','being the fees recd.from Hreet Sardar','',NULL,'0000-00-00 00:00:00','','CN','1','1','1','1','0',NULL,NULL,NULL,'11000.00','11000.00'),('388','CN/000389/18-19','2018-11-20','being the fees recd.from Ritika Sha','',NULL,'0000-00-00 00:00:00','','CN','1','1','1','1','0',NULL,NULL,NULL,'10000.00','10000.00'),('389','CN/000390/18-19','2019-01-19','being the fees recd.from Ritika Sha','',NULL,'0000-00-00 00:00:00','','CN','1','1','1','1','0',NULL,NULL,NULL,'6000.00','6000.00'),('390','RC/000391/19-20','2019-04-12','due fees recd.from Krish Das,Class-III','',NULL,'0000-00-00 00:00:00','','RC','1','1','1','2','0',NULL,NULL,NULL,'1000.00','1000.00'),('391','CN/000392/19-20','2019-04-12','Being the due fees recd.from Krish Das,Class-III','',NULL,'0000-00-00 00:00:00','','CN','1','1','1','2','0',NULL,NULL,NULL,'1000.00','1000.00'),('392','RC/000393/19-20','2019-04-11','being the due fees recd.from Debargha Chatterjee\r\n','',NULL,'0000-00-00 00:00:00','','RC','1','1','1','2','0',NULL,NULL,NULL,'6000.00','6000.00'),('393','CN/000394/19-20','2019-04-11','Being the due fees recd.from Debargha Chatterjee,Class-VII','',NULL,'0000-00-00 00:00:00','','CN','1','1','1','2','0',NULL,NULL,NULL,'6000.00','6000.00'),('394','JV/000395/19-20','2019-04-11','being the due fees adjusted','',NULL,'0000-00-00 00:00:00','','JV','1','1','1','2','0','N','JV',NULL,'5000.00','5000.00'),('395','JV/000396/19-20','2019-04-11','being the fees recd.','',NULL,'0000-00-00 00:00:00','','JV','1','1','1','2','0','Y',NULL,NULL,'16000.00','16000.00'),('396','RC/000397/19-20','2019-04-11','being the fees recd.','',NULL,'0000-00-00 00:00:00','','RC','1','1','1','2','0','Y',NULL,NULL,'11000.00','11000.00'),('397','CN/000398/19-20','2019-04-11','fees recd.from Shreyanshu Das','',NULL,'0000-00-00 00:00:00','','CN','1','1','1','2','0',NULL,NULL,NULL,'11000.00','11000.00'),('398','JV/000399/19-20','2019-04-11','due fees adjusted','',NULL,'0000-00-00 00:00:00','','JV','1','1','1','2','0','N','JV',NULL,'5000.00','5000.00'),('399','JV/000400/19-20','2019-04-11','being the fees recd','',NULL,'0000-00-00 00:00:00','','JV','1','1','1','2','0','Y',NULL,NULL,'16000.00','16000.00'),('400','RC/000401/19-20','2019-04-11','being the fees recd','',NULL,'0000-00-00 00:00:00','','RC','1','1','1','2','0','Y',NULL,NULL,'2500.00','2500.00'),('401','RC/000402/19-20','2019-04-12','Balance fees recd.','000007','2019-04-12','0000-00-00 00:00:00','','RC','1','1','1','2','0',NULL,NULL,NULL,'7500.00','7500.00'),('402','CN/000403/19-20','2019-04-11','being the fees recd.from Krittika Paul,Class - UKG','',NULL,'0000-00-00 00:00:00','','CN','1','1','1','2','0',NULL,NULL,NULL,'2500.00','2500.00'),('403','JV/000404/19-20','2019-04-11','BEING THE FEES RECD.','',NULL,'0000-00-00 00:00:00','','JV','1','1','1','2','0','Y',NULL,NULL,'16000.00','16000.00'),('404','RC/000405/19-20','2019-04-11','BEING THE FEES RECD.','',NULL,'0000-00-00 00:00:00','','RC','1','1','1','2','0','Y',NULL,NULL,'10000.00','10000.00'),('405','JV/000406/19-20','2019-04-11','BEING THE FEES RECD.','',NULL,'0000-00-00 00:00:00','','JV','1','1','1','2','0','Y',NULL,NULL,'16000.00','16000.00'),('406','RC/000407/19-20','2019-04-11','BEING THE FEES RECD.','',NULL,'0000-00-00 00:00:00','','RC','1','1','1','2','0','Y',NULL,NULL,'5000.00','5000.00'),('407','JV/000408/19-20','2019-04-11','BEING THE FEES RECD.','',NULL,'0000-00-00 00:00:00','','JV','1','1','1','2','0','Y',NULL,NULL,'16000.00','16000.00'),('408','RC/000409/19-20','2019-04-11','BEING THE FEES RECD.','',NULL,'0000-00-00 00:00:00','','RC','1','1','1','2','0','Y',NULL,NULL,'5000.00','5000.00'),('409','JV/000410/19-20','2019-04-11','BEING THE FEES RECD.','',NULL,'0000-00-00 00:00:00','','JV','1','1','1','2','0','Y',NULL,NULL,'16000.00','16000.00'),('410','RC/000411/19-20','2019-04-11','BEING THE FEES RECD.','',NULL,'0000-00-00 00:00:00','','RC','1','1','1','2','0','Y',NULL,NULL,'5000.00','5000.00'),('411','JV/000412/19-20','2019-04-11','BEING THE FEES RECD.','',NULL,'0000-00-00 00:00:00','','JV','1','1','1','2','0','Y',NULL,NULL,'16000.00','16000.00'),('412','RC/000413/19-20','2019-04-11','BEING THE FEES RECD.','',NULL,'0000-00-00 00:00:00','','RC','1','1','1','2','0','Y',NULL,NULL,'10000.00','10000.00'),('413','JV/000414/19-20','2019-04-11','BEING THE FEES RECD.','',NULL,'0000-00-00 00:00:00','','JV','1','1','1','2','0','Y',NULL,NULL,'16000.00','16000.00'),('414','RC/000415/19-20','2019-04-11','BEING THE FEES RECD.','',NULL,'0000-00-00 00:00:00','','RC','1','1','1','2','0','Y',NULL,NULL,'4000.00','4000.00'),('415','JV/000416/19-20','2019-04-11','BEING THE FEES RECD.','',NULL,'0000-00-00 00:00:00','','JV','1','1','1','2','0','Y',NULL,NULL,'16000.00','16000.00'),('416','RC/000417/19-20','2019-04-11','BEING THE FEES RECD.','',NULL,'0000-00-00 00:00:00','','RC','1','1','1','2','0','Y',NULL,NULL,'2000.00','2000.00'),('417','JV/000418/19-20','2019-04-12','BEING THE FEES RECD.','',NULL,'0000-00-00 00:00:00','','JV','1','1','1','2','0','Y',NULL,NULL,'16000.00','16000.00'),('418','RC/000419/19-20','2019-04-12','BEING THE FEES RECD.','',NULL,'0000-00-00 00:00:00','','RC','1','1','1','2','0','Y',NULL,NULL,'11000.00','11000.00'),('419','JV/000420/19-20','2019-04-16','BEING THE FEES RECD.','',NULL,'0000-00-00 00:00:00','','JV','1','1','1','2','0','Y',NULL,NULL,'16000.00','16000.00'),('420','RC/000421/19-20','2019-04-16','BEING THE FEES RECD.','',NULL,'0000-00-00 00:00:00','','RC','1','1','1','2','0','Y',NULL,NULL,'11000.00','11000.00'),('421','JV/000422/19-20','2019-04-16','BEING THE FEES RECD.','',NULL,'0000-00-00 00:00:00','','JV','1','1','1','2','0','Y',NULL,NULL,'16000.00','16000.00'),('422','RC/000423/19-20','2019-04-16','BEING THE FEES RECD.','',NULL,'0000-00-00 00:00:00','','RC','1','1','1','2','0','Y',NULL,NULL,'4000.00','4000.00'),('423','JV/000424/19-20','2019-04-16','','',NULL,'0000-00-00 00:00:00','','JV','1','1','1','2','0','Y',NULL,NULL,'16000.00','16000.00'),('424','RC/000425/19-20','2019-04-16','','',NULL,'0000-00-00 00:00:00','','RC','1','1','1','2','0','Y',NULL,NULL,'10000.00','10000.00'),('425','CN/000426/19-20','2019-04-11','BEING THE FEES RECD.FROM Alkantic Jana','',NULL,'0000-00-00 00:00:00','','CN','1','1','1','2','0',NULL,NULL,NULL,'10000.00','10000.00'),('426','CN/000427/19-20','2019-04-11','being the fees recd.from Kishan Lal Gupta','',NULL,'0000-00-00 00:00:00','','CN','1','1','1','2','0',NULL,NULL,NULL,'5000.00','5000.00'),('427','CN/000428/19-20','2019-04-11','being the fees recd.from Kunal Paul','',NULL,'0000-00-00 00:00:00','','CN','1','1','1','2','0',NULL,NULL,NULL,'5000.00','5000.00'),('428','CN/000429/19-20','2019-04-11','being the fees recd.from Ritesh Das','',NULL,'0000-00-00 00:00:00','','CN','1','1','1','2','0',NULL,NULL,NULL,'5000.00','5000.00'),('429','CN/000430/19-20','2019-04-11','being the fees recd.from Soumya Kayal','',NULL,'0000-00-00 00:00:00','','CN','1','1','1','2','0',NULL,NULL,NULL,'10000.00','10000.00'),('430','CN/000431/19-20','2019-04-11','Being the fees recd.from satyaki Ghosh','',NULL,'0000-00-00 00:00:00','','CN','1','1','1','2','0',NULL,NULL,NULL,'4000.00','4000.00'),('431','CN/000432/19-20','2019-04-11','being the fees recd.from Aashka Srivastava','',NULL,'0000-00-00 00:00:00','','CN','1','1','1','2','0',NULL,NULL,NULL,'2000.00','2000.00'),('432','CN/000433/19-20','2019-04-12','being the fees recd.from Sagnik Karmakar','',NULL,'0000-00-00 00:00:00','','CN','1','1','1','2','0',NULL,NULL,NULL,'11000.00','11000.00'),('433','CN/000434/19-20','2019-04-16','being the fees recd.from Asmit Bhattacharya','',NULL,'0000-00-00 00:00:00','','CN','1','1','1','2','0',NULL,NULL,NULL,'11000.00','11000.00'),('434','CN/000435/19-20','2019-04-16','being the fees recd.from Solomon Shalom Lijo','',NULL,'0000-00-00 00:00:00','','CN','1','1','1','2','0',NULL,NULL,NULL,'4000.00','4000.00'),('435','CN/000436/19-20','2019-04-16','being the fees recd.from Sayanto Halder','',NULL,'0000-00-00 00:00:00','','CN','1','1','1','2','0',NULL,NULL,NULL,'10000.00','10000.00'),('436','CN/000437/19-20','2019-04-16','due fees from Kunal Paul ','',NULL,'0000-00-00 00:00:00','','CN','1','1','1','2','0',NULL,NULL,NULL,'5000.00','5000.00'),('437','RC/000438/19-20','2019-04-17','','',NULL,'0000-00-00 00:00:00','','RC','1','1','1','2','0',NULL,NULL,NULL,'5000.00','5000.00'),('440','CN/000441/19-20','2019-04-16','being the fees recd.from Ashutosh Parida','',NULL,'0000-00-00 00:00:00','','CN','1','1','1','2','0',NULL,NULL,NULL,'5000.00','5000.00'),('441','RC/000442/19-20','2019-04-16','Due fees recd.','',NULL,'0000-00-00 00:00:00','','RC','1','1','1','1','0',NULL,NULL,NULL,'5000.00','5000.00'),('442','RC/000443/19-20','2019-04-16','due fees recd.','',NULL,'0000-00-00 00:00:00','','RC','1','1','1','1','0',NULL,NULL,NULL,'1000.00','1000.00'),('443','CN/000444/19-20','2019-04-16','being the due fees recd.from Rajveer Singh','',NULL,'0000-00-00 00:00:00','','CN','1','1','1','2','0',NULL,NULL,NULL,'1000.00','1000.00'),('444','CN/000445/19-20','2019-04-16','due fees from Shreejita Pradhan','',NULL,'0000-00-00 00:00:00','','CN','1','1','1','2','0',NULL,NULL,NULL,'6000.00','6000.00'),('445','RC/000446/19-20','2019-04-16','due fees recd.','',NULL,'0000-00-00 00:00:00','','RC','1','1','1','2','0',NULL,NULL,NULL,'6000.00','6000.00'),('446','CN/000447/19-20','2019-04-16','due fees recd.from Ritesh Das','',NULL,'0000-00-00 00:00:00','','CN','1','1','1','2','0',NULL,NULL,NULL,'6000.00','6000.00'),('447','RC/000448/19-20','2019-04-16','due fees recd.','',NULL,'0000-00-00 00:00:00','','RC','1','1','1','2','0',NULL,NULL,NULL,'6000.00','6000.00'),('448','RC/000449/19-20','2019-04-16','being the due fees recd.','',NULL,'0000-00-00 00:00:00','','RC','1','1','1','2','0',NULL,NULL,NULL,'6000.00','6000.00'),('449','CN/000450/19-20','2019-04-16','due fees recd.fromMd.Aman Kabir','',NULL,'0000-00-00 00:00:00','','CN','1','1','1','2','0',NULL,NULL,NULL,'6000.00','6000.00'),('450','RC/000451/19-20','2019-04-16','due fees recd.','',NULL,'0000-00-00 00:00:00','','RC','1','1','1','2','0',NULL,NULL,NULL,'7000.00','7000.00'),('451','CN/000452/19-20','2019-04-16','due fees recd.from Satyaki Ghosh','',NULL,'0000-00-00 00:00:00','','CN','1','1','1','2','0',NULL,NULL,NULL,'7000.00','7000.00'),('452','JV/000453/19-20','2019-04-18','being the fees recd by cash','',NULL,'0000-00-00 00:00:00','','JV','1','1','1','2','0','Y',NULL,NULL,'16000.00','16000.00'),('453','RC/000454/19-20','2019-04-18','being the fees recd by cash','',NULL,'0000-00-00 00:00:00','','RC','1','1','1','2','0','Y',NULL,NULL,'9000.00','9000.00'),('454','CN/000455/19-20','2019-04-18','fees recd.from Rachit Das','',NULL,'0000-00-00 00:00:00','','CN','1','1','1','2','0',NULL,NULL,NULL,'9000.00','9000.00'),('455','RC/000456/19-20','2019-04-18','fees recd.','',NULL,'0000-00-00 00:00:00','','RC','1','1','1','2','0',NULL,NULL,NULL,'2000.00','2000.00'),('456','CN/000457/19-20','2019-04-18','fees recd.from Ramajay Das','',NULL,'0000-00-00 00:00:00','','CN','1','1','1','2','0',NULL,NULL,NULL,'2000.00','2000.00'),('457','RC/000458/19-20','2019-04-18','due fees recd.','',NULL,'0000-00-00 00:00:00','','RC','1','1','1','2','0',NULL,NULL,NULL,'5000.00','5000.00'),('458','CN/000459/19-20','2019-04-18','due fees recd.from Supratim Halder','',NULL,'0000-00-00 00:00:00','','CN','1','1','1','2','0',NULL,NULL,NULL,'5000.00','5000.00'),('459','RC/000460/19-20','2019-04-18','fees recd.','',NULL,'0000-00-00 00:00:00','','RC','1','1','1','2','0',NULL,NULL,NULL,'5500.00','5500.00'),('460','CN/000461/19-20','2019-04-18','fees recd.from Aaradhya Rajak','',NULL,'0000-00-00 00:00:00','','CN','1','1','1','2','0',NULL,NULL,NULL,'5500.00','5500.00'),('461','CN/000462/18-19','2018-12-12','being the fees recd.from Anuradha Sikder','',NULL,'0000-00-00 00:00:00','','CN','1','1','1','1','0',NULL,NULL,NULL,'16000.00','16000.00'),('462','CN/000463/18-19','2019-01-10','fees recd.from Swarnadipta Kar','',NULL,'0000-00-00 00:00:00','','CN','1','1','1','1','0',NULL,NULL,NULL,'10000.00','10000.00'),('463','CN/000464/18-19','2019-03-20','fees recd.from Swarnadipta Kar','',NULL,'0000-00-00 00:00:00','','CN','1','1','1','1','0',NULL,NULL,NULL,'2000.00','2000.00'),('464','RC/000465/19-20','2019-03-20','due fees recd.','',NULL,'0000-00-00 00:00:00','','RC','1','1','1','1','0',NULL,NULL,NULL,'2000.00','2000.00'),('465','RC/000466/19-20','2019-04-18','being the monthly fees recd.',NULL,NULL,'0000-00-00 00:00:00','','RC','1','1','1','2','0','N','GV','Neer Shaw,Class- VI','1950.00','1950.00'),('466','CN/000467/19-20','2019-04-18','being the monthly fees recd.fro Neer Shaw','',NULL,'0000-00-00 00:00:00','','CN','1','1','1','2','0',NULL,NULL,NULL,'1950.00','1950.00'),('467','JV/000468/19-20','2019-04-18','being the monthly fees recd.for the month of April','',NULL,'0000-00-00 00:00:00','','JV','1','1','1','2','0','N','JV',NULL,'1950.00','1950.00'),('468','CN/000469/19-20','2019-04-23','being the monthly fees recd.for the month of April - Ayesha Bose','',NULL,'0000-00-00 00:00:00','','CN','1','1','1','2','0',NULL,NULL,NULL,'9660.00','9660.00'),('469','JV/000470/19-20','2019-04-23','being the monthly fees recd.for the month of April','',NULL,'0000-00-00 00:00:00','','JV','1','1','1','2','0','N','JV',NULL,'9660.00','9660.00'),('470','RC/000471/19-20','2019-04-23','being the monthly fees recd.for the month of April,May,June,July,August,September & October',NULL,NULL,'0000-00-00 00:00:00','','RC','1','1','1','2','0','N','GV','Ayesh Bose,Class-UKG','9660.00','9660.00'),('471','JV/000472/19-20','2019-04-01','being the due fees adjusted','',NULL,'0000-00-00 00:00:00','','JV','1','1','1','2','0','N','JV',NULL,'5000.00','5000.00'),('472','JV/000473/19-20','2019-04-25','','',NULL,'0000-00-00 00:00:00','','JV','1','1','1','2','0','Y',NULL,NULL,'17530.00','17530.00'),('473','RC/000474/19-20','2019-04-25','','',NULL,'0000-00-00 00:00:00','','RC','1','1','1','2','0','Y',NULL,NULL,'10000.00','10000.00'),('474','CN/000475/19-20','2019-04-25','being the fees recd.from taniya Dey,Class-III','',NULL,'0000-00-00 00:00:00','','CN','1','1','1','2','0',NULL,NULL,NULL,'10000.00','10000.00');

/*Table structure for table `voucher_srl_master` */

CREATE TABLE `voucher_srl_master` (
  `id` int(11) NOT NULL AUTO_INCREMENT,
  `srl_no` int(11) DEFAULT NULL,
  `school_id` int(11) DEFAULT NULL,
  `acd_session_id` int(11) DEFAULT NULL,
  `create_dt` timestamp NOT NULL DEFAULT CURRENT_TIMESTAMP ON UPDATE CURRENT_TIMESTAMP,
  PRIMARY KEY (`id`)
) ENGINE=InnoDB AUTO_INCREMENT=2 DEFAULT CHARSET=latin1;

/*Data for the table `voucher_srl_master` */

insert  into `voucher_srl_master`(`id`,`srl_no`,`school_id`,`acd_session_id`,`create_dt`) values ('1','476','1','1','2019-04-25 12:49:46');

/*Table structure for table `week_master` */

CREATE TABLE `week_master` (
  `id` int(10) NOT NULL AUTO_INCREMENT,
  `days_name` varchar(15) DEFAULT NULL,
  `short_name` varchar(3) DEFAULT NULL,
  PRIMARY KEY (`id`)
) ENGINE=InnoDB AUTO_INCREMENT=8 DEFAULT CHARSET=utf8;

/*Data for the table `week_master` */

insert  into `week_master`(`id`,`days_name`,`short_name`) values ('1','Monday','Mon'),('2','Tuesday','Tue'),('3','Wednesday','Wed'),('4','Thursday','Thu'),('5','Friday','Fri'),('6','Saturday','Sat'),('7','Sunday','Sun');

/* Procedure structure for procedure `sp_closingbalancetransfer` */

DELIMITER $$

/*!50003 CREATE DEFINER=`newvistaacademy`@`localhost` PROCEDURE `sp_closingbalancetransfer`(
		school_id INT,
		toyearId INT,
		YearId INT,
		fromDate DATETIME,
		toDate DATETIME,
		fiscalstartdate DATETIME,
		AcdmSessionId INT
)
BEGIN
DECLARE totdebit DECIMAL(12,2);
  DECLARE totcredit DECIMAL(12,2);
  DECLARE AccountId INT;
  DECLARE AccountName VARCHAR(50);
  DECLARE OpeningBalance DECIMAL(12,2);
  DECLARE ClosingBalance DECIMAL(12,2);
  DECLARE amount DECIMAL(12,2);
  DECLARE isdebit BIT;
  DECLARE balance DECIMAL(12,2);
  DECLARE ismaster BIT;
  
  DECLARE totdebit_String VARCHAR(50);
  DECLARE totcredit_String VARCHAR(50);
  DECLARE balance_String DECIMAL(12,2);
  DECLARE opbal DECIMAL(12,2);
  -- closing balance variable 01-12-2016
    DECLARE debitBalance DECIMAL(12,2);
	DECLARE creditBalance DECIMAL(12,2);
  -- closing balance variable 01-12-2016
  DECLARE exit_loop BOOLEAN;
DECLARE MYCURSOR CURSOR FOR
        SELECT AM.account_name, IFNULL(account_opening_master.opening_balance,0) AS opening,AM.account_id
        FROM account_master AM
        LEFT JOIN account_opening_master 
        ON  AM.account_id = account_opening_master.account_master_id AND account_opening_master.accnt_year_id =YearId
        INNER JOIN group_master ON AM.`group_id` = group_master.`id`
        WHERE AM.school_id=school_id 
        AND group_master.`main_category` ='B'  
        ORDER BY AM.account_name;
        
DECLARE CONTINUE HANDLER FOR NOT FOUND SET exit_loop = TRUE;
   
DROP TEMPORARY TABLE IF EXISTS finaltab;
CREATE TEMPORARY TABLE IF NOT EXISTS finaltab
( 
_AccountId INT(20),
_totalOpening DECIMAL(12,2),
_totalTransDebit DECIMAL(12,2),
_totalTransCredit DECIMAL(12,2),
_totalClosingDebit DECIMAL(12,2),
_totalClosingCredit DECIMAL(12,2),
_AccountName VARCHAR(100)
);
DELETE FROM `account_opening_master` WHERE `account_opening_master`.`school_id`=school_id 
AND `account_opening_master`.`accnt_year_id`=toyearId ;
   
OPEN MYCURSOR;
account_master: LOOP
FETCH  MYCURSOR INTO AccountName,OpeningBalance,AccountId;
  SET balance :=OpeningBalance;
  SET opbal := OpeningBalance;
  
   IF fromDate > fiscalstartdate THEN
      SET totdebit:=  (SELECT  IFNULL(SUM(VD.voucher_amount ),0) 
					FROM voucher_detail VD
					INNER JOIN voucher_master VM
					ON VD.voucher_master_id =VM.id
					AND VD.is_debit ='Y' AND VD.account_master_id =AccountId
					AND VM.voucher_date >= fiscalstartdate AND VM.voucher_date < fromDate
					AND VM.school_id =school_id
					AND VM.accnt_year_id =YearId);
      
      SET totcredit:=  (SELECT  IFNULL(SUM(VD.voucher_amount),0) 
					FROM voucher_detail VD
					INNER JOIN voucher_master VM
					ON VD.voucher_master_id =VM.id
					AND VD.is_debit ='N' AND VD.account_master_id =AccountId
					AND VM.voucher_date >= fiscalstartdate AND VM.voucher_date < fromDate
					AND VM.school_id =school_id
					AND VM.accnt_year_id =YearId);
          
          SET balance := balance + totdebit - totcredit;
					SET totcredit:=0;
					SET totdebit:=0;
      
   
   END IF;
   
   SET totdebit:=  (SELECT  IFNULL(SUM(VD.voucher_amount),0) 
					FROM voucher_detail VD
					INNER JOIN voucher_master VM
					ON VD.voucher_master_id =VM.id
					AND VD.is_debit ='Y' AND VD.account_master_id =AccountId
					AND VM.voucher_date  BETWEEN fromDate AND toDate
					AND VM.school_id =school_id
					AND VM.accnt_year_id =YearId);
          
     SET totcredit:=  (SELECT  IFNULL(SUM(VD.voucher_amount),0) 
					FROM voucher_detail VD
					INNER JOIN voucher_master VM
					ON VD.voucher_master_id =VM.id
					AND VD.is_debit ='N' AND VD.account_master_id =AccountId
					AND VM.voucher_date  BETWEEN fromDate AND toDate
					AND VM.school_id =school_id
					AND VM.accnt_year_id =YearId);      
          
    SET balance:= balance + totdebit - totcredit;
    IF exit_loop THEN
         CLOSE MYCURSOR;
         LEAVE account_master;
     END IF;
	 
	 
    
			
  INSERT INTO `account_opening_master`
            (`account_master_id`,`opening_balance`,`school_id`,`acdm_session_id`,`accnt_year_id`,created_by)
  VALUES (AccountId, balance,school_id,AcdmSessionId,toyearId,school_id);   
	   
	   SET totcredit:=0;
	   SET totdebit:=0;
        SET balance:=0;
   
   
    
END LOOP account_master;
    END */$$
DELIMITER ;

/* Procedure structure for procedure `st_payment_history` */

DELIMITER $$

/*!50003 CREATE DEFINER=`newvistaacademy`@`localhost` PROCEDURE `st_payment_history`(IN frmdt DATE,
  IN todt DATE,
  IN classid INT,
  IN section INT,
  IN studentid INT,
  IN schoolid INT,
  IN acd_sesid INT)
BEGIN
 DELETE FROM temp_table_payment;
  IF studentid != 0 
  THEN
  INSERT INTO temp_table_payment(payment_master_id,classname,studentname,section,roll,payment_date,memono,amount,paid,due) 
    
    SELECT 
	payment_master.payment_id,
	class_master.classname,
	student_master.name,
	section_master.section,
	academic_details.rollno,
	#payment_master.payment_date,
	DATE_FORMAT(payment_master.payment_date, '%d-%m-%Y'),
	payment_master.memono,
	payment_master.total_amount,
	(SELECT SUM(paid_amount) 
	FROM
	  payment_voucher_ref 
	WHERE payment_id = payment_master.payment_id
	  AND voucher_tag = "R")AS paid,
	 (SELECT 
		(SELECT 
		    SUM(paid_amount) 
		  FROM
		    payment_voucher_ref 
		  WHERE payment_id = payment_master.payment_id
		    AND voucher_tag = "J")-
		  SUM(paid_amount)		   
	FROM payment_voucher_ref 
	WHERE payment_id = payment_master.payment_id
	AND voucher_tag = "R")AS Due
	FROM payment_master
	INNER JOIN student_master
	ON student_master.student_id=payment_master.student_id
	INNER JOIN academic_details
	ON academic_details.student_id=payment_master.student_id
	INNER JOIN class_master
	ON class_master.id=academic_details.class_id
	left JOIN section_master
	ON section_master.id=academic_details.section_id
	WHERE payment_master.student_id=studentid
	AND payment_master.`acdm_session_id`=acd_sesid;
ELSE IF classid != 0 AND section != 0
     THEN
  INSERT INTO temp_table_payment(payment_master_id,classname,studentname,section,roll,payment_date,memono,amount,paid,due) 
    
    SELECT 
	payment_master.payment_id,
	class_master.classname,
	student_master.name,
	section_master.section,
	academic_details.rollno,
	#payment_master.payment_date,
	DATE_FORMAT(payment_master.payment_date, '%d-%m-%Y'),
	payment_master.memono,
	payment_master.total_amount,
		(SELECT SUM(paid_amount) 
	FROM
	  payment_voucher_ref 
	WHERE payment_id = payment_master.payment_id
	  AND voucher_tag = "R")AS paid,
	 (SELECT 
		(SELECT 
		    SUM(paid_amount) 
		  FROM
		    payment_voucher_ref 
		  WHERE payment_id = payment_master.payment_id
		    AND voucher_tag = "J")-
		  SUM(paid_amount)		   
	FROM payment_voucher_ref 
	WHERE payment_id = payment_master.payment_id 
	AND voucher_tag = "R")AS Due
	FROM payment_master
	INNER JOIN student_master
	ON student_master.student_id=payment_master.student_id
	INNER JOIN academic_details
	ON academic_details.student_id=payment_master.student_id
	INNER JOIN class_master
	ON class_master.id=academic_details.class_id
	left JOIN section_master
	ON section_master.id=academic_details.section_id
	WHERE academic_details.class_id = classid
	AND academic_details.section_id = section
	AND payment_master.`acdm_session_id`=acd_sesid;
ELSE IF classid != 0
     THEN
  INSERT INTO temp_table_payment(payment_master_id,classname,studentname,section,roll,payment_date,memono,amount,paid,due) 
    
    SELECT 
	payment_master.payment_id,
	class_master.classname,
	student_master.name,
	section_master.section,
	academic_details.rollno,
	#payment_master.payment_date,
	DATE_FORMAT(payment_master.payment_date, '%d-%m-%Y'),
	payment_master.memono,
	payment_master.total_amount,
		(SELECT SUM(paid_amount) 
	FROM
	  payment_voucher_ref 
	WHERE payment_id = payment_master.payment_id
	  AND voucher_tag = "R")AS paid,
	 (SELECT 
		(SELECT 
		    SUM(paid_amount) 
		  FROM
		    payment_voucher_ref 
		  WHERE payment_id = payment_master.payment_id
		    AND voucher_tag = "J")-
		  SUM(paid_amount)		   
	FROM payment_voucher_ref 
	WHERE payment_id = payment_master.payment_id
	AND voucher_tag = "R")AS Due
	FROM payment_master
	INNER JOIN student_master
	ON student_master.student_id=payment_master.student_id
	INNER JOIN academic_details
	ON academic_details.student_id=payment_master.student_id
	INNER JOIN class_master
	ON class_master.id=academic_details.class_id
	left JOIN section_master
	ON section_master.id=academic_details.section_id
	WHERE academic_details.class_id = classid
	AND payment_master.`acdm_session_id`=acd_sesid;
	
	
ELSE
	
	INSERT INTO temp_table_payment(payment_master_id,classname,studentname,section,roll,payment_date,memono,amount,paid,due) 
    
        SELECT 
	payment_master.payment_id,
	class_master.classname,
	student_master.name,
	section_master.section,
	academic_details.rollno,
	#payment_master.payment_date,
	DATE_FORMAT(payment_master.payment_date, '%d-%m-%Y'),
	payment_master.memono,
	payment_master.total_amount,
	(SELECT SUM(paid_amount) 
	FROM
	  payment_voucher_ref 
	WHERE payment_id = payment_master.payment_id
	  AND voucher_tag = "R")AS paid,
	 (SELECT 
		(SELECT 
		    SUM(paid_amount) 
		  FROM
		    payment_voucher_ref 
		  WHERE payment_id = payment_master.payment_id
		    AND voucher_tag = "J")-
		  SUM(paid_amount)		   
	FROM payment_voucher_ref 
	WHERE payment_id = payment_master.payment_id
	AND voucher_tag = "R")AS Due
	FROM payment_master
	INNER JOIN student_master
	ON student_master.student_id=payment_master.student_id
	INNER JOIN academic_details
	ON academic_details.student_id=payment_master.student_id
	INNER JOIN class_master
	ON class_master.id=academic_details.class_id
	left JOIN section_master
	ON section_master.id=academic_details.section_id
	WHERE payment_master.`acdm_session_id`=acd_sesid
	AND payment_master.payment_date BETWEEN frmdt AND todt;
	
	
    
        END IF;
        END IF;
        END IF;
    END */$$
DELIMITER ;

/* Procedure structure for procedure `usp_generalLedgerStyle3` */

DELIMITER $$

/*!50003 CREATE DEFINER=`newvistaacademy`@`localhost` PROCEDURE `usp_generalLedgerStyle3`(
  fromdate DATE,
  todate DATE,
  companyid INT,
  yearid INT,
  accountid INT,
  fiscalStartDate DATE
)
BEGIN
  DECLARE m_opening_balance DECIMAL (18, 2) DEFAULT 0 ;
  DECLARE m_account_opening_master_opening DECIMAL (18, 2) DEFAULT 0 ;
  DECLARE balance DECIMAL (18, 2) DEFAULT 0 ;
  DECLARE totcredit DECIMAL (18, 2) DEFAULT 0 ;
  DECLARE totdebit DECIMAL (18, 2) DEFAULT 0 ;
  DECLARE creditBalance DECIMAL (18, 2) DEFAULT 0 ;
  DECLARE debitBalance DECIMAL (18, 2) DEFAULT 0 ;
  DECLARE v_openingdebitbalance DECIMAL (18, 2) ;
  DECLARE v_openingcreditbalance DECIMAL (18, 2) ;
  DROP TEMPORARY TABLE IF EXISTS TempTable1 ;
  CREATE TEMPORARY TABLE TempTable1 (
    vchId INT,
    vchNumber VARCHAR (50),
    debitamount DECIMAL (12, 2),
    creditamount DECIMAL (12, 2),
    isdebit CHAR(1),
    Naration TEXT,
    VchType VARCHAR (50),
    VchDate DATE,
    VchAccountDetailscrdrtag TEXT,
    VchAccountDetailsAccountName TEXT,
    VchAccountDetailsAmount TEXT
  ) ;
  BEGIN
    SET v_openingdebitbalance := 0 ;
    SET v_openingcreditbalance := 0 ;
    SET m_account_opening_master_opening = 
    (SELECT 
      `account_opening_master`.`opening_balance` 
    FROM
      `account_opening_master` 
      INNER JOIN `account_master` 
        ON `account_opening_master`.`account_master_id` = `account_master`.`account_id` 
    WHERE `account_master`.`school_id` = companyid 
      AND `account_opening_master`.`accnt_year_id` = yearid 
      AND `account_master`.`account_id` = accountid) ;
    IF fromdate > fiscalStartDate 
    THEN 
    SELECT 
      SUM(IFNULL(vd.`voucher_amount`, 0)) INTO v_openingdebitbalance 
    FROM
      voucher_detail vd 
      INNER JOIN voucher_master vm 
        ON vm.id = vd.`voucher_master_id` 
    WHERE vd.`account_master_id` = accountId 
      AND (
        vm.`voucher_date` >= fiscalStartDate 
        AND vm.`voucher_date` < fromdate
      ) 
      AND vm.`school_id` = companyid 
      AND vm.`accnt_year_id` = yearid 
      AND vd.`is_debit` = 'Y' 
    GROUP BY vd.`account_master_id` 
    ORDER BY vd.`account_master_id` ;
    SELECT 
      SUM(IFNULL(vd.`voucher_amount`, 0)) INTO v_openingcreditbalance 
    FROM
      voucher_detail vd 
      INNER JOIN voucher_master vm 
        ON vm.id = vd.`voucher_master_id` 
    WHERE vd.`account_master_id` = accountId 
      AND (
        vm.`voucher_date` >= fiscalStartDate 
        AND vm.`voucher_date` < fromdate
      ) 
      AND vm.`school_id` = companyid 
      AND vm.`accnt_year_id` = yearid 
      AND vd.`is_debit` = 'N' 
    GROUP BY vd.`account_master_id` 
    ORDER BY vd.`account_master_id` ;
    END IF ;
    SET m_opening_balance := 0 ;
    SET m_opening_balance := m_account_opening_master_opening + (
      v_openingdebitbalance - v_openingcreditbalance
    ) ;
    IF m_opening_balance > 0 
    THEN 
    INSERT INTO `TempTable1` (
      `vchId`,
      `vchNumber`,
      `debitamount`,
      `creditamount`,
      `isdebit`,
      `Naration`,
      `VchType`,
      `VchDate`,
      `VchAccountDetailscrdrtag`,
      `VchAccountDetailsAccountName`,
      `VchAccountDetailsAmount`
    ) 
    VALUES
      (
        0,
        'Opening',
        m_opening_balance,
        0,
        'Y',
        'Opening',
        'Opening',
        fromdate,
        'Dr',
        '',
        ''
      ) ;
    ELSE SET m_opening_balance = m_opening_balance * - 1 ;
    INSERT INTO `TempTable1` (
      `vchId`,
      `vchNumber`,
      `debitamount`,
      `creditamount`,
      `isdebit`,
      `Naration`,
      `VchType`,
      `VchDate`,
      `VchAccountDetailscrdrtag`,
      `VchAccountDetailsAccountName`,
      `VchAccountDetailsAmount`
    ) 
    VALUES
      (
        0,
        'Opening',
        0,
        m_opening_balance,
        'N',
        'Opening',
        'Opening',
        fromdate,
        'Cr',
        '',
        ''
      ) ;
    END IF ;
  END ;
  INSERT INTO `TempTable1` (
    `vchId`,
    `vchNumber`,
    `debitamount`,
    `creditamount`,
    `isdebit`,
    `Naration`,
    `VchType`,
    `VchDate`,
    `VchAccountDetailscrdrtag`,
    `VchAccountDetailsAccountName`,
    `VchAccountDetailsAmount`
  ) 
  SELECT 
    vm.id,
    vm.`voucher_number`,
    (
      CASE
        WHEN vd.`is_debit` = 'Y' 
        THEN vd.`voucher_amount` 
        ELSE 0 
      END
    ) AS debitedamount,
    (
      CASE
        WHEN vd.`is_debit` = 'N' 
        THEN vd.`voucher_amount` 
        ELSE 0 
      END
    ) AS creditedamount,
    vd.`is_debit`,
    vm.`narration`,
    CASE
      WHEN vm.`transaction_type` = 'PY' 
      THEN 'Payment' 
      WHEN vm.transaction_type = 'SL' 
      THEN 'Sales' 
      WHEN vm.transaction_type = 'PR' 
      THEN 'Purchase' 
      WHEN vm.transaction_type = 'RC' 
      THEN 'Receipt' 
      WHEN vm.transaction_type = 'CN' 
      THEN 'Contra' 
      WHEN vm.transaction_type = 'JV' 
      THEN 'Journal' 
      WHEN vm.transaction_type = 'GV' 
      THEN 'General' 
      WHEN vm.transaction_type = 'RP' 
      THEN 'Purchase' 
      WHEN vm.transaction_type = 'RS' 
      THEN 'Sales' 
      WHEN vm.transaction_type = 'VADV' 
      THEN 'Advance' 
      WHEN vm.transaction_type = 'CADV' 
      THEN 'Advance' 
    END AS trantype,
    vm.`voucher_date`,
    (SELECT 
      GROUP_CONCAT(voucher_detail.`is_debit`) 
    FROM
      voucher_detail 
    WHERE voucher_detail.`voucher_master_id` = vm.id 
      AND voucher_detail.`account_master_id` <> accountid) AS crDrTag,
    (SELECT 
      GROUP_CONCAT(account_master.`account_name`) 
    FROM
      voucher_detail 
      INNER JOIN `account_master` 
        ON voucher_detail.`account_master_id` = account_master.`account_id` 
    WHERE voucher_detail.`voucher_master_id` = vm.id 
      AND voucher_detail.`account_master_id` <> accountid) AS associate_assoc,
    (SELECT 
      GROUP_CONCAT(
        voucher_detail.`voucher_amount`
      ) 
    FROM
      voucher_detail 
    WHERE voucher_detail.`voucher_master_id` = vm.id 
      AND voucher_detail.`account_master_id` <> accountid) AS amount_assoc 
  FROM
    `voucher_master` vm 
    INNER JOIN `voucher_detail` vd 
      ON `vm`.`id` = `vd`.`voucher_master_id` 
  WHERE `vd`.`account_master_id` = accountid 
    AND vm.`school_id` = companyid 
    AND vm.`accnt_year_id` = yearid 
    AND vm.`voucher_date` BETWEEN fromdate 
    AND todate ;
  SELECT 
    * 
  FROM
    TempTable1 ;
END */$$
DELIMITER ;

/* Procedure structure for procedure `usp_TrialBalance` */

DELIMITER $$

/*!50003 CREATE DEFINER=`newvistaacademy`@`localhost` PROCEDURE `usp_TrialBalance`(
		CompanyId INT,
		YearId INT,
		fromDate DATETIME,
		toDate DATETIME,
		fiscalstartdate DATETIME
    )
BEGIN
DECLARE totdebit DECIMAL(12,2);
	  DECLARE totcredit DECIMAL(12,2);
	  DECLARE AccountId INT;
	  DECLARE AccountName VARCHAR(50);
	  DECLARE OpeningBalance DECIMAL(12,2);
	  DECLARE ClosingBalance DECIMAL(12,2);
	  DECLARE amount DECIMAL(12,2);
	  DECLARE isdebit BIT;
	  DECLARE balance DECIMAL(12,2);
	  DECLARE ismaster BIT;
	  
	  DECLARE totdebit_String VARCHAR(50);
	  DECLARE totcredit_String VARCHAR(50);
	  DECLARE balance_String DECIMAL(12,2);
	  DECLARE opbal DECIMAL(12,2);
	  -- closing balance variable 01-12-2016
	    DECLARE debitBalance DECIMAL(12,2);
	    DECLARE creditBalance DECIMAL(12,2);
	  -- closing balance variable 01-12-2016
	  DECLARE exit_loop BOOLEAN;
	DECLARE MYCURSOR CURSOR FOR
		SELECT AM.account_name, IFNULL(account_opening_master.opening_balance,0) AS opening,AM.account_id
		FROM account_master AM
		LEFT JOIN account_opening_master ON  AM.account_id = account_opening_master.account_master_id 
		AND account_opening_master.accnt_year_id =YearId
		WHERE AM.school_id=CompanyId 
		ORDER BY AM.account_name;
        
	DECLARE CONTINUE HANDLER FOR NOT FOUND SET exit_loop = TRUE;
	
	DROP TEMPORARY TABLE IF EXISTS finaltab;
	CREATE TEMPORARY TABLE IF NOT EXISTS finaltab
	( 
	_totalOpening DECIMAL(12,2),
	_totalTransDebit DECIMAL(12,2),
	_totalTransCredit DECIMAL(12,2),
	_totalClosingDebit DECIMAL(12,2),
	_totalClosingCredit DECIMAL(12,2),
	_AccountName VARCHAR(100)
	);
	
	   
	OPEN MYCURSOR;
	account_master: LOOP
	FETCH  MYCURSOR INTO AccountName,OpeningBalance,AccountId;
	  SET balance :=OpeningBalance;
	  SET opbal := OpeningBalance;
	  
	   IF fromDate > fiscalstartdate THEN
	      SET totdebit:=  (SELECT  IFNULL(SUM(VD.voucher_amount ),0) 
						FROM voucher_detail VD
						INNER JOIN voucher_master VM
						ON VD.voucher_master_id =VM.id
						AND VD.is_debit ='Y' AND VD.account_master_id =AccountId
						AND VM.voucher_date >= fiscalstartdate AND VM.voucher_date < fromDate
						AND VM.school_id =CompanyId
						AND VM.accnt_year_id =YearId);
	      
	      SET totcredit:=  (SELECT  IFNULL(SUM(VD.voucher_amount),0) 
						FROM voucher_detail VD
						INNER JOIN voucher_master VM
						ON VD.voucher_master_id =VM.id
						AND VD.is_debit ='N' AND VD.account_master_id =AccountId
						AND VM.voucher_date >= fiscalstartdate AND VM.voucher_date < fromDate
						AND VM.school_id =CompanyId
						AND VM.accnt_year_id =YearId);
		  
		  SET balance := balance + totdebit - totcredit;
						SET totcredit:=0;
						SET totdebit:=0;
	      
	   
	   END IF;
	   
	   SET totdebit:=  (SELECT  IFNULL(SUM(VD.voucher_amount),0) 
						FROM voucher_detail VD
						INNER JOIN voucher_master VM
						ON VD.voucher_master_id =VM.id
						AND VD.is_debit ='Y' AND VD.account_master_id =AccountId
						AND VM.voucher_date  BETWEEN fromDate AND toDate
						AND VM.school_id =CompanyId
						AND VM.accnt_year_id =YearId);
		  
	     SET totcredit:=  (SELECT  IFNULL(SUM(VD.voucher_amount),0) 
						FROM voucher_detail VD
						INNER JOIN voucher_master VM
						ON VD.voucher_master_id =VM.id
						AND VD.is_debit ='N' AND VD.account_master_id =AccountId
						AND VM.voucher_date  BETWEEN fromDate AND toDate
						AND VM.school_id =CompanyId
						AND VM.accnt_year_id =YearId);      
		  
	    SET balance:= balance + totdebit - totcredit;
	    IF exit_loop THEN
		 CLOSE MYCURSOR;
		 LEAVE account_master;
	     END IF;
		 
		 
	    IF balance < 0
		THEN
					SET creditBalance:= (balance) *(-1);
					SET debitBalance:=0 ;
		ELSE
				
					SET debitBalance:= balance;
					SET creditBalance:=0;
	    END IF;
			INSERT INTO finaltab (_AccountName,_totalOpening ,_totalTransDebit,_totalTransCredit ,_totalClosingDebit,_totalClosingCredit)
			VALUES(AccountName,OpeningBalance,totdebit,totcredit,debitBalance,creditBalance);
				
			SET totcredit:=0;
			SET totdebit:=0;
		SET balance:=0;
	   
	   
	    
	END LOOP account_master;
	SELECT finaltab._AccountName AS Account,finaltab._totalOpening AS Opening,
		finaltab._totalTransDebit AS Debit,finaltab._totalTransCredit AS Credit,finaltab._totalClosingDebit AS closingDebit,
		finaltab._totalClosingCredit AS closingCredit
	FROM finaltab
	WHERE (finaltab._totalOpening <> 0 OR finaltab._totalTransDebit<>0 OR finaltab._totalTransCredit<>0 OR finaltab._totalClosingDebit <>0
	OR finaltab._totalClosingCredit<>0);
    END */$$
DELIMITER ;

/*!40101 SET SQL_MODE=@OLD_SQL_MODE */;
/*!40014 SET FOREIGN_KEY_CHECKS=@OLD_FOREIGN_KEY_CHECKS */;
/*!40014 SET UNIQUE_CHECKS=@OLD_UNIQUE_CHECKS */;
/*!40111 SET SQL_NOTES=@OLD_SQL_NOTES */;
